drop table monstropoche_attaque;
drop table espece_zone;
drop table espece_type;
drop table objet_zone;
drop table monstropoche;
drop table espece;
drop table etat;
drop table genre;
drop table objet;
drop table zone;
drop table attaque;
drop table type;
drop table proprietaire;

create table proprietaire (
  id int not null,
  nom varchar(255) not null,
  primary key(id)
);
create table type (
  id int not null,
  nom varchar(255) not null,
  primary key(id)
);
create table attaque (
  id int not null,
  type_id int not null,
  nom varchar(255) not null,
  puissance int not null,
  perequis int not null,
  precizion int not null,
  constraint fk_attaque_type foreign key (type_id) references type(id),
  primary key(id)
);
create table zone (id int not null,
  nom varchar(255) not null,
  primary key(id)
);
create table objet (id int not null,
  nom varchar(255) not null,
  est_unique number(1) not null,
  est_defensif number(1),
  est_offensif number(1),
  primary key(id)
);
create table genre (id int not null,
  femelle number(1) not null,
  male number(1) not null,
  primary key(id)
);
create table etat (id int not null,
  nom varchar(255) not null,
  primary key(id)
);
create table espece (
  id int not null,
  objet_id int,
  source_id int,
  nom varchar(255) not null,
  constraint fk_espece_objet foreign key (objet_id) references objet(id),
  constraint fk_espece_espece foreign key (source_id) references espece(id),
  primary key(id)
);
create table monstropoche (id int not null,
  surnom varchar(255) not null,
  proprietaire_id int,
  genre_id int not null,
  etat_id int not null,
  objet_id int,
  espece_id int not null,
  pv int not null,
  pe int not null,
  pv_actuel int not null,
  constraint fk_monstropoche_proprietaire foreign key (proprietaire_id) references proprietaire(id),
  constraint fk_monstropoche_genre foreign key (genre_id) references genre(id),
  constraint fk_monstropoche_etat foreign key (etat_id) references etat(id),
  constraint fk_monstropoche_objet foreign key (objet_id) references objet(id),
  constraint fk_monstropoche_espece foreign key (espece_id) references espece(id),
  primary key(id)
);
create table objet_zone (objet_id int not null,
  zone_id int not null,
  constraint fk_objet_zone_objet foreign key (objet_id) references objet(id),
  constraint fk_objet_zone_zone foreign key (zone_id) references zone(id),
  primary key(objet_id,
  zone_id)
);
create table espece_type (espece_id int not null,
  type_id int not null,
  constraint fk_espece_type_espece foreign key (espece_id) references espece(id),
  constraint fk_espece_type_type foreign key (type_id) references type(id),
  primary key(espece_id,
  type_id)
);
create table espece_zone (espece_id int not null,
  zone_id int not null,
  constraint fk_espece_zone_espece foreign key (espece_id) references espece(id),
  constraint fk_espece_zone_zone foreign key (zone_id) references zone(id),
  primary key(espece_id,
  zone_id)
);
create table monstropoche_attaque (monstropoche_id int not null,
  attaque_id int not null,
  constraint fk_monstropoche_attaque_m foreign key (monstropoche_id) references monstropoche(id),
  constraint fk_monstropoche_attaque_a foreign key (attaque_id) references attaque(id),
  primary key(monstropoche_id,
  attaque_id)
);

delete from monstropoche_attaque;
delete from espece_zone;
delete from espece_type;
delete from objet_zone;
delete from monstropoche;
delete from espece;
delete from etat;
delete from type;
delete from genre;
delete from objet;
delete from attaque;
delete from zone;
delete from proprietaire;
delete from monstropoche_attaque;
delete from espece_zone;
delete from espece_type;
delete from objet_zone;
delete from monstropoche;
delete from espece;
delete from etat;
delete from type;
delete from genre;
delete from objet;
delete from attaque;
delete from zone;
delete from proprietaire;
insert into proprietaire values ( 0,'Célia Rousseau' );
insert into proprietaire values ( 1,'Julie Dufour' );
insert into proprietaire values ( 2,'Evan Blanc' );
insert into proprietaire values ( 3,'Lena Vidal III' );
insert into proprietaire values ( 4,'Thomas Guerin' );
insert into proprietaire values ( 5,'Zoe Cousin' );
insert into proprietaire values ( 6,'M Juliette Poirier' );
insert into proprietaire values ( 7,'Victor Rousseau' );
insert into proprietaire values ( 8,'Clément Blanchard' );
insert into proprietaire values ( 9,'Maxime Charles' );
insert into proprietaire values ( 10,'Laura Garnier Sr.' );
insert into proprietaire values ( 11,'Louna Guillot' );
insert into proprietaire values ( 12,'Anaïs Da silva' );
insert into proprietaire values ( 13,'Camille Dumas' );
insert into proprietaire values ( 14,'Nathan Blanc' );
insert into proprietaire values ( 15,'Mlle Pierre Muller' );
insert into proprietaire values ( 16,'Mme Alexandre Rodriguez' );
insert into proprietaire values ( 17,'Juliette Royer' );
insert into proprietaire values ( 18,'Mathis Dufour' );
insert into proprietaire values ( 19,'Emilie Roger' );
insert into proprietaire values ( 20,'Célia Le roux' );
insert into proprietaire values ( 21,'Sacha Durand' );
insert into proprietaire values ( 22,'Océane Maillard' );
insert into proprietaire values ( 23,'Océane Caron' );
insert into proprietaire values ( 24,'Lena Martin' );
insert into proprietaire values ( 25,'Valentin Marie' );
insert into proprietaire values ( 26,'Maëlys Nguyen' );
insert into proprietaire values ( 27,'Tom Leclerc' );
insert into proprietaire values ( 28,'Antoine Richard' );
insert into proprietaire values ( 29,'Hugo Dupuy' );
insert into proprietaire values ( 30,'Léa Martinez' );
insert into proprietaire values ( 31,'Lucas Bourgeois' );
insert into proprietaire values ( 32,'Léo Thomas' );
insert into proprietaire values ( 33,'Mélissa Sanchez' );
insert into proprietaire values ( 34,'Mélissa Morin' );
insert into proprietaire values ( 35,'Charlotte Louis' );
insert into proprietaire values ( 36,'Mme Noémie Paris' );
insert into proprietaire values ( 37,'Sarah Royer' );
insert into proprietaire values ( 38,'Théo Marchal' );
insert into proprietaire values ( 39,'Juliette Morin' );
insert into proprietaire values ( 40,'Mélissa Dupuy' );
insert into proprietaire values ( 41,'Océane Vasseur' );
insert into proprietaire values ( 42,'Théo Bourgeois' );
insert into proprietaire values ( 43,'Marie Gautier' );
insert into proprietaire values ( 44,'Eva Bourgeois' );
insert into proprietaire values ( 45,'Charlotte Francois' );
insert into proprietaire values ( 46,'Maëlys Roussel' );
insert into proprietaire values ( 47,'Maëlys Nicolas' );
insert into proprietaire values ( 48,'Romane Roy' );
insert into proprietaire values ( 49,'Tom Cousin' );
insert into proprietaire values ( 50,'Romain Renaud' );
insert into proprietaire values ( 51,'Yanis Gautier' );
insert into proprietaire values ( 52,'Jade Vincent' );
insert into proprietaire values ( 53,'Marie Hubert' );
insert into proprietaire values ( 54,'Mélissa Da silva' );
insert into proprietaire values ( 55,'Thomas Marie' );
insert into proprietaire values ( 56,'Mlle Lucas Bonnet' );
insert into proprietaire values ( 57,'Dr Mael Fabre' );
insert into proprietaire values ( 58,'Laura Bertrand' );
insert into proprietaire values ( 59,'Lisa Martinez' );
insert into proprietaire values ( 60,'Mathis Mercier' );
insert into proprietaire values ( 61,'Eva Jean' );
insert into proprietaire values ( 62,'Mélissa Legrand' );
insert into proprietaire values ( 63,'Mlle Romain Roux' );
insert into proprietaire values ( 64,'Julien Dubois' );
insert into proprietaire values ( 65,'Lisa Legrand' );
insert into proprietaire values ( 66,'Valentin Dupuis' );
insert into proprietaire values ( 67,'Maëlle Paris PhD' );
insert into proprietaire values ( 68,'Mélissa Lemaire Jr.' );
insert into proprietaire values ( 69,'Enzo Rolland MD' );
insert into proprietaire values ( 70,'Louna Bourgeois' );
insert into proprietaire values ( 71,'Clara Lopez' );
insert into proprietaire values ( 72,'Emilie Brunet' );
insert into proprietaire values ( 73,'Julien Marie' );
insert into proprietaire values ( 74,'Maëlle Nicolas' );
insert into proprietaire values ( 75,'Camille Bertrand' );
insert into proprietaire values ( 76,'Maxime Nguyen' );
insert into proprietaire values ( 77,'Lou Le gall' );
insert into proprietaire values ( 78,'M Noah Aubert' );
insert into proprietaire values ( 79,'Adrien Rey' );
insert into proprietaire values ( 80,'Charlotte Charles II' );
insert into proprietaire values ( 81,'Hugo Lucas II' );
insert into proprietaire values ( 82,'Louise Masson' );
insert into proprietaire values ( 83,'Pierre Baron' );
insert into proprietaire values ( 84,'Célia Dupont MD' );
insert into proprietaire values ( 85,'Emilie Martin' );
insert into proprietaire values ( 86,'Mlle Maeva Duval' );
insert into proprietaire values ( 87,'Nathan Guyot' );
insert into proprietaire values ( 88,'Mohamed Rodriguez DDS' );
insert into proprietaire values ( 89,'Charlotte Gaillard' );
insert into proprietaire values ( 90,'Anaïs Vasseur' );
insert into proprietaire values ( 91,'Tom Laurent' );
insert into proprietaire values ( 92,'Antoine Rousseau' );
insert into proprietaire values ( 93,'Mme Quentin Remy' );
insert into proprietaire values ( 94,'Dr Mael Joly' );
insert into proprietaire values ( 95,'Lina Bernard' );
insert into proprietaire values ( 96,'Enzo Rousseau' );
insert into proprietaire values ( 97,'Sarah Bernard' );
insert into proprietaire values ( 98,'Emilie Lefevre' );
insert into proprietaire values ( 99,'Paul Francois' );
insert into type values ( 0,'Glace' );
insert into type values ( 1,'Dragon' );
insert into type values ( 2,'Sol' );
insert into type values ( 3,'Plante' );
insert into type values ( 4,'Feu' );
insert into type values ( 5,'Eau' );
insert into type values ( 6,'Électrique' );
insert into type values ( 7,'Psy' );
insert into type values ( 8,'Spectre' );
insert into type values ( 9,'Ténèbre' );
insert into type values ( 10,'Fée' );
insert into type values ( 11,'Acier' );
insert into type values ( 12,'Poison' );
insert into type values ( 13,'Roche' );
insert into type values ( 14,'Combat' );
insert into type values ( 15,'Insecte' );
insert into type values ( 16,'Normal' );
insert into attaque values ( 0,7,'Triplattaque',82,52,18 );
insert into attaque values ( 1,15,'Escalade',118,10,18 );
insert into attaque values ( 2,13,'Morphing',115,5,50 );
insert into attaque values ( 3,4,'Vœu',44,32,52 );
insert into attaque values ( 4,5,'Grobisou',84,70,12 );
insert into attaque values ( 5,8,'Pilonnage',116,91,96 );
insert into attaque values ( 6,7,'Recyclage',202,56,96 );
insert into attaque values ( 7,14,'Regard Médusant',92,19,32 );
insert into attaque values ( 8,12,'E-Coque',8,97,96 );
insert into attaque values ( 9,3,'Constriction',5,77,54 );
insert into attaque values ( 10,16,'Picanon',230,44,31 );
insert into attaque values ( 11,10,'Uppercut',130,34,54 );
insert into attaque values ( 12,10,'Coup de Main',197,97,52 );
insert into attaque values ( 13,5,'Flash',11,42,11 );
insert into attaque values ( 14,0,'Conversion',193,48,34 );
insert into attaque values ( 15,10,'Affûtage',199,50,3 );
insert into attaque values ( 16,4,'Croc de Mort',50,38,61 );
insert into attaque values ( 17,15,'Par Ici',230,53,75 );
insert into attaque values ( 18,1,'Attrition',237,69,93 );
insert into attaque values ( 19,1,'Force-Nature',79,83,78 );
insert into attaque values ( 20,14,'Combo-Griffe',158,27,41 );
insert into attaque values ( 21,8,'Explosion',41,91,55 );
insert into attaque values ( 22,3,'Trempette',28,79,49 );
insert into attaque values ( 23,12,'Exuviation',220,47,21 );
insert into attaque values ( 24,6,'CoudKrâne',134,46,3 );
insert into attaque values ( 25,6,'Météores',143,47,9 );
insert into attaque values ( 26,6,'Relais',71,15,50 );
insert into attaque values ( 27,11,'Rengorgement',190,19,54 );
insert into attaque values ( 28,15,'BoulArmure',109,45,4 );
insert into zone values ( 0,'Morocco' );
insert into zone values ( 1,'Belgium' );
insert into zone values ( 2,'Liechtenstein' );
insert into zone values ( 3,'Svalbard  Jan Mayen Islands' );
insert into zone values ( 4,'Niger' );
insert into zone values ( 5,'Djibouti' );
insert into zone values ( 6,'Nauru' );
insert into zone values ( 7,'French Polynesia' );
insert into zone values ( 8,'Lao Peoples Democratic Republic' );
insert into zone values ( 9,'Cyprus' );
insert into zone values ( 10,'Mexico' );
insert into zone values ( 11,'Madagascar' );
insert into zone values ( 12,'Palestinian Territory' );
insert into zone values ( 13,'Afghanistan' );
insert into zone values ( 14,'Venezuela' );
insert into zone values ( 15,'Barbados' );
insert into zone values ( 16,'Bermuda' );
insert into zone values ( 17,'Norway' );
insert into zone values ( 18,'Bangladesh' );
insert into zone values ( 19,'Mauritania' );
insert into zone values ( 20,'Guernsey' );
insert into zone values ( 21,'Aruba' );
insert into zone values ( 22,'Macao' );
insert into zone values ( 23,'Cambodia' );
insert into zone values ( 24,'Benin' );
insert into zone values ( 25,'Honduras' );
insert into zone values ( 26,'Greenland' );
insert into zone values ( 27,'Dominica' );
insert into zone values ( 28,'Guinea' );
insert into zone values ( 29,'Nicaragua' );
insert into zone values ( 30,'Faroe Islands' );
insert into zone values ( 31,'Gibraltar' );
insert into zone values ( 32,'Turks and Caicos Islands' );
insert into zone values ( 33,'Georgia' );
insert into zone values ( 34,'Moldova' );
insert into zone values ( 35,'Northern Mariana Islands' );
insert into zone values ( 36,'Isle of Man' );
insert into zone values ( 37,'Monaco' );
insert into zone values ( 38,'Iraq' );
insert into zone values ( 39,'United States of America' );
insert into zone values ( 40,'Kazakhstan' );
insert into zone values ( 41,'Tanzania' );
insert into zone values ( 42,'Mauritius' );
insert into zone values ( 43,'Costa Rica' );
insert into zone values ( 44,'Senegal' );
insert into zone values ( 45,'Canada' );
insert into zone values ( 46,'Luxembourg' );
insert into zone values ( 47,'Malta' );
insert into zone values ( 48,'Botswana' );
insert into zone values ( 49,'Nepal' );
insert into zone values ( 50,'Japan' );
insert into zone values ( 51,'Netherlands Antilles' );
insert into zone values ( 52,'Somalia' );
insert into zone values ( 53,'Oman' );
insert into zone values ( 54,'Singapore' );
insert into zone values ( 55,'Andorra' );
insert into zone values ( 56,'Israel' );
insert into zone values ( 57,'Cuba' );
insert into zone values ( 58,'Antigua and Barbuda' );
insert into zone values ( 59,'United Arab Emirates' );
insert into zone values ( 60,'Guyana' );
insert into zone values ( 61,'Macedonia' );
insert into zone values ( 62,'Montserrat' );
insert into zone values ( 63,'Bhutan' );
insert into zone values ( 64,'Paraguay' );
insert into zone values ( 65,'Iceland' );
insert into zone values ( 66,'Spain' );
insert into zone values ( 67,'Bolivia' );
insert into zone values ( 68,'Democratic Peoples Republic of Korea' );
insert into zone values ( 69,'Saint Helena' );
insert into zone values ( 70,'Sierra Leone' );
insert into zone values ( 71,'Tonga' );
insert into zone values ( 72,'Uruguay' );
insert into zone values ( 73,'Ghana' );
insert into zone values ( 74,'Bahrain' );
insert into zone values ( 75,'Jamaica' );
insert into zone values ( 76,'Ecuador' );
insert into zone values ( 77,'Samoa' );
insert into zone values ( 78,'Sudan' );
insert into zone values ( 79,'Bosnia and Herzegovina' );
insert into zone values ( 80,'Belize' );
insert into zone values ( 81,'Equatorial Guinea' );
insert into zone values ( 82,'Burundi' );
insert into zone values ( 83,'Latvia' );
insert into zone values ( 84,'Thailand' );
insert into zone values ( 85,'Hungary' );
insert into zone values ( 86,'Republic of Korea' );
insert into zone values ( 87,'Chile' );
insert into objet values ( 0,'Défense +',0,0,0 );
insert into objet values ( 1,'Muscle +',0,1,1 );
insert into objet values ( 2,'Défense Spéc',1,1,1 );
insert into objet values ( 3,'Déf. Spé. +',0,0,0 );
insert into objet values ( 4,'Attaque +',1,1,0 );
insert into objet values ( 5,'Spécial +',1,0,0 );
insert into objet values ( 6,'Précision +',1,0,0 );
insert into objet values ( 7,'Vitesse +',1,1,0 );
insert into objet values ( 8,'Baie Tamato',1,0,1 );
insert into objet values ( 9,'Baie Résin',1,0,0 );
insert into objet values ( 10,'Baie Lonme',1,0,1 );
insert into objet values ( 11,'Baie Qualot',0,1,0 );
insert into objet values ( 12,'Baie Alga',1,0,0 );
insert into objet values ( 13,'Baie Grena',1,0,1 );
insert into objet values ( 14,'Baie Mepo',0,1,0 );
insert into objet values ( 15,'Baie Willia',0,0,0 );
insert into objet values ( 16,'Baie Fraive',1,0,1 );
insert into objet values ( 17,'Baie Pêcha',1,1,0 );
insert into objet values ( 18,'Baie Maron',0,0,1 );
insert into objet values ( 19,'Baie Oran',1,1,1 );
insert into genre values ( 0,0,0 );
insert into genre values ( 1,0,1 );
insert into genre values ( 2,1,1 );
insert into genre values ( 3,1,0 );
insert into etat values ( 0,'Mission' );
insert into etat values ( 1,'Repos' );
insert into etat values ( 2,'Reproduction' );
insert into espece values ( 0,null,null,'Bulbizarre' );
insert into espece values ( 1,null,0,'Chenipan' );
insert into espece values ( 2,null,null,'Voltorbe' );
insert into espece values ( 3,18,1,'Électrode' );
insert into espece values ( 4,null,null,'Nœunœuf' );
insert into espece values ( 5,null,null,'Noadkoko' );
insert into espece values ( 6,null,null,'Osselait' );
insert into espece values ( 7,null,null,'Ossatueur' );
insert into espece values ( 8,null,null,'Kicklee' );
insert into espece values ( 9,null,null,'Tygnon' );
insert into espece values ( 10,null,null,'Excelangue' );
insert into espece values ( 11,null,null,'Smogo' );
insert into espece values ( 12,null,null,'Chrysacier' );
insert into espece values ( 13,null,null,'Smogogo' );
insert into espece values ( 14,null,null,'Rhinocorne' );
insert into espece values ( 15,null,null,'Rhinoféros' );
insert into espece values ( 16,8,null,'Leveinard' );
insert into espece values ( 17,null,null,'Saquedeneu' );
insert into espece values ( 18,null,null,'Kangourex' );
insert into espece values ( 19,null,null,'Hypotrempe' );
insert into espece values ( 20,null,null,'Hypocéan' );
insert into espece values ( 21,18,14,'Poissirène' );
insert into espece values ( 22,null,null,'Poissoroy' );
insert into espece values ( 23,null,null,'Papilusion' );
insert into espece values ( 24,null,null,'Stari' );
insert into espece values ( 25,7,null,'Staross' );
insert into espece values ( 26,null,null,'M.Mime' );
insert into espece values ( 27,null,null,'Insécateur' );
insert into espece values ( 28,null,null,'Lippoutou' );
insert into espece values ( 29,null,null,'Élektek' );
insert into espece values ( 30,null,null,'Magmar' );
insert into espece values ( 31,null,null,'Scarabrute' );
insert into espece values ( 32,null,8,'Tauros' );
insert into espece values ( 33,null,null,'Magicarpe' );
insert into espece values ( 34,null,null,'Aspicot' );
insert into espece values ( 35,null,null,'Léviator' );
insert into espece values ( 36,null,null,'Lokhlass' );
insert into espece values ( 37,12,null,'Métamorph' );
insert into espece values ( 38,null,null,'Évoli' );
insert into espece values ( 39,null,null,'Aquali' );
insert into espece values ( 40,null,null,'Voltali' );
insert into espece values ( 41,null,null,'Pyroli' );
insert into espece values ( 42,null,15,'Porygon' );
insert into espece values ( 43,null,null,'Amonita' );
insert into espece values ( 44,null,null,'Amonistar' );
insert into espece values ( 45,null,null,'Coconfort' );
insert into espece values ( 46,null,null,'Kabuto' );
insert into espece values ( 47,null,null,'Kabutops' );
insert into espece values ( 48,null,null,'Ptéra' );
insert into espece values ( 49,null,null,'Ronflex' );
insert into espece values ( 50,null,4,'Artikodin' );
insert into espece values ( 51,null,12,'Électhor' );
insert into espece values ( 52,null,null,'Sulfura' );
insert into espece values ( 53,null,null,'Minidraco' );
insert into espece values ( 54,null,null,'Draco' );
insert into espece values ( 55,null,null,'Dracolosse' );
insert into espece values ( 56,null,null,'Dardargnan' );
insert into espece values ( 57,null,null,'Mewtwo' );
insert into espece values ( 58,null,null,'Mew' );
insert into espece values ( 59,null,null,'Roucool' );
insert into espece values ( 60,null,null,'Roucoups' );
insert into espece values ( 61,null,null,'Roucarnage' );
insert into espece values ( 62,null,null,'Rattata' );
insert into espece values ( 63,null,null,'Herbizarre' );
insert into espece values ( 64,null,8,'Rattatac' );
insert into espece values ( 65,null,null,'Piafabec' );
insert into espece values ( 66,null,null,'Rapasdepic' );
insert into espece values ( 67,null,null,'Abo' );
insert into espece values ( 68,null,null,'Arbok' );
insert into espece values ( 69,null,null,'Pikachu' );
insert into espece values ( 70,null,35,'Raichu' );
insert into espece values ( 71,null,null,'Sabelette' );
insert into espece values ( 72,null,null,'Sablaireau' );
insert into espece values ( 73,null,null,'Nidoran♀' );
insert into espece values ( 74,null,null,'Florizarre' );
insert into espece values ( 75,null,null,'Nidorina' );
insert into espece values ( 76,null,71,'Nidoqueen' );
insert into espece values ( 77,null,null,'Nidoran♂' );
insert into espece values ( 78,null,null,'Nidorino' );
insert into espece values ( 79,null,null,'Nidoking' );
insert into espece values ( 80,null,null,'Mélofée' );
insert into espece values ( 81,null,null,'Mélodelfe' );
insert into espece values ( 82,null,null,'Feunard' );
insert into espece values ( 83,null,null,'Rondoudou' );
insert into espece values ( 84,null,null,'Salamèche' );
insert into espece values ( 85,null,null,'Grodoudou' );
insert into espece values ( 86,null,3,'Nosferapti' );
insert into espece values ( 87,6,null,'Nosferalto' );
insert into espece values ( 88,null,null,'Mystherbe' );
insert into espece values ( 89,null,null,'Ortide' );
insert into espece values ( 90,null,null,'Rafflesia' );
insert into espece values ( 91,null,null,'Paras' );
insert into espece values ( 92,null,null,'Parasect' );
insert into espece values ( 93,null,null,'Mimitoss' );
insert into espece values ( 94,null,null,'Aéromite' );
insert into espece values ( 95,null,null,'Reptincel' );
insert into espece values ( 96,null,null,'Taupiqueur' );
insert into espece values ( 97,null,null,'Triopikeur' );
insert into espece values ( 98,2,null,'Miaouss' );
insert into espece values ( 99,null,82,'Persian' );
insert into espece values ( 100,null,null,'Psykokwak' );
insert into espece values ( 101,null,null,'Akwakwak' );
insert into espece values ( 102,null,null,'Férosinge' );
insert into espece values ( 103,null,null,'Colossinge' );
insert into espece values ( 104,null,null,'Caninos' );
insert into espece values ( 105,null,null,'Arcanin' );
insert into espece values ( 106,null,null,'Dracaufeu' );
insert into espece values ( 107,null,null,'Ptitard' );
insert into espece values ( 108,null,null,'Têtarte' );
insert into espece values ( 109,null,null,'Tartard' );
insert into espece values ( 110,null,null,'Abra' );
insert into espece values ( 111,null,null,'Kadabra' );
insert into espece values ( 112,null,null,'Alakazam' );
insert into espece values ( 113,null,null,'Machoc' );
insert into espece values ( 114,null,null,'Machopeur' );
insert into espece values ( 115,null,null,'Mackogneur' );
insert into espece values ( 116,null,null,'Chétiflor' );
insert into espece values ( 117,null,null,'Carapuce' );
insert into espece values ( 118,null,null,'Boustiflor' );
insert into espece values ( 119,null,null,'Empiflor' );
insert into espece values ( 120,null,null,'Tentacool' );
insert into espece values ( 121,null,null,'Tentacruel' );
insert into espece values ( 122,null,null,'Racaillou' );
insert into espece values ( 123,null,null,'Gravalanch' );
insert into espece values ( 124,null,null,'Grolem' );
insert into espece values ( 125,null,null,'Ponyta' );
insert into espece values ( 126,null,null,'Galopa' );
insert into espece values ( 127,null,null,'Carabaffe' );
insert into espece values ( 128,null,null,'Flagadoss' );
insert into espece values ( 129,null,null,'Magnéton' );
insert into espece values ( 130,null,null,'Canarticho' );
insert into espece values ( 131,null,null,'Dodrio' );
insert into espece values ( 132,null,null,'Otaria' );
insert into espece values ( 133,null,null,'Tadmorv' );
insert into espece values ( 134,null,null,'Grotadmorv' );
insert into espece values ( 135,null,null,'Kokiyas' );
insert into espece values ( 136,null,null,'Crustabri' );
insert into espece values ( 137,null,null,'Spectrum' );
insert into espece values ( 138,null,null,'Ectoplasma' );
insert into espece values ( 139,null,null,'Soporifik' );
insert into espece values ( 140,null,null,'Hypnomade' );
insert into espece values ( 141,null,null,'Krabboss' );
insert into monstropoche values ( 0,'Garfield_Jacobs47',59,1,2,10,61,16,49,3 );
insert into monstropoche values ( 1,'Nicholas.Kuhn',97,0,1,12,59,1,23,1 );
insert into monstropoche values ( 2,'Harmony_Bartoletti23',null,0,0,9,60,27,14,1 );
insert into monstropoche values ( 3,'Coby.McCullough21',null,3,0,9,63,8,50,3 );
insert into monstropoche values ( 4,'Bethany_Lueilwitz',null,2,2,2,76,99,4,3 );
insert into monstropoche values ( 5,'Tommie13',null,2,2,8,97,68,23,61 );
insert into monstropoche values ( 6,'Anahi.Kutch34',94,3,2,15,96,35,75,27 );
insert into monstropoche values ( 7,'Sarina.Kuhlman',null,0,1,16,83,98,66,39 );
insert into monstropoche values ( 8,'Wyatt59',null,0,2,1,45,55,70,50 );
insert into monstropoche values ( 9,'Jerel64',null,2,0,8,102,11,72,4 );
insert into monstropoche values ( 10,'Georgiana78',null,2,0,18,63,31,65,3 );
insert into monstropoche values ( 11,'Karolann.Wisoky26',72,2,0,6,48,44,85,38 );
insert into monstropoche values ( 12,'Dorothy_Douglas90',null,1,1,8,94,16,66,4 );
insert into monstropoche values ( 13,'Armand_Hartmann',8,2,0,10,134,47,97,46 );
insert into monstropoche values ( 14,'Dannie.Bartoletti',null,2,0,3,2,67,16,0 );
insert into monstropoche values ( 15,'Cecil.Schinner22',20,1,1,16,83,39,91,4 );
insert into monstropoche values ( 16,'Josephine.Ferry',null,3,1,11,48,36,91,18 );
insert into monstropoche values ( 17,'Orval.Barrows87',null,2,1,4,103,40,18,40 );
insert into monstropoche values ( 18,'Grover_Reichert86',62,3,0,17,57,54,23,46 );
insert into monstropoche values ( 19,'Chaim39',null,2,0,10,109,44,78,38 );
insert into monstropoche values ( 20,'Javon.Swaniawski40',83,3,2,5,28,15,38,11 );
insert into monstropoche values ( 21,'Emmy59',31,3,1,10,80,98,81,19 );
insert into monstropoche values ( 22,'Krystal.Ziemann81',null,3,2,8,41,69,17,57 );
insert into monstropoche values ( 23,'Elliott_Barton',43,2,2,12,8,30,70,17 );
insert into monstropoche values ( 24,'Lilly_Greenfelder',10,1,1,1,118,28,43,28 );
insert into monstropoche values ( 25,'Pierre85',null,3,1,2,56,65,11,33 );
insert into monstropoche values ( 26,'Moshe_Fay20',null,0,0,10,102,17,52,14 );
insert into monstropoche values ( 27,'Malcolm30',32,3,0,4,68,93,37,50 );
insert into monstropoche values ( 28,'Furman_Cummings66',null,3,1,5,16,67,70,61 );
insert into monstropoche values ( 29,'May.Grant',42,3,0,14,118,5,58,0 );
insert into monstropoche values ( 30,'Wiley.Becker',null,1,2,18,110,76,51,11 );
insert into monstropoche values ( 31,'Amelia_Hills',70,1,2,2,105,52,52,36 );
insert into monstropoche values ( 32,'Mckenna.Gorczany43',null,0,0,6,139,60,5,12 );
insert into monstropoche values ( 33,'Granville46',85,0,2,9,5,38,34,27 );
insert into monstropoche values ( 34,'Virginia_Dibbert41',null,3,2,10,102,97,51,8 );
insert into monstropoche values ( 35,'Bethany.Parisian',null,1,2,10,68,45,39,40 );
insert into monstropoche values ( 36,'Gustave.Haley17',66,0,1,15,140,86,85,0 );
insert into monstropoche values ( 37,'Cruz_Treutel',null,2,2,19,65,28,88,9 );
insert into monstropoche values ( 38,'Harold50',null,3,2,9,71,72,72,17 );
insert into monstropoche values ( 39,'Bridgette95',null,1,1,4,119,90,41,86 );
insert into monstropoche values ( 40,'Vada_Grant',null,0,1,7,24,92,65,12 );
insert into monstropoche values ( 41,'Maddison_Effertz',51,2,0,8,117,82,39,49 );
insert into monstropoche values ( 42,'Aracely11',43,2,0,17,42,26,54,18 );
insert into monstropoche values ( 43,'Nels_Harber',null,2,0,8,45,89,82,64 );
insert into monstropoche values ( 44,'Issac32',92,3,1,16,72,99,78,34 );
insert into monstropoche values ( 45,'Ned_Kessler',null,2,1,6,114,72,67,27 );
insert into monstropoche values ( 46,'Timmy95',null,2,2,2,126,76,1,54 );
insert into monstropoche values ( 47,'Oral.Weber63',null,0,0,5,12,74,56,14 );
insert into monstropoche values ( 48,'Cleo.McGlynn55',46,0,0,1,57,47,83,35 );
insert into monstropoche values ( 49,'Matteo.Harber',null,3,2,15,28,64,94,23 );
insert into monstropoche values ( 50,'Cale98',31,2,1,13,112,40,83,9 );
insert into monstropoche values ( 51,'Ayana.Hilll1',3,3,1,0,115,44,12,21 );
insert into monstropoche values ( 52,'Breana_Shields',null,1,1,18,140,86,99,56 );
insert into monstropoche values ( 53,'Mekhi76',92,2,0,19,69,70,25,5 );
insert into monstropoche values ( 54,'Lindsay.Block61',86,2,1,16,140,15,23,12 );
insert into monstropoche values ( 55,'Kayley_Kris',null,0,1,16,24,59,46,56 );
insert into monstropoche values ( 56,'Jalyn.Prosacco',94,3,1,14,39,0,88,0 );
insert into monstropoche values ( 57,'Dandre.Schroeder39',null,1,0,4,8,76,65,57 );
insert into monstropoche values ( 58,'Sasha_Gutkowski63',2,1,2,5,108,60,52,54 );
insert into monstropoche values ( 59,'Marietta.Runolfsson',89,3,1,6,49,72,32,2 );
insert into monstropoche values ( 60,'Kayleigh_Spinka',91,1,2,12,92,22,5,19 );
insert into monstropoche values ( 61,'Dillan_Morissette',4,3,2,13,3,23,39,2 );
insert into monstropoche values ( 62,'Destin30',24,0,0,17,95,33,2,33 );
insert into monstropoche values ( 63,'Dedrick_Runolfsdottir',17,0,0,7,70,55,2,12 );
insert into monstropoche values ( 64,'Amina39',68,2,0,10,131,52,50,25 );
insert into monstropoche values ( 65,'Evan.Von',14,0,0,10,113,96,59,4 );
insert into monstropoche values ( 66,'Theo_Leannon',97,1,0,3,64,73,67,34 );
insert into monstropoche values ( 67,'Madalyn83',null,0,1,18,69,64,15,47 );
insert into monstropoche values ( 68,'Tillman.Bradtke',null,1,2,5,51,19,48,2 );
insert into monstropoche values ( 69,'Jettie12',null,0,2,5,29,4,15,1 );
insert into monstropoche values ( 70,'Alana_Kautzer',null,3,0,10,67,67,45,17 );
insert into monstropoche values ( 71,'Anna71',null,0,0,19,56,64,1,27 );
insert into monstropoche values ( 72,'Audrey_Rowe62',45,2,0,4,76,4,60,3 );
insert into monstropoche values ( 73,'Janessa2',9,0,0,6,81,22,11,9 );
insert into monstropoche values ( 74,'Agustina51',34,2,2,17,53,99,69,26 );
insert into monstropoche values ( 75,'Ulises56',21,2,2,1,102,93,25,61 );
insert into monstropoche values ( 76,'Jana19',null,2,0,15,4,81,93,29 );
insert into monstropoche values ( 77,'Ward.DuBuque62',null,1,0,14,100,81,29,69 );
insert into monstropoche values ( 78,'Birdie40',98,1,2,16,49,95,69,21 );
insert into monstropoche values ( 79,'Everette.Koss80',null,1,2,5,32,14,90,3 );
insert into monstropoche values ( 80,'Lionel_Herman53',67,0,2,18,133,83,90,37 );
insert into monstropoche values ( 81,'Noemi71',9,2,2,2,116,53,40,31 );
insert into monstropoche values ( 82,'Weston_Walsh',24,2,0,5,3,78,13,59 );
insert into monstropoche values ( 83,'Gianni_Labadie',null,0,0,1,54,68,1,60 );
insert into monstropoche values ( 84,'Merritt.Greenfelder',67,0,2,17,49,72,54,18 );
insert into monstropoche values ( 85,'Ivy_Bayer',87,0,1,13,58,22,3,4 );
insert into monstropoche values ( 86,'Elizabeth_Beier13',58,2,0,5,0,46,80,21 );
insert into monstropoche values ( 87,'Lela_Luettgen',null,0,1,11,72,32,0,22 );
insert into monstropoche values ( 88,'Lucienne_Weissnat33',null,3,1,19,140,18,76,5 );
insert into monstropoche values ( 89,'Gilbert_Pacocha',null,2,0,14,89,9,93,0 );
insert into monstropoche values ( 90,'Kaitlin.Stoltenberg56',35,2,1,3,134,84,32,33 );
insert into monstropoche values ( 91,'Vida.Heidenreich34',81,1,2,0,25,45,68,26 );
insert into monstropoche values ( 92,'Reed62',null,2,1,1,98,46,68,18 );
insert into monstropoche values ( 93,'Mavis_Cormier63',null,1,1,10,25,39,29,33 );
insert into monstropoche values ( 94,'Aidan_Koelpin',92,0,2,19,39,49,76,18 );
insert into monstropoche values ( 95,'Amalia_Powlowski1',null,1,0,5,69,0,46,0 );
insert into monstropoche values ( 96,'Vince42',64,2,0,2,4,81,53,49 );
insert into monstropoche values ( 97,'Alyson_Rippin93',null,3,1,19,26,11,90,4 );
insert into monstropoche values ( 98,'Max87',63,1,0,3,20,81,44,21 );
insert into monstropoche values ( 99,'Lavinia.Zulauf81',87,3,1,16,72,84,36,53 );
insert into monstropoche values ( 100,'Maia.Blanda11',0,3,0,15,67,100,34,57 );
insert into monstropoche values ( 101,'Juston.Schuppe42',0,2,1,16,0,100,32,91 );
insert into monstropoche values ( 102,'Nasir_Batz',0,2,0,12,30,100,84,56 );
insert into monstropoche values ( 103,'Parker_Connelly',0,2,0,9,80,100,84,70 );
insert into monstropoche values ( 104,'Issac.Borer',0,0,2,6,29,100,97,54 );
insert into monstropoche values ( 105,'Manuel42',0,2,0,0,93,100,89,89 );
insert into monstropoche values ( 106,'Lexie.Doyle',0,1,2,5,109,100,39,39 );
insert into monstropoche values ( 107,'Kevon.Reichel67',0,1,1,13,100,100,67,53 );
insert into monstropoche values ( 108,'Carmen89',0,1,2,4,104,100,44,69 );
insert into monstropoche values ( 109,'Clarabelle_Okuneva38',0,0,0,11,62,100,2,31 );
insert into monstropoche values ( 110,'Magdalena16',0,1,0,2,8,100,51,98 );
insert into monstropoche values ( 111,'Laurel39',0,1,2,8,97,100,95,81 );
insert into monstropoche values ( 112,'Bruce_Medhurst79',0,2,2,19,62,100,70,48 );
insert into monstropoche values ( 113,'Nettie.Hessel',0,2,0,13,97,100,7,48 );
insert into monstropoche values ( 114,'Santos_Botsford',0,2,2,11,72,100,71,40 );
insert into monstropoche values ( 115,'Kurtis16',0,2,1,16,112,100,6,38 );
insert into monstropoche values ( 116,'Ladarius_Ledner',0,3,1,18,96,100,65,34 );
insert into monstropoche values ( 117,'Halie.Gutmann',0,3,1,11,76,100,68,70 );
insert into monstropoche values ( 118,'Rylan.Little10',0,2,1,14,16,100,9,0 );
insert into monstropoche values ( 119,'Sienna84',0,3,1,10,117,100,68,68 );
insert into objet_zone values ( 0,51 );
insert into objet_zone values ( 1,27 );
insert into objet_zone values ( 2,62 );
insert into objet_zone values ( 3,19 );
insert into objet_zone values ( 4,39 );
insert into objet_zone values ( 5,25 );
insert into objet_zone values ( 6,38 );
insert into objet_zone values ( 7,35 );
insert into objet_zone values ( 8,32 );
insert into objet_zone values ( 9,40 );
insert into objet_zone values ( 10,46 );
insert into objet_zone values ( 11,37 );
insert into objet_zone values ( 12,20 );
insert into objet_zone values ( 13,45 );
insert into objet_zone values ( 14,50 );
insert into objet_zone values ( 15,15 );
insert into objet_zone values ( 16,35 );
insert into objet_zone values ( 17,43 );
insert into objet_zone values ( 18,61 );
insert into objet_zone values ( 19,26 );
insert into objet_zone values ( 15,0 );
insert into objet_zone values ( 3,1 );
insert into objet_zone values ( 14,2 );
insert into objet_zone values ( 9,3 );
insert into objet_zone values ( 1,4 );
insert into objet_zone values ( 0,5 );
insert into objet_zone values ( 7,6 );
insert into objet_zone values ( 4,7 );
insert into objet_zone values ( 6,8 );
insert into objet_zone values ( 12,9 );
insert into objet_zone values ( 6,10 );
insert into objet_zone values ( 5,11 );
insert into objet_zone values ( 18,12 );
insert into objet_zone values ( 9,13 );
insert into objet_zone values ( 19,14 );
insert into objet_zone values ( 10,15 );
insert into objet_zone values ( 5,16 );
insert into objet_zone values ( 17,17 );
insert into objet_zone values ( 0,18 );
insert into objet_zone values ( 6,19 );
insert into objet_zone values ( 6,20 );
insert into objet_zone values ( 2,21 );
insert into objet_zone values ( 16,22 );
insert into objet_zone values ( 11,23 );
insert into objet_zone values ( 10,24 );
insert into objet_zone values ( 9,25 );
insert into objet_zone values ( 5,26 );
insert into objet_zone values ( 10,27 );
insert into objet_zone values ( 12,28 );
insert into objet_zone values ( 17,29 );
insert into objet_zone values ( 5,30 );
insert into objet_zone values ( 10,31 );
insert into objet_zone values ( 11,32 );
insert into objet_zone values ( 16,33 );
insert into objet_zone values ( 13,34 );
insert into objet_zone values ( 6,35 );
insert into objet_zone values ( 12,36 );
insert into objet_zone values ( 5,38 );
insert into objet_zone values ( 11,39 );
insert into objet_zone values ( 18,40 );
insert into objet_zone values ( 5,41 );
insert into objet_zone values ( 14,42 );
insert into objet_zone values ( 0,43 );
insert into objet_zone values ( 17,44 );
insert into objet_zone values ( 16,45 );
insert into objet_zone values ( 16,46 );
insert into objet_zone values ( 3,47 );
insert into objet_zone values ( 15,48 );
insert into objet_zone values ( 0,49 );
insert into objet_zone values ( 10,50 );
insert into objet_zone values ( 2,51 );
insert into objet_zone values ( 15,52 );
insert into objet_zone values ( 18,53 );
insert into objet_zone values ( 13,54 );
insert into objet_zone values ( 13,55 );
insert into objet_zone values ( 1,56 );
insert into objet_zone values ( 8,57 );
insert into objet_zone values ( 17,58 );
insert into objet_zone values ( 0,59 );
insert into objet_zone values ( 4,60 );
insert into objet_zone values ( 4,61 );
insert into objet_zone values ( 9,62 );
insert into objet_zone values ( 8,63 );
insert into objet_zone values ( 5,64 );
insert into objet_zone values ( 14,65 );
insert into objet_zone values ( 14,66 );
insert into objet_zone values ( 8,67 );
insert into objet_zone values ( 19,68 );
insert into objet_zone values ( 2,69 );
insert into objet_zone values ( 1,70 );
insert into objet_zone values ( 10,71 );
insert into objet_zone values ( 9,72 );
insert into objet_zone values ( 3,73 );
insert into objet_zone values ( 16,74 );
insert into objet_zone values ( 13,75 );
insert into objet_zone values ( 2,76 );
insert into objet_zone values ( 4,77 );
insert into objet_zone values ( 19,78 );
insert into objet_zone values ( 16,79 );
insert into objet_zone values ( 13,80 );
insert into objet_zone values ( 9,81 );
insert into objet_zone values ( 17,82 );
insert into objet_zone values ( 8,83 );
insert into objet_zone values ( 8,84 );
insert into objet_zone values ( 14,85 );
insert into objet_zone values ( 15,86 );
insert into objet_zone values ( 16,87 );
insert into espece_type values ( 0,6 );
insert into espece_type values ( 1,1 );
insert into espece_type values ( 2,3 );
insert into espece_type values ( 3,1 );
insert into espece_type values ( 4,4 );
insert into espece_type values ( 5,8 );
insert into espece_type values ( 6,10 );
insert into espece_type values ( 7,0 );
insert into espece_type values ( 8,9 );
insert into espece_type values ( 9,13 );
insert into espece_type values ( 10,10 );
insert into espece_type values ( 11,10 );
insert into espece_type values ( 12,9 );
insert into espece_type values ( 13,13 );
insert into espece_type values ( 14,14 );
insert into espece_type values ( 15,12 );
insert into espece_type values ( 16,4 );
insert into espece_type values ( 17,0 );
insert into espece_type values ( 18,14 );
insert into espece_type values ( 19,16 );
insert into espece_type values ( 20,7 );
insert into espece_type values ( 21,14 );
insert into espece_type values ( 22,12 );
insert into espece_type values ( 23,14 );
insert into espece_type values ( 24,16 );
insert into espece_type values ( 25,4 );
insert into espece_type values ( 26,3 );
insert into espece_type values ( 27,9 );
insert into espece_type values ( 28,16 );
insert into espece_type values ( 29,10 );
insert into espece_type values ( 30,14 );
insert into espece_type values ( 31,6 );
insert into espece_type values ( 32,6 );
insert into espece_type values ( 33,4 );
insert into espece_type values ( 34,15 );
insert into espece_type values ( 35,8 );
insert into espece_type values ( 36,0 );
insert into espece_type values ( 37,7 );
insert into espece_type values ( 38,9 );
insert into espece_type values ( 39,5 );
insert into espece_type values ( 40,7 );
insert into espece_type values ( 41,10 );
insert into espece_type values ( 42,6 );
insert into espece_type values ( 43,2 );
insert into espece_type values ( 44,5 );
insert into espece_type values ( 45,5 );
insert into espece_type values ( 46,13 );
insert into espece_type values ( 47,15 );
insert into espece_type values ( 48,3 );
insert into espece_type values ( 49,16 );
insert into espece_type values ( 50,14 );
insert into espece_type values ( 51,5 );
insert into espece_type values ( 52,0 );
insert into espece_type values ( 53,12 );
insert into espece_type values ( 54,11 );
insert into espece_type values ( 55,5 );
insert into espece_type values ( 56,4 );
insert into espece_type values ( 57,0 );
insert into espece_type values ( 58,8 );
insert into espece_type values ( 59,8 );
insert into espece_type values ( 60,9 );
insert into espece_type values ( 61,0 );
insert into espece_type values ( 62,0 );
insert into espece_type values ( 63,13 );
insert into espece_type values ( 64,3 );
insert into espece_type values ( 65,8 );
insert into espece_type values ( 66,13 );
insert into espece_type values ( 67,1 );
insert into espece_type values ( 68,11 );
insert into espece_type values ( 69,16 );
insert into espece_type values ( 70,3 );
insert into espece_type values ( 71,0 );
insert into espece_type values ( 72,12 );
insert into espece_type values ( 73,1 );
insert into espece_type values ( 74,10 );
insert into espece_type values ( 75,3 );
insert into espece_type values ( 76,6 );
insert into espece_type values ( 77,8 );
insert into espece_type values ( 78,10 );
insert into espece_type values ( 79,3 );
insert into espece_type values ( 80,1 );
insert into espece_type values ( 81,0 );
insert into espece_type values ( 82,12 );
insert into espece_type values ( 83,3 );
insert into espece_type values ( 84,2 );
insert into espece_type values ( 85,8 );
insert into espece_type values ( 86,16 );
insert into espece_type values ( 87,16 );
insert into espece_type values ( 88,6 );
insert into espece_type values ( 89,12 );
insert into espece_type values ( 90,13 );
insert into espece_type values ( 91,2 );
insert into espece_type values ( 92,5 );
insert into espece_type values ( 93,9 );
insert into espece_type values ( 94,2 );
insert into espece_type values ( 95,3 );
insert into espece_type values ( 96,5 );
insert into espece_type values ( 97,1 );
insert into espece_type values ( 98,2 );
insert into espece_type values ( 99,8 );
insert into espece_type values ( 100,14 );
insert into espece_type values ( 101,10 );
insert into espece_type values ( 102,10 );
insert into espece_type values ( 103,0 );
insert into espece_type values ( 104,3 );
insert into espece_type values ( 105,8 );
insert into espece_type values ( 106,12 );
insert into espece_type values ( 107,6 );
insert into espece_type values ( 108,2 );
insert into espece_type values ( 109,5 );
insert into espece_type values ( 110,4 );
insert into espece_type values ( 111,10 );
insert into espece_type values ( 112,8 );
insert into espece_type values ( 113,5 );
insert into espece_type values ( 114,3 );
insert into espece_type values ( 115,11 );
insert into espece_type values ( 116,12 );
insert into espece_type values ( 117,6 );
insert into espece_type values ( 118,10 );
insert into espece_type values ( 119,2 );
insert into espece_type values ( 120,3 );
insert into espece_type values ( 121,12 );
insert into espece_type values ( 122,13 );
insert into espece_type values ( 123,7 );
insert into espece_type values ( 124,0 );
insert into espece_type values ( 125,14 );
insert into espece_type values ( 126,11 );
insert into espece_type values ( 127,2 );
insert into espece_type values ( 128,11 );
insert into espece_type values ( 129,4 );
insert into espece_type values ( 130,3 );
insert into espece_type values ( 131,8 );
insert into espece_type values ( 132,1 );
insert into espece_type values ( 133,6 );
insert into espece_type values ( 134,1 );
insert into espece_type values ( 135,7 );
insert into espece_type values ( 136,4 );
insert into espece_type values ( 137,7 );
insert into espece_type values ( 138,13 );
insert into espece_type values ( 139,11 );
insert into espece_type values ( 140,0 );
insert into espece_type values ( 141,13 );
insert into espece_type values ( 98,0 );
insert into espece_type values ( 86,1 );
insert into espece_type values ( 64,2 );
insert into espece_type values ( 106,3 );
insert into espece_type values ( 109,4 );
insert into espece_type values ( 58,5 );
insert into espece_type values ( 71,6 );
insert into espece_type values ( 62,7 );
insert into espece_type values ( 54,8 );
insert into espece_type values ( 117,9 );
insert into espece_type values ( 139,10 );
insert into espece_type values ( 3,12 );
insert into espece_type values ( 123,13 );
insert into espece_type values ( 131,14 );
insert into espece_type values ( 56,15 );
insert into espece_type values ( 29,16 );
insert into espece_zone values ( 0,9 );
insert into espece_zone values ( 1,79 );
insert into espece_zone values ( 2,17 );
insert into espece_zone values ( 3,22 );
insert into espece_zone values ( 4,62 );
insert into espece_zone values ( 5,72 );
insert into espece_zone values ( 6,8 );
insert into espece_zone values ( 7,17 );
insert into espece_zone values ( 8,34 );
insert into espece_zone values ( 9,71 );
insert into espece_zone values ( 10,73 );
insert into espece_zone values ( 11,73 );
insert into espece_zone values ( 12,73 );
insert into espece_zone values ( 13,73 );
insert into espece_zone values ( 14,42 );
insert into espece_zone values ( 15,70 );
insert into espece_zone values ( 16,50 );
insert into espece_zone values ( 17,66 );
insert into espece_zone values ( 18,26 );
insert into espece_zone values ( 19,73 );
insert into espece_zone values ( 20,83 );
insert into espece_zone values ( 21,15 );
insert into espece_zone values ( 22,41 );
insert into espece_zone values ( 23,42 );
insert into espece_zone values ( 24,82 );
insert into espece_zone values ( 25,71 );
insert into espece_zone values ( 26,15 );
insert into espece_zone values ( 27,45 );
insert into espece_zone values ( 28,70 );
insert into espece_zone values ( 29,14 );
insert into espece_zone values ( 30,50 );
insert into espece_zone values ( 31,30 );
insert into espece_zone values ( 32,32 );
insert into espece_zone values ( 33,52 );
insert into espece_zone values ( 34,72 );
insert into espece_zone values ( 35,27 );
insert into espece_zone values ( 36,14 );
insert into espece_zone values ( 37,37 );
insert into espece_zone values ( 38,71 );
insert into espece_zone values ( 39,44 );
insert into espece_zone values ( 40,74 );
insert into espece_zone values ( 41,84 );
insert into espece_zone values ( 42,44 );
insert into espece_zone values ( 43,51 );
insert into espece_zone values ( 44,41 );
insert into espece_zone values ( 45,13 );
insert into espece_zone values ( 46,72 );
insert into espece_zone values ( 47,58 );
insert into espece_zone values ( 48,77 );
insert into espece_zone values ( 49,48 );
insert into espece_zone values ( 50,3 );
insert into espece_zone values ( 51,9 );
insert into espece_zone values ( 52,29 );
insert into espece_zone values ( 53,39 );
insert into espece_zone values ( 54,75 );
insert into espece_zone values ( 55,52 );
insert into espece_zone values ( 56,52 );
insert into espece_zone values ( 57,56 );
insert into espece_zone values ( 58,12 );
insert into espece_zone values ( 59,64 );
insert into espece_zone values ( 60,7 );
insert into espece_zone values ( 61,74 );
insert into espece_zone values ( 62,85 );
insert into espece_zone values ( 63,17 );
insert into espece_zone values ( 64,62 );
insert into espece_zone values ( 65,57 );
insert into espece_zone values ( 66,21 );
insert into espece_zone values ( 67,68 );
insert into espece_zone values ( 68,52 );
insert into espece_zone values ( 69,74 );
insert into espece_zone values ( 70,82 );
insert into espece_zone values ( 71,55 );
insert into espece_zone values ( 72,54 );
insert into espece_zone values ( 73,45 );
insert into espece_zone values ( 74,62 );
insert into espece_zone values ( 75,64 );
insert into espece_zone values ( 76,87 );
insert into espece_zone values ( 77,64 );
insert into espece_zone values ( 78,30 );
insert into espece_zone values ( 79,1 );
insert into espece_zone values ( 80,86 );
insert into espece_zone values ( 81,3 );
insert into espece_zone values ( 82,39 );
insert into espece_zone values ( 83,87 );
insert into espece_zone values ( 84,66 );
insert into espece_zone values ( 85,86 );
insert into espece_zone values ( 86,6 );
insert into espece_zone values ( 87,52 );
insert into espece_zone values ( 88,43 );
insert into espece_zone values ( 89,57 );
insert into espece_zone values ( 90,17 );
insert into espece_zone values ( 91,78 );
insert into espece_zone values ( 92,65 );
insert into espece_zone values ( 93,34 );
insert into espece_zone values ( 94,69 );
insert into espece_zone values ( 95,58 );
insert into espece_zone values ( 96,75 );
insert into espece_zone values ( 97,18 );
insert into espece_zone values ( 98,0 );
insert into espece_zone values ( 99,6 );
insert into espece_zone values ( 100,15 );
insert into espece_zone values ( 101,85 );
insert into espece_zone values ( 102,7 );
insert into espece_zone values ( 103,48 );
insert into espece_zone values ( 104,56 );
insert into espece_zone values ( 105,53 );
insert into espece_zone values ( 106,22 );
insert into espece_zone values ( 107,25 );
insert into espece_zone values ( 108,15 );
insert into espece_zone values ( 109,42 );
insert into espece_zone values ( 110,61 );
insert into espece_zone values ( 111,38 );
insert into espece_zone values ( 112,38 );
insert into espece_zone values ( 113,45 );
insert into espece_zone values ( 114,82 );
insert into espece_zone values ( 115,36 );
insert into espece_zone values ( 116,34 );
insert into espece_zone values ( 117,47 );
insert into espece_zone values ( 118,76 );
insert into espece_zone values ( 119,15 );
insert into espece_zone values ( 120,21 );
insert into espece_zone values ( 121,53 );
insert into espece_zone values ( 122,63 );
insert into espece_zone values ( 123,73 );
insert into espece_zone values ( 124,38 );
insert into espece_zone values ( 125,44 );
insert into espece_zone values ( 126,21 );
insert into espece_zone values ( 127,53 );
insert into espece_zone values ( 128,11 );
insert into espece_zone values ( 129,80 );
insert into espece_zone values ( 130,40 );
insert into espece_zone values ( 131,84 );
insert into espece_zone values ( 132,47 );
insert into espece_zone values ( 133,46 );
insert into espece_zone values ( 134,2 );
insert into espece_zone values ( 135,14 );
insert into espece_zone values ( 136,65 );
insert into espece_zone values ( 137,38 );
insert into espece_zone values ( 138,29 );
insert into espece_zone values ( 139,77 );
insert into espece_zone values ( 140,85 );
insert into espece_zone values ( 141,29 );
insert into espece_zone values ( 57,0 );
insert into espece_zone values ( 126,1 );
insert into espece_zone values ( 140,2 );
insert into espece_zone values ( 115,3 );
insert into espece_zone values ( 47,4 );
insert into espece_zone values ( 100,5 );
insert into espece_zone values ( 58,6 );
insert into espece_zone values ( 118,7 );
insert into espece_zone values ( 46,8 );
insert into espece_zone values ( 25,9 );
insert into espece_zone values ( 112,10 );
insert into espece_zone values ( 133,11 );
insert into espece_zone values ( 57,12 );
insert into espece_zone values ( 24,13 );
insert into espece_zone values ( 1,14 );
insert into espece_zone values ( 6,15 );
insert into espece_zone values ( 101,16 );
insert into espece_zone values ( 47,17 );
insert into espece_zone values ( 13,19 );
insert into espece_zone values ( 98,20 );
insert into espece_zone values ( 87,21 );
insert into espece_zone values ( 44,22 );
insert into espece_zone values ( 130,23 );
insert into espece_zone values ( 7,24 );
insert into espece_zone values ( 58,25 );
insert into espece_zone values ( 125,26 );
insert into espece_zone values ( 43,27 );
insert into espece_zone values ( 62,28 );
insert into espece_zone values ( 73,29 );
insert into espece_zone values ( 32,30 );
insert into espece_zone values ( 105,31 );
insert into espece_zone values ( 120,32 );
insert into espece_zone values ( 115,33 );
insert into espece_zone values ( 139,34 );
insert into espece_zone values ( 99,35 );
insert into espece_zone values ( 126,36 );
insert into espece_zone values ( 24,37 );
insert into espece_zone values ( 19,38 );
insert into espece_zone values ( 75,39 );
insert into espece_zone values ( 56,40 );
insert into espece_zone values ( 21,41 );
insert into espece_zone values ( 83,42 );
insert into espece_zone values ( 100,43 );
insert into espece_zone values ( 60,44 );
insert into espece_zone values ( 75,45 );
insert into espece_zone values ( 84,46 );
insert into espece_zone values ( 46,47 );
insert into espece_zone values ( 72,48 );
insert into espece_zone values ( 34,49 );
insert into espece_zone values ( 101,50 );
insert into espece_zone values ( 52,51 );
insert into espece_zone values ( 90,52 );
insert into espece_zone values ( 18,53 );
insert into espece_zone values ( 83,54 );
insert into espece_zone values ( 102,55 );
insert into espece_zone values ( 129,56 );
insert into espece_zone values ( 82,57 );
insert into espece_zone values ( 134,58 );
insert into espece_zone values ( 113,59 );
insert into espece_zone values ( 11,60 );
insert into espece_zone values ( 124,61 );
insert into espece_zone values ( 36,62 );
insert into espece_zone values ( 45,63 );
insert into espece_zone values ( 92,64 );
insert into espece_zone values ( 71,65 );
insert into espece_zone values ( 33,66 );
insert into espece_zone values ( 115,67 );
insert into espece_zone values ( 70,68 );
insert into espece_zone values ( 53,69 );
insert into espece_zone values ( 130,70 );
insert into espece_zone values ( 32,71 );
insert into espece_zone values ( 33,72 );
insert into espece_zone values ( 14,73 );
insert into espece_zone values ( 91,74 );
insert into espece_zone values ( 91,75 );
insert into espece_zone values ( 49,76 );
insert into espece_zone values ( 51,77 );
insert into espece_zone values ( 42,78 );
insert into espece_zone values ( 5,80 );
insert into espece_zone values ( 26,81 );
insert into espece_zone values ( 39,82 );
insert into espece_zone values ( 29,83 );
insert into espece_zone values ( 118,84 );
insert into espece_zone values ( 77,85 );
insert into espece_zone values ( 29,86 );
insert into espece_zone values ( 114,87 );
insert into monstropoche_attaque values ( 0,12 );
insert into monstropoche_attaque values ( 1,3 );
insert into monstropoche_attaque values ( 2,15 );
insert into monstropoche_attaque values ( 3,6 );
insert into monstropoche_attaque values ( 4,11 );
insert into monstropoche_attaque values ( 5,9 );
insert into monstropoche_attaque values ( 6,12 );
insert into monstropoche_attaque values ( 7,18 );
insert into monstropoche_attaque values ( 8,21 );
insert into monstropoche_attaque values ( 9,25 );
insert into monstropoche_attaque values ( 10,27 );
insert into monstropoche_attaque values ( 11,21 );
insert into monstropoche_attaque values ( 12,3 );
insert into monstropoche_attaque values ( 13,25 );
insert into monstropoche_attaque values ( 14,23 );
insert into monstropoche_attaque values ( 15,17 );
insert into monstropoche_attaque values ( 16,14 );
insert into monstropoche_attaque values ( 17,19 );
insert into monstropoche_attaque values ( 18,11 );
insert into monstropoche_attaque values ( 19,20 );
insert into monstropoche_attaque values ( 20,8 );
insert into monstropoche_attaque values ( 21,24 );
insert into monstropoche_attaque values ( 22,10 );
insert into monstropoche_attaque values ( 23,0 );
insert into monstropoche_attaque values ( 24,24 );
insert into monstropoche_attaque values ( 25,24 );
insert into monstropoche_attaque values ( 26,5 );
insert into monstropoche_attaque values ( 27,4 );
insert into monstropoche_attaque values ( 28,10 );
insert into monstropoche_attaque values ( 29,18 );
insert into monstropoche_attaque values ( 30,6 );
insert into monstropoche_attaque values ( 31,7 );
insert into monstropoche_attaque values ( 32,18 );
insert into monstropoche_attaque values ( 33,9 );
insert into monstropoche_attaque values ( 34,12 );
insert into monstropoche_attaque values ( 35,11 );
insert into monstropoche_attaque values ( 36,17 );
insert into monstropoche_attaque values ( 37,9 );
insert into monstropoche_attaque values ( 38,1 );
insert into monstropoche_attaque values ( 39,4 );
insert into monstropoche_attaque values ( 40,19 );
insert into monstropoche_attaque values ( 41,20 );
insert into monstropoche_attaque values ( 42,27 );
insert into monstropoche_attaque values ( 43,22 );
insert into monstropoche_attaque values ( 44,7 );
insert into monstropoche_attaque values ( 45,18 );
insert into monstropoche_attaque values ( 46,19 );
insert into monstropoche_attaque values ( 47,4 );
insert into monstropoche_attaque values ( 48,14 );
insert into monstropoche_attaque values ( 49,20 );
insert into monstropoche_attaque values ( 50,26 );
insert into monstropoche_attaque values ( 51,23 );
insert into monstropoche_attaque values ( 52,27 );
insert into monstropoche_attaque values ( 53,11 );
insert into monstropoche_attaque values ( 54,25 );
insert into monstropoche_attaque values ( 55,11 );
insert into monstropoche_attaque values ( 56,10 );
insert into monstropoche_attaque values ( 57,25 );
insert into monstropoche_attaque values ( 58,10 );
insert into monstropoche_attaque values ( 59,1 );
insert into monstropoche_attaque values ( 60,22 );
insert into monstropoche_attaque values ( 61,25 );
insert into monstropoche_attaque values ( 62,9 );
insert into monstropoche_attaque values ( 63,26 );
insert into monstropoche_attaque values ( 64,24 );
insert into monstropoche_attaque values ( 65,21 );
insert into monstropoche_attaque values ( 66,23 );
insert into monstropoche_attaque values ( 67,14 );
insert into monstropoche_attaque values ( 68,22 );
insert into monstropoche_attaque values ( 69,20 );
insert into monstropoche_attaque values ( 70,18 );
insert into monstropoche_attaque values ( 71,13 );
insert into monstropoche_attaque values ( 72,14 );
insert into monstropoche_attaque values ( 73,2 );
insert into monstropoche_attaque values ( 74,1 );
insert into monstropoche_attaque values ( 75,6 );
insert into monstropoche_attaque values ( 76,5 );
insert into monstropoche_attaque values ( 77,13 );
insert into monstropoche_attaque values ( 78,23 );
insert into monstropoche_attaque values ( 79,8 );
insert into monstropoche_attaque values ( 80,26 );
insert into monstropoche_attaque values ( 81,17 );
insert into monstropoche_attaque values ( 82,5 );
insert into monstropoche_attaque values ( 83,28 );
insert into monstropoche_attaque values ( 84,1 );
insert into monstropoche_attaque values ( 85,23 );
insert into monstropoche_attaque values ( 86,24 );
insert into monstropoche_attaque values ( 87,25 );
insert into monstropoche_attaque values ( 88,14 );
insert into monstropoche_attaque values ( 89,17 );
insert into monstropoche_attaque values ( 90,2 );
insert into monstropoche_attaque values ( 91,18 );
insert into monstropoche_attaque values ( 92,2 );
insert into monstropoche_attaque values ( 93,25 );
insert into monstropoche_attaque values ( 94,5 );
insert into monstropoche_attaque values ( 95,3 );
insert into monstropoche_attaque values ( 96,3 );
insert into monstropoche_attaque values ( 97,20 );
insert into monstropoche_attaque values ( 98,10 );
insert into monstropoche_attaque values ( 99,11 );
insert into monstropoche_attaque values ( 43,0 );
insert into monstropoche_attaque values ( 52,1 );
insert into monstropoche_attaque values ( 67,3 );
insert into monstropoche_attaque values ( 11,4 );
insert into monstropoche_attaque values ( 85,5 );
insert into monstropoche_attaque values ( 69,6 );
insert into monstropoche_attaque values ( 88,7 );
insert into monstropoche_attaque values ( 36,8 );
insert into monstropoche_attaque values ( 41,9 );
insert into monstropoche_attaque values ( 90,10 );
insert into monstropoche_attaque values ( 14,11 );
insert into monstropoche_attaque values ( 96,12 );
insert into monstropoche_attaque values ( 51,13 );
insert into monstropoche_attaque values ( 69,14 );
insert into monstropoche_attaque values ( 52,15 );
insert into monstropoche_attaque values ( 80,16 );
insert into monstropoche_attaque values ( 68,17 );
insert into monstropoche_attaque values ( 0,18 );
insert into monstropoche_attaque values ( 95,19 );
insert into monstropoche_attaque values ( 80,20 );
insert into monstropoche_attaque values ( 74,21 );
insert into monstropoche_attaque values ( 15,22 );
insert into monstropoche_attaque values ( 79,23 );
insert into monstropoche_attaque values ( 63,24 );
insert into monstropoche_attaque values ( 33,25 );
insert into monstropoche_attaque values ( 97,26 );
insert into monstropoche_attaque values ( 19,27 );
insert into monstropoche_attaque values ( 0,28 );
