drop table monstropoche_attaque;
drop table espece_zone;
drop table espece_type;
drop table objet_zone;
drop table monstropoche;
drop table espece;
drop table etat;
drop table genre;
drop table objet;
drop table zone;
drop table attaque;
drop table type;
drop table proprietaire;

create table proprietaire (
  id int not null,
  nom varchar(255) not null,
  primary key(id)
);
create table type (
  id int not null,
  nom varchar(255) not null,
  primary key(id)
);
create table attaque (
  id int not null,
  type_id int not null,
  nom varchar(255) not null,
  puissance int not null,
  perequis int not null,
  precizion int not null,
  constraint fk_attaque_type foreign key (type_id) references type(id),
  primary key(id)
);
create table zone (id int not null,
  nom varchar(255) not null,
  primary key(id)
);
create table objet (id int not null,
  nom varchar(255) not null,
  est_unique number(1) not null,
  est_defensif number(1),
  est_offensif number(1),
  primary key(id)
);
create table genre (id int not null,
  femelle number(1) not null,
  male number(1) not null,
  primary key(id)
);
create table etat (id int not null,
  nom varchar(255) not null,
  primary key(id)
);
create table espece (
  id int not null,
  objet_id int,
  source_id int,
  nom varchar(255) not null,
  constraint fk_espece_objet foreign key (objet_id) references objet(id),
  constraint fk_espece_espece foreign key (source_id) references espece(id),
  primary key(id)
);
create table monstropoche (id int not null,
  surnom varchar(255) not null,
  proprietaire_id int,
  genre_id int not null,
  etat_id int not null,
  objet_id int,
  espece_id int not null,
  pv int not null,
  pe int not null,
  pv_actuel int not null,
  constraint fk_monstropoche_proprietaire foreign key (proprietaire_id) references proprietaire(id),
  constraint fk_monstropoche_genre foreign key (genre_id) references genre(id),
  constraint fk_monstropoche_etat foreign key (etat_id) references etat(id),
  constraint fk_monstropoche_objet foreign key (objet_id) references objet(id),
  constraint fk_monstropoche_espece foreign key (espece_id) references espece(id),
  primary key(id)
);
create table objet_zone (objet_id int not null,
  zone_id int not null,
  constraint fk_objet_zone_objet foreign key (objet_id) references objet(id),
  constraint fk_objet_zone_zone foreign key (zone_id) references zone(id),
  primary key(objet_id,
  zone_id)
);
create table espece_type (espece_id int not null,
  type_id int not null,
  constraint fk_espece_type_espece foreign key (espece_id) references espece(id),
  constraint fk_espece_type_type foreign key (type_id) references type(id),
  primary key(espece_id,
  type_id)
);
create table espece_zone (espece_id int not null,
  zone_id int not null,
  constraint fk_espece_zone_espece foreign key (espece_id) references espece(id),
  constraint fk_espece_zone_zone foreign key (zone_id) references zone(id),
  primary key(espece_id,
  zone_id)
);
create table monstropoche_attaque (monstropoche_id int not null,
  attaque_id int not null,
  constraint fk_monstropoche_attaque_m foreign key (monstropoche_id) references monstropoche(id),
  constraint fk_monstropoche_attaque_a foreign key (attaque_id) references attaque(id),
  primary key(monstropoche_id,
  attaque_id)
);

delete from monstropoche_attaque;
delete from espece_zone;
delete from espece_type;
delete from objet_zone;
delete from monstropoche;
delete from espece;
delete from etat;
delete from type;
delete from genre;
delete from objet;
delete from attaque;
delete from zone;
delete from proprietaire;
delete from monstropoche_attaque;
delete from espece_zone;
delete from espece_type;
delete from objet_zone;
delete from monstropoche;
delete from espece;
delete from etat;
delete from type;
delete from genre;
delete from objet;
delete from attaque;
delete from zone;
delete from proprietaire;
insert into proprietaire values ( 0,'Valentin Guillot' );
insert into proprietaire values ( 1,'Lola Bonnet' );
insert into proprietaire values ( 2,'Prof Maxime Garnier' );
insert into proprietaire values ( 3,'Mlle Raphaël Lambert' );
insert into proprietaire values ( 4,'Mattéo Boyer' );
insert into proprietaire values ( 5,'Maxence Jacquet' );
insert into proprietaire values ( 6,'Rayan Roy' );
insert into proprietaire values ( 7,'Antoine Simon' );
insert into proprietaire values ( 8,'Louna Berger' );
insert into proprietaire values ( 9,'Léo Da silva' );
insert into proprietaire values ( 10,'Eva Perrot' );
insert into proprietaire values ( 11,'Juliette Rolland MD' );
insert into proprietaire values ( 12,'Clara Joly' );
insert into proprietaire values ( 13,'Mael Roux' );
insert into proprietaire values ( 14,'Prof Victor Rousseau' );
insert into proprietaire values ( 15,'Pauline Dupont' );
insert into proprietaire values ( 16,'Ines Pons' );
insert into proprietaire values ( 17,'Axel Rolland' );
insert into proprietaire values ( 18,'Ines Moulin' );
insert into proprietaire values ( 19,'Léo Henry' );
insert into proprietaire values ( 20,'Mme Tom Martinez' );
insert into proprietaire values ( 21,'Tom Maillard' );
insert into proprietaire values ( 22,'Lola Philippe' );
insert into proprietaire values ( 23,'Victor Dumont' );
insert into proprietaire values ( 24,'Mme Julien Lemaire' );
insert into proprietaire values ( 25,'Chloé Barre' );
insert into proprietaire values ( 26,'Maëlle Pierre' );
insert into proprietaire values ( 27,'Quentin Mercier' );
insert into proprietaire values ( 28,'Rayan Schmitt' );
insert into proprietaire values ( 29,'Yanis Jacquet' );
insert into proprietaire values ( 30,'Romain Laurent' );
insert into proprietaire values ( 31,'Mme Mattéo Fournier' );
insert into proprietaire values ( 32,'Axel Fontaine' );
insert into proprietaire values ( 33,'Emilie Legrand' );
insert into proprietaire values ( 34,'Maxence Mathieu' );
insert into proprietaire values ( 35,'Evan Nicolas' );
insert into proprietaire values ( 36,'Kylian Lucas' );
insert into proprietaire values ( 37,'Benjamin Dubois' );
insert into proprietaire values ( 38,'Valentin Robin IV' );
insert into proprietaire values ( 39,'Raphaël Leclerc' );
insert into proprietaire values ( 40,'Thomas Schmitt' );
insert into proprietaire values ( 41,'Lilou Garcia' );
insert into proprietaire values ( 42,'Noa Nicolas' );
insert into proprietaire values ( 43,'Antoine Michel' );
insert into proprietaire values ( 44,'Alice Lambert' );
insert into proprietaire values ( 45,'Hugo Lemaire' );
insert into proprietaire values ( 46,'Ethan Laurent' );
insert into proprietaire values ( 47,'Gabriel Garnier' );
insert into proprietaire values ( 48,'Gabriel Colin' );
insert into proprietaire values ( 49,'Julien Schneider' );
insert into proprietaire values ( 50,'Mme Sarah Lefevre' );
insert into proprietaire values ( 51,'Clara Leroy PhD' );
insert into proprietaire values ( 52,'Romain Lemaire DVM' );
insert into proprietaire values ( 53,'Victor Fontaine I' );
insert into proprietaire values ( 54,'Mme Lucas Robin' );
insert into proprietaire values ( 55,'M Noah Bourgeois' );
insert into proprietaire values ( 56,'Clara Charpentier' );
insert into proprietaire values ( 57,'Maeva Hubert V' );
insert into proprietaire values ( 58,'Théo Guillaume' );
insert into proprietaire values ( 59,'Mme Nicolas Roche' );
insert into proprietaire values ( 60,'Adrien Royer' );
insert into proprietaire values ( 61,'Zoe Marchal' );
insert into proprietaire values ( 62,'Julie Poirier' );
insert into proprietaire values ( 63,'Enzo Moulin' );
insert into proprietaire values ( 64,'Jade Charles' );
insert into proprietaire values ( 65,'Manon Nguyen IV' );
insert into proprietaire values ( 66,'Léo Jacquet' );
insert into proprietaire values ( 67,'Ambre Renaud' );
insert into proprietaire values ( 68,'Noah Francois' );
insert into proprietaire values ( 69,'Mathilde Carre' );
insert into proprietaire values ( 70,'Mme Mael Aubry' );
insert into proprietaire values ( 71,'Mme Léo Paris' );
insert into proprietaire values ( 72,'Lucas Schneider' );
insert into proprietaire values ( 73,'M Victor Nguyen' );
insert into proprietaire values ( 74,'Mathéo Meyer' );
insert into proprietaire values ( 75,'Mlle Maëlys Poirier' );
insert into proprietaire values ( 76,'Justine Fournier' );
insert into proprietaire values ( 77,'Célia Bourgeois MD' );
insert into proprietaire values ( 78,'Manon Louis' );
insert into proprietaire values ( 79,'Louis Martinez' );
insert into proprietaire values ( 80,'Emilie Lambert' );
insert into proprietaire values ( 81,'Justine Roux' );
insert into proprietaire values ( 82,'Jeanne Francois' );
insert into proprietaire values ( 83,'Antoine Gauthier I' );
insert into proprietaire values ( 84,'Alexandre Renaud' );
insert into proprietaire values ( 85,'Noah Hubert' );
insert into proprietaire values ( 86,'Théo Schmitt' );
insert into proprietaire values ( 87,'Ethan Roux Sr.' );
insert into proprietaire values ( 88,'Lisa Arnaud' );
insert into proprietaire values ( 89,'Pierre Leroux' );
insert into proprietaire values ( 90,'Quentin Picard' );
insert into proprietaire values ( 91,'Noa Lucas' );
insert into proprietaire values ( 92,'Mathilde Lefebvre' );
insert into proprietaire values ( 93,'Lucie Dupuis' );
insert into proprietaire values ( 94,'Alice Rey' );
insert into proprietaire values ( 95,'Mathilde Rodriguez I' );
insert into proprietaire values ( 96,'Romain Durand' );
insert into proprietaire values ( 97,'Louna Maillard PhD' );
insert into proprietaire values ( 98,'Nathan Perez' );
insert into proprietaire values ( 99,'Mélissa Leclercq' );
insert into type values ( 0,'Glace' );
insert into type values ( 1,'Dragon' );
insert into type values ( 2,'Sol' );
insert into type values ( 3,'Plante' );
insert into type values ( 4,'Feu' );
insert into type values ( 5,'Eau' );
insert into type values ( 6,'Électrique' );
insert into type values ( 7,'Psy' );
insert into type values ( 8,'Spectre' );
insert into type values ( 9,'Ténèbre' );
insert into type values ( 10,'Fée' );
insert into type values ( 11,'Acier' );
insert into type values ( 12,'Poison' );
insert into type values ( 13,'Roche' );
insert into type values ( 14,'Combat' );
insert into type values ( 15,'Insecte' );
insert into type values ( 16,'Normal' );
insert into attaque values ( 0,9,'Triplattaque',135,1,7 );
insert into attaque values ( 1,14,'Escalade',222,12,73 );
insert into attaque values ( 2,3,'Morphing',96,59,2 );
insert into attaque values ( 3,3,'Vœu',68,76,33 );
insert into attaque values ( 4,13,'Grobisou',71,68,44 );
insert into attaque values ( 5,12,'Pilonnage',70,13,5 );
insert into attaque values ( 6,15,'Recyclage',13,62,32 );
insert into attaque values ( 7,1,'Regard Médusant',178,100,16 );
insert into attaque values ( 8,9,'E-Coque',189,2,96 );
insert into attaque values ( 9,0,'Constriction',32,30,97 );
insert into attaque values ( 10,2,'Picanon',195,26,11 );
insert into attaque values ( 11,13,'Uppercut',229,44,24 );
insert into attaque values ( 12,10,'Coup de Main',70,19,51 );
insert into attaque values ( 13,12,'Flash',2,49,63 );
insert into attaque values ( 14,7,'Conversion',118,3,34 );
insert into attaque values ( 15,2,'Affûtage',199,19,37 );
insert into attaque values ( 16,7,'Croc de Mort',37,89,14 );
insert into attaque values ( 17,4,'Par Ici',170,62,17 );
insert into attaque values ( 18,10,'Attrition',82,17,51 );
insert into attaque values ( 19,12,'Force-Nature',183,75,91 );
insert into attaque values ( 20,13,'Combo-Griffe',42,90,99 );
insert into attaque values ( 21,12,'Explosion',24,40,74 );
insert into attaque values ( 22,11,'Trempette',123,86,54 );
insert into attaque values ( 23,0,'Exuviation',9,20,67 );
insert into attaque values ( 24,5,'CoudKrâne',225,68,77 );
insert into attaque values ( 25,13,'Météores',88,23,62 );
insert into attaque values ( 26,11,'Relais',122,55,24 );
insert into attaque values ( 27,6,'Rengorgement',246,62,96 );
insert into attaque values ( 28,0,'BoulArmure',20,61,69 );
insert into zone values ( 0,'Romania' );
insert into zone values ( 1,'Chad' );
insert into zone values ( 2,'Kiribati' );
insert into zone values ( 3,'Colombia' );
insert into zone values ( 4,'Norfolk Island' );
insert into zone values ( 5,'Sudan' );
insert into zone values ( 6,'Antarctica (the territory South of 60 deg S)' );
insert into zone values ( 7,'Tonga' );
insert into zone values ( 8,'Turks and Caicos Islands' );
insert into zone values ( 9,'Nicaragua' );
insert into zone values ( 10,'Vanuatu' );
insert into zone values ( 11,'Guam' );
insert into zone values ( 12,'Oman' );
insert into zone values ( 13,'Mauritania' );
insert into zone values ( 14,'Burkina Faso' );
insert into zone values ( 15,'Bahrain' );
insert into zone values ( 16,'Tunisia' );
insert into zone values ( 17,'Turkmenistan' );
insert into zone values ( 18,'Zambia' );
insert into zone values ( 19,'Slovenia' );
insert into zone values ( 20,'Tokelau' );
insert into zone values ( 21,'Saint Lucia' );
insert into zone values ( 22,'Netherlands Antilles' );
insert into zone values ( 23,'Brunei Darussalam' );
insert into zone values ( 24,'Lebanon' );
insert into zone values ( 25,'Pitcairn Islands' );
insert into zone values ( 26,'Isle of Man' );
insert into zone values ( 27,'Mozambique' );
insert into zone values ( 28,'Bangladesh' );
insert into zone values ( 29,'Chile' );
insert into zone values ( 30,'Iran' );
insert into zone values ( 31,'American Samoa' );
insert into zone values ( 32,'Guyana' );
insert into zone values ( 33,'Hungary' );
insert into zone values ( 34,'Ethiopia' );
insert into zone values ( 35,'Virgin Islands, U.S.' );
insert into zone values ( 36,'Equatorial Guinea' );
insert into zone values ( 37,'Norway' );
insert into zone values ( 38,'Russian Federation' );
insert into zone values ( 39,'Tajikistan' );
insert into zone values ( 40,'Guinea-Bissau' );
insert into zone values ( 41,'Denmark' );
insert into zone values ( 42,'Bolivia' );
insert into zone values ( 43,'Guadeloupe' );
insert into zone values ( 44,'French Guiana' );
insert into zone values ( 45,'Botswana' );
insert into zone values ( 46,'Australia' );
insert into zone values ( 47,'Cape Verde' );
insert into zone values ( 48,'Saint Martin' );
insert into zone values ( 49,'Andorra' );
insert into zone values ( 50,'Fiji' );
insert into zone values ( 51,'Republic of Korea' );
insert into zone values ( 52,'Christmas Island' );
insert into zone values ( 53,'Saint Helena' );
insert into zone values ( 54,'Marshall Islands' );
insert into zone values ( 55,'Bouvet Island (Bouvetoya)' );
insert into zone values ( 56,'Italy' );
insert into zone values ( 57,'San Marino' );
insert into zone values ( 58,'Somalia' );
insert into zone values ( 59,'Saint Pierre and Miquelon' );
insert into zone values ( 60,'Sweden' );
insert into zone values ( 61,'Uganda' );
insert into zone values ( 62,'Iceland' );
insert into zone values ( 63,'Yemen' );
insert into zone values ( 64,'Greenland' );
insert into zone values ( 65,'Suriname' );
insert into zone values ( 66,'Guernsey' );
insert into zone values ( 67,'Moldova' );
insert into zone values ( 68,'Palestinian Territory' );
insert into zone values ( 69,'Guinea' );
insert into zone values ( 70,'Nauru' );
insert into zone values ( 71,'India' );
insert into zone values ( 72,'Madagascar' );
insert into zone values ( 73,'Montenegro' );
insert into zone values ( 74,'Rwanda' );
insert into zone values ( 75,'Venezuela' );
insert into zone values ( 76,'Belgium' );
insert into zone values ( 77,'Macao' );
insert into zone values ( 78,'Samoa' );
insert into zone values ( 79,'Mexico' );
insert into zone values ( 80,'Vietnam' );
insert into zone values ( 81,'Egypt' );
insert into objet values ( 0,'Défense +',0,1,0 );
insert into objet values ( 1,'Muscle +',1,1,1 );
insert into objet values ( 2,'Défense Spéc',1,1,1 );
insert into objet values ( 3,'Déf. Spé. +',1,1,0 );
insert into objet values ( 4,'Attaque +',0,0,1 );
insert into objet values ( 5,'Spécial +',1,1,1 );
insert into objet values ( 6,'Précision +',1,0,1 );
insert into objet values ( 7,'Vitesse +',1,1,0 );
insert into objet values ( 8,'Baie Tamato',1,0,1 );
insert into objet values ( 9,'Baie Résin',0,0,1 );
insert into objet values ( 10,'Baie Lonme',1,1,1 );
insert into objet values ( 11,'Baie Qualot',0,0,0 );
insert into objet values ( 12,'Baie Alga',1,0,0 );
insert into objet values ( 13,'Baie Grena',0,1,0 );
insert into objet values ( 14,'Baie Mepo',1,1,1 );
insert into objet values ( 15,'Baie Willia',0,1,1 );
insert into objet values ( 16,'Baie Fraive',1,0,0 );
insert into objet values ( 17,'Baie Pêcha',0,0,1 );
insert into objet values ( 18,'Baie Maron',0,0,0 );
insert into objet values ( 19,'Baie Oran',0,0,1 );
insert into genre values ( 0,0,0 );
insert into genre values ( 1,0,1 );
insert into genre values ( 2,1,1 );
insert into genre values ( 3,1,0 );
insert into etat values ( 0,'Mission' );
insert into etat values ( 1,'Repos' );
insert into etat values ( 2,'Reproduction' );
insert into espece values ( 0,4,null,'Bulbizarre' );
insert into espece values ( 1,null,null,'Chenipan' );
insert into espece values ( 2,11,null,'Voltorbe' );
insert into espece values ( 3,null,null,'Électrode' );
insert into espece values ( 4,null,null,'Nœunœuf' );
insert into espece values ( 5,null,null,'Noadkoko' );
insert into espece values ( 6,null,null,'Osselait' );
insert into espece values ( 7,null,null,'Ossatueur' );
insert into espece values ( 8,null,null,'Kicklee' );
insert into espece values ( 9,null,null,'Tygnon' );
insert into espece values ( 10,null,null,'Excelangue' );
insert into espece values ( 11,null,6,'Smogo' );
insert into espece values ( 12,null,null,'Chrysacier' );
insert into espece values ( 13,null,null,'Smogogo' );
insert into espece values ( 14,null,null,'Rhinocorne' );
insert into espece values ( 15,null,null,'Rhinoféros' );
insert into espece values ( 16,null,null,'Leveinard' );
insert into espece values ( 17,null,null,'Saquedeneu' );
insert into espece values ( 18,null,2,'Kangourex' );
insert into espece values ( 19,null,null,'Hypotrempe' );
insert into espece values ( 20,null,null,'Hypocéan' );
insert into espece values ( 21,null,null,'Poissirène' );
insert into espece values ( 22,null,null,'Poissoroy' );
insert into espece values ( 23,null,13,'Papilusion' );
insert into espece values ( 24,null,null,'Stari' );
insert into espece values ( 25,null,null,'Staross' );
insert into espece values ( 26,null,null,'M.Mime' );
insert into espece values ( 27,null,null,'Insécateur' );
insert into espece values ( 28,null,null,'Lippoutou' );
insert into espece values ( 29,null,null,'Élektek' );
insert into espece values ( 30,null,19,'Magmar' );
insert into espece values ( 31,null,null,'Scarabrute' );
insert into espece values ( 32,null,null,'Tauros' );
insert into espece values ( 33,null,null,'Magicarpe' );
insert into espece values ( 34,null,null,'Aspicot' );
insert into espece values ( 35,null,null,'Léviator' );
insert into espece values ( 36,null,null,'Lokhlass' );
insert into espece values ( 37,null,null,'Métamorph' );
insert into espece values ( 38,null,null,'Évoli' );
insert into espece values ( 39,null,null,'Aquali' );
insert into espece values ( 40,null,null,'Voltali' );
insert into espece values ( 41,null,6,'Pyroli' );
insert into espece values ( 42,null,null,'Porygon' );
insert into espece values ( 43,null,null,'Amonita' );
insert into espece values ( 44,null,null,'Amonistar' );
insert into espece values ( 45,null,null,'Coconfort' );
insert into espece values ( 46,null,null,'Kabuto' );
insert into espece values ( 47,null,null,'Kabutops' );
insert into espece values ( 48,null,null,'Ptéra' );
insert into espece values ( 49,null,null,'Ronflex' );
insert into espece values ( 50,null,null,'Artikodin' );
insert into espece values ( 51,null,null,'Électhor' );
insert into espece values ( 52,null,null,'Sulfura' );
insert into espece values ( 53,null,null,'Minidraco' );
insert into espece values ( 54,null,null,'Draco' );
insert into espece values ( 55,null,null,'Dracolosse' );
insert into espece values ( 56,null,null,'Dardargnan' );
insert into espece values ( 57,null,null,'Mewtwo' );
insert into espece values ( 58,null,17,'Mew' );
insert into espece values ( 59,null,null,'Roucool' );
insert into espece values ( 60,null,null,'Roucoups' );
insert into espece values ( 61,null,null,'Roucarnage' );
insert into espece values ( 62,null,null,'Rattata' );
insert into espece values ( 63,null,null,'Herbizarre' );
insert into espece values ( 64,null,null,'Rattatac' );
insert into espece values ( 65,null,null,'Piafabec' );
insert into espece values ( 66,null,null,'Rapasdepic' );
insert into espece values ( 67,null,null,'Abo' );
insert into espece values ( 68,null,null,'Arbok' );
insert into espece values ( 69,null,null,'Pikachu' );
insert into espece values ( 70,null,null,'Raichu' );
insert into espece values ( 71,null,null,'Sabelette' );
insert into espece values ( 72,null,null,'Sablaireau' );
insert into espece values ( 73,null,null,'Nidoran♀' );
insert into espece values ( 74,null,null,'Florizarre' );
insert into espece values ( 75,null,null,'Nidorina' );
insert into espece values ( 76,null,null,'Nidoqueen' );
insert into espece values ( 77,null,null,'Nidoran♂' );
insert into espece values ( 78,null,null,'Nidorino' );
insert into espece values ( 79,null,null,'Nidoking' );
insert into espece values ( 80,null,null,'Mélofée' );
insert into espece values ( 81,null,null,'Mélodelfe' );
insert into espece values ( 82,null,42,'Feunard' );
insert into espece values ( 83,null,null,'Rondoudou' );
insert into espece values ( 84,null,38,'Salamèche' );
insert into espece values ( 85,null,null,'Grodoudou' );
insert into espece values ( 86,null,0,'Nosferapti' );
insert into espece values ( 87,null,null,'Nosferalto' );
insert into espece values ( 88,null,null,'Mystherbe' );
insert into espece values ( 89,11,null,'Ortide' );
insert into espece values ( 90,null,null,'Rafflesia' );
insert into espece values ( 91,null,null,'Paras' );
insert into espece values ( 92,null,null,'Parasect' );
insert into espece values ( 93,null,null,'Mimitoss' );
insert into espece values ( 94,null,null,'Aéromite' );
insert into espece values ( 95,null,null,'Reptincel' );
insert into espece values ( 96,null,73,'Taupiqueur' );
insert into espece values ( 97,null,null,'Triopikeur' );
insert into espece values ( 98,null,null,'Miaouss' );
insert into espece values ( 99,null,null,'Persian' );
insert into espece values ( 100,null,null,'Psykokwak' );
insert into espece values ( 101,null,null,'Akwakwak' );
insert into espece values ( 102,null,null,'Férosinge' );
insert into espece values ( 103,null,null,'Colossinge' );
insert into espece values ( 104,null,null,'Caninos' );
insert into espece values ( 105,null,86,'Arcanin' );
insert into espece values ( 106,null,null,'Dracaufeu' );
insert into espece values ( 107,null,null,'Ptitard' );
insert into espece values ( 108,null,null,'Têtarte' );
insert into espece values ( 109,null,65,'Tartard' );
insert into espece values ( 110,null,null,'Abra' );
insert into espece values ( 111,null,null,'Kadabra' );
insert into espece values ( 112,null,null,'Alakazam' );
insert into espece values ( 113,null,null,'Machoc' );
insert into espece values ( 114,null,null,'Machopeur' );
insert into espece values ( 115,null,28,'Mackogneur' );
insert into espece values ( 116,null,null,'Chétiflor' );
insert into espece values ( 117,null,null,'Carapuce' );
insert into espece values ( 118,null,null,'Boustiflor' );
insert into espece values ( 119,null,null,'Empiflor' );
insert into espece values ( 120,null,null,'Tentacool' );
insert into espece values ( 121,null,null,'Tentacruel' );
insert into espece values ( 122,null,null,'Racaillou' );
insert into espece values ( 123,null,79,'Gravalanch' );
insert into espece values ( 124,null,null,'Grolem' );
insert into espece values ( 125,null,103,'Ponyta' );
insert into espece values ( 126,null,null,'Galopa' );
insert into espece values ( 127,null,null,'Carabaffe' );
insert into espece values ( 128,null,null,'Flagadoss' );
insert into espece values ( 129,null,null,'Magnéton' );
insert into espece values ( 130,null,null,'Canarticho' );
insert into espece values ( 131,null,null,'Dodrio' );
insert into espece values ( 132,null,null,'Otaria' );
insert into espece values ( 133,null,null,'Tadmorv' );
insert into espece values ( 134,null,null,'Grotadmorv' );
insert into espece values ( 135,null,null,'Kokiyas' );
insert into espece values ( 136,null,null,'Crustabri' );
insert into espece values ( 137,null,null,'Spectrum' );
insert into espece values ( 138,null,76,'Ectoplasma' );
insert into espece values ( 139,null,42,'Soporifik' );
insert into espece values ( 140,null,null,'Hypnomade' );
insert into espece values ( 141,null,null,'Krabboss' );
insert into monstropoche values ( 0,'Xander_Crist',null,2,1,11,39,86,75,17 );
insert into monstropoche values ( 1,'Bell16',null,2,2,18,114,15,41,14 );
insert into monstropoche values ( 2,'Augustus.Zboncak24',null,2,1,9,95,35,35,34 );
insert into monstropoche values ( 3,'Alejandra_Boehm89',5,3,2,17,91,81,43,78 );
insert into monstropoche values ( 4,'Marcelle.Bernhard',null,3,0,5,99,38,54,4 );
insert into monstropoche values ( 5,'Bryon_Treutel',87,1,0,9,49,21,23,6 );
insert into monstropoche values ( 6,'Garfield_Hettinger',null,3,2,12,46,13,68,12 );
insert into monstropoche values ( 7,'Al_Lynch',94,3,1,8,39,6,21,3 );
insert into monstropoche values ( 8,'Stefan77',76,2,0,4,60,60,50,50 );
insert into monstropoche values ( 9,'Ashtyn.Fritsch6',null,1,0,4,14,24,61,13 );
insert into monstropoche values ( 10,'Berneice53',25,3,0,2,132,49,44,28 );
insert into monstropoche values ( 11,'Brando.Marvin',null,3,0,10,90,84,40,24 );
insert into monstropoche values ( 12,'Stephan.Bode3',47,3,2,17,5,19,64,0 );
insert into monstropoche values ( 13,'Alana_Morissette51',35,3,0,4,44,3,28,2 );
insert into monstropoche values ( 14,'Cornell53',1,3,0,6,51,44,86,0 );
insert into monstropoche values ( 15,'Sheridan.Zemlak',null,0,1,18,36,81,72,41 );
insert into monstropoche values ( 16,'Terrill.Keebler',null,3,2,11,85,23,30,2 );
insert into monstropoche values ( 17,'Marcus.Stroman16',30,2,0,7,82,31,4,18 );
insert into monstropoche values ( 18,'Carolanne72',75,1,1,10,22,20,83,6 );
insert into monstropoche values ( 19,'Elwyn.Green',7,0,2,0,63,76,67,69 );
insert into monstropoche values ( 20,'Ali.Vandervort',84,3,0,16,141,37,34,2 );
insert into monstropoche values ( 21,'Ludie83',null,2,0,18,87,59,87,2 );
insert into monstropoche values ( 22,'Elsie_Crist52',null,3,2,12,54,8,59,0 );
insert into monstropoche values ( 23,'Sonny_Stiedemann',null,0,1,4,102,24,60,15 );
insert into monstropoche values ( 24,'Amie68',30,1,0,3,130,57,66,30 );
insert into monstropoche values ( 25,'Gabe22',null,1,1,18,26,13,6,10 );
insert into monstropoche values ( 26,'Peggie5',null,2,1,9,123,77,79,72 );
insert into monstropoche values ( 27,'Jackeline.Littel54',null,1,1,10,0,60,95,46 );
insert into monstropoche values ( 28,'Beth_Carter',40,2,2,6,129,80,52,36 );
insert into monstropoche values ( 29,'Marie.Doyle84',43,2,0,7,32,9,72,8 );
insert into monstropoche values ( 30,'Fabiola.Schuster79',null,0,2,7,115,17,53,5 );
insert into monstropoche values ( 31,'Rey.Bogan92',36,2,2,2,30,42,38,4 );
insert into monstropoche values ( 32,'Theresia_McLaughlin89',null,0,2,9,13,63,25,43 );
insert into monstropoche values ( 33,'Magnolia_Hilll',null,2,0,15,8,96,6,68 );
insert into monstropoche values ( 34,'Morton.Kilback29',null,2,1,3,97,20,4,10 );
insert into monstropoche values ( 35,'Davion_Kuhn91',32,2,0,14,74,18,55,14 );
insert into monstropoche values ( 36,'Adrien11',null,0,2,5,137,45,84,7 );
insert into monstropoche values ( 37,'Marques41',null,0,0,7,38,70,69,20 );
insert into monstropoche values ( 38,'Ezequiel_Hilll83',72,3,2,14,0,21,12,12 );
insert into monstropoche values ( 39,'Marco_Becker24',null,2,2,12,127,16,53,5 );
insert into monstropoche values ( 40,'Audreanne_Koepp',null,0,1,18,104,74,58,21 );
insert into monstropoche values ( 41,'Demetrius_Senger59',64,2,2,13,20,92,37,15 );
insert into monstropoche values ( 42,'Cletus89',53,3,2,8,94,1,79,1 );
insert into monstropoche values ( 43,'Monica19',null,3,1,0,40,54,81,6 );
insert into monstropoche values ( 44,'Magnus_Murray79',null,3,2,15,89,10,27,2 );
insert into monstropoche values ( 45,'Zachery_Kilback',88,2,1,16,37,58,19,29 );
insert into monstropoche values ( 46,'Lonny.Ledner42',null,0,2,11,24,71,54,62 );
insert into monstropoche values ( 47,'Thelma_Powlowski92',48,3,0,6,122,97,100,84 );
insert into monstropoche values ( 48,'Carmel.Tremblay93',25,3,2,7,69,73,70,64 );
insert into monstropoche values ( 49,'Norwood.Kutch71',14,1,1,18,107,27,96,16 );
insert into monstropoche values ( 50,'Bessie.Kuhic',23,2,1,13,103,45,87,44 );
insert into monstropoche values ( 51,'Wilfred28',66,3,2,4,23,84,95,26 );
insert into monstropoche values ( 52,'Broderick_Kohler',null,1,1,2,37,41,85,20 );
insert into monstropoche values ( 53,'Kali.Gaylord',51,0,2,6,121,77,41,75 );
insert into monstropoche values ( 54,'Palma72',null,1,1,8,2,53,21,47 );
insert into monstropoche values ( 55,'Julio10',null,1,1,12,4,80,91,42 );
insert into monstropoche values ( 56,'Marcella48',42,2,0,8,47,76,56,24 );
insert into monstropoche values ( 57,'Johnathan61',null,3,0,14,35,58,26,5 );
insert into monstropoche values ( 58,'Christopher_Bosco',null,3,2,8,96,21,24,10 );
insert into monstropoche values ( 59,'Jabari40',42,0,0,0,50,16,24,9 );
insert into monstropoche values ( 60,'Paula_Schowalter',99,1,2,5,83,64,14,41 );
insert into monstropoche values ( 61,'Melvin.Jacobi83',55,3,0,13,19,24,74,6 );
insert into monstropoche values ( 62,'Earline_Graham94',null,2,1,5,60,45,94,9 );
insert into monstropoche values ( 63,'Clemmie_Adams',null,0,2,9,26,14,53,2 );
insert into monstropoche values ( 64,'Linnea.Schuppe',19,0,1,9,90,20,5,3 );
insert into monstropoche values ( 65,'Isadore.Dibbert69',85,3,0,17,98,27,86,17 );
insert into monstropoche values ( 66,'Mike98',47,0,2,0,42,83,74,36 );
insert into monstropoche values ( 67,'Rocio64',73,0,0,17,2,0,79,0 );
insert into monstropoche values ( 68,'Nelson96',16,1,1,7,53,96,38,80 );
insert into monstropoche values ( 69,'Stewart65',63,1,2,4,10,44,74,36 );
insert into monstropoche values ( 70,'Robert.Murray37',null,1,1,7,135,45,22,5 );
insert into monstropoche values ( 71,'Marietta.Schinner',82,3,1,4,138,28,95,19 );
insert into monstropoche values ( 72,'Hollie_Nikolaus50',44,1,1,19,34,53,46,36 );
insert into monstropoche values ( 73,'Darwin_Dickens75',26,3,0,1,91,81,78,19 );
insert into monstropoche values ( 74,'Arlo.Nader',null,3,1,5,133,33,86,32 );
insert into monstropoche values ( 75,'Leda.Gleason56',null,3,2,10,120,84,9,6 );
insert into monstropoche values ( 76,'Colt87',95,2,0,17,47,21,45,18 );
insert into monstropoche values ( 77,'Kaia34',67,0,1,0,28,3,33,0 );
insert into monstropoche values ( 78,'Guadalupe19',19,0,1,10,121,79,72,52 );
insert into monstropoche values ( 79,'Jett49',14,0,0,10,27,28,8,27 );
insert into monstropoche values ( 80,'Granville.Smitham46',null,3,1,0,49,44,73,5 );
insert into monstropoche values ( 81,'Elmore_Larson',null,2,2,1,121,50,11,26 );
insert into monstropoche values ( 82,'Cristian.Ankunding13',40,3,1,3,53,80,94,48 );
insert into monstropoche values ( 83,'Nya26',38,1,1,12,72,49,51,37 );
insert into monstropoche values ( 84,'Natalie_Breitenberg',64,0,2,16,14,77,42,57 );
insert into monstropoche values ( 85,'Miles.Kertzmann',38,0,2,8,59,81,30,16 );
insert into monstropoche values ( 86,'Jayden_Pollich',84,1,2,10,91,65,20,38 );
insert into monstropoche values ( 87,'Clarabelle0',null,1,0,12,125,74,32,10 );
insert into monstropoche values ( 88,'Dora92',37,2,1,10,41,72,3,4 );
insert into monstropoche values ( 89,'Tara.Ondricka',null,3,1,7,79,72,72,49 );
insert into monstropoche values ( 90,'Brooke_Schaden',87,3,1,4,44,29,41,24 );
insert into monstropoche values ( 91,'Zelma_Kohler37',null,1,2,4,73,46,26,29 );
insert into monstropoche values ( 92,'Herminio.Hilll93',7,3,2,1,28,81,0,77 );
insert into monstropoche values ( 93,'Mireya74',null,2,0,13,13,16,100,1 );
insert into monstropoche values ( 94,'Derek18',55,2,0,15,78,73,53,11 );
insert into monstropoche values ( 95,'Jaylen.Muller',2,1,1,16,24,62,39,48 );
insert into monstropoche values ( 96,'Demetris.Murray',null,0,2,6,104,77,22,15 );
insert into monstropoche values ( 97,'Berniece.Feest91',68,1,1,8,60,40,83,19 );
insert into monstropoche values ( 98,'Zoila25',null,1,1,4,13,72,34,63 );
insert into monstropoche values ( 99,'Leda93',null,3,1,11,128,47,79,4 );
insert into monstropoche values ( 100,'Jefferey69',0,3,1,12,60,100,5,86 );
insert into monstropoche values ( 101,'Troy24',0,2,1,3,99,100,56,60 );
insert into monstropoche values ( 102,'Arden73',0,1,1,1,52,100,7,48 );
insert into monstropoche values ( 103,'Eula_Renner',0,1,2,3,60,100,26,41 );
insert into monstropoche values ( 104,'Delia10',0,2,2,13,10,100,54,23 );
insert into monstropoche values ( 105,'Brycen_Ward',0,0,0,6,67,100,75,19 );
insert into monstropoche values ( 106,'Naomi_Cormier12',0,1,2,18,72,100,9,48 );
insert into monstropoche values ( 107,'Helga_Runolfsson',0,3,0,16,110,100,43,53 );
insert into monstropoche values ( 108,'Floy.Simonis62',0,0,2,3,66,100,61,8 );
insert into monstropoche values ( 109,'Lesley56',0,0,1,13,95,100,38,54 );
insert into monstropoche values ( 110,'Alfonzo_Kunde',0,2,0,2,129,100,45,57 );
insert into monstropoche values ( 111,'Brook_Ledner46',0,1,0,19,66,100,35,61 );
insert into monstropoche values ( 112,'Ursula.Kreiger',0,3,1,8,83,100,30,91 );
insert into monstropoche values ( 113,'Leilani62',0,2,1,2,57,100,60,44 );
insert into monstropoche values ( 114,'Darrick_Ritchie30',0,0,1,9,70,100,64,75 );
insert into monstropoche values ( 115,'Taylor90',0,3,0,14,59,100,28,76 );
insert into monstropoche values ( 116,'Corine34',0,0,0,8,78,100,25,98 );
insert into monstropoche values ( 117,'Bret1',0,2,2,16,85,100,87,45 );
insert into monstropoche values ( 118,'Amber.Walsh',0,1,0,13,35,100,57,40 );
insert into monstropoche values ( 119,'Jeffery68',0,2,1,13,22,100,59,23 );
insert into objet_zone values ( 0,47 );
insert into objet_zone values ( 1,54 );
insert into objet_zone values ( 2,13 );
insert into objet_zone values ( 3,4 );
insert into objet_zone values ( 4,39 );
insert into objet_zone values ( 5,6 );
insert into objet_zone values ( 6,39 );
insert into objet_zone values ( 7,63 );
insert into objet_zone values ( 8,22 );
insert into objet_zone values ( 9,29 );
insert into objet_zone values ( 10,70 );
insert into objet_zone values ( 11,20 );
insert into objet_zone values ( 12,57 );
insert into objet_zone values ( 13,67 );
insert into objet_zone values ( 14,1 );
insert into objet_zone values ( 15,38 );
insert into objet_zone values ( 16,15 );
insert into objet_zone values ( 17,11 );
insert into objet_zone values ( 18,47 );
insert into objet_zone values ( 19,43 );
insert into objet_zone values ( 10,0 );
insert into objet_zone values ( 16,1 );
insert into objet_zone values ( 7,2 );
insert into objet_zone values ( 9,3 );
insert into objet_zone values ( 1,4 );
insert into objet_zone values ( 12,5 );
insert into objet_zone values ( 8,6 );
insert into objet_zone values ( 10,7 );
insert into objet_zone values ( 6,8 );
insert into objet_zone values ( 12,9 );
insert into objet_zone values ( 7,10 );
insert into objet_zone values ( 13,11 );
insert into objet_zone values ( 2,12 );
insert into objet_zone values ( 4,13 );
insert into objet_zone values ( 16,14 );
insert into objet_zone values ( 15,15 );
insert into objet_zone values ( 17,16 );
insert into objet_zone values ( 7,17 );
insert into objet_zone values ( 6,18 );
insert into objet_zone values ( 11,19 );
insert into objet_zone values ( 1,20 );
insert into objet_zone values ( 3,21 );
insert into objet_zone values ( 1,22 );
insert into objet_zone values ( 7,23 );
insert into objet_zone values ( 19,24 );
insert into objet_zone values ( 15,25 );
insert into objet_zone values ( 19,26 );
insert into objet_zone values ( 18,27 );
insert into objet_zone values ( 6,28 );
insert into objet_zone values ( 10,30 );
insert into objet_zone values ( 1,31 );
insert into objet_zone values ( 6,32 );
insert into objet_zone values ( 0,33 );
insert into objet_zone values ( 14,34 );
insert into objet_zone values ( 13,35 );
insert into objet_zone values ( 6,36 );
insert into objet_zone values ( 16,37 );
insert into objet_zone values ( 2,38 );
insert into objet_zone values ( 17,39 );
insert into objet_zone values ( 4,40 );
insert into objet_zone values ( 15,41 );
insert into objet_zone values ( 19,42 );
insert into objet_zone values ( 9,43 );
insert into objet_zone values ( 19,44 );
insert into objet_zone values ( 0,45 );
insert into objet_zone values ( 6,46 );
insert into objet_zone values ( 13,47 );
insert into objet_zone values ( 16,48 );
insert into objet_zone values ( 8,49 );
insert into objet_zone values ( 15,50 );
insert into objet_zone values ( 11,51 );
insert into objet_zone values ( 3,52 );
insert into objet_zone values ( 18,53 );
insert into objet_zone values ( 7,54 );
insert into objet_zone values ( 5,55 );
insert into objet_zone values ( 16,56 );
insert into objet_zone values ( 9,57 );
insert into objet_zone values ( 9,58 );
insert into objet_zone values ( 9,59 );
insert into objet_zone values ( 14,60 );
insert into objet_zone values ( 8,61 );
insert into objet_zone values ( 18,62 );
insert into objet_zone values ( 13,63 );
insert into objet_zone values ( 19,64 );
insert into objet_zone values ( 16,65 );
insert into objet_zone values ( 11,66 );
insert into objet_zone values ( 1,67 );
insert into objet_zone values ( 2,68 );
insert into objet_zone values ( 3,69 );
insert into objet_zone values ( 1,70 );
insert into objet_zone values ( 14,71 );
insert into objet_zone values ( 2,72 );
insert into objet_zone values ( 6,73 );
insert into objet_zone values ( 15,74 );
insert into objet_zone values ( 5,75 );
insert into objet_zone values ( 5,76 );
insert into objet_zone values ( 1,77 );
insert into objet_zone values ( 3,78 );
insert into objet_zone values ( 1,79 );
insert into objet_zone values ( 16,80 );
insert into objet_zone values ( 9,81 );
insert into espece_type values ( 0,8 );
insert into espece_type values ( 1,8 );
insert into espece_type values ( 2,0 );
insert into espece_type values ( 3,14 );
insert into espece_type values ( 4,6 );
insert into espece_type values ( 5,8 );
insert into espece_type values ( 6,14 );
insert into espece_type values ( 7,7 );
insert into espece_type values ( 8,14 );
insert into espece_type values ( 9,10 );
insert into espece_type values ( 10,11 );
insert into espece_type values ( 11,3 );
insert into espece_type values ( 12,0 );
insert into espece_type values ( 13,3 );
insert into espece_type values ( 14,2 );
insert into espece_type values ( 15,8 );
insert into espece_type values ( 16,1 );
insert into espece_type values ( 17,7 );
insert into espece_type values ( 18,4 );
insert into espece_type values ( 19,4 );
insert into espece_type values ( 20,3 );
insert into espece_type values ( 21,6 );
insert into espece_type values ( 22,0 );
insert into espece_type values ( 23,15 );
insert into espece_type values ( 24,13 );
insert into espece_type values ( 25,0 );
insert into espece_type values ( 26,9 );
insert into espece_type values ( 27,16 );
insert into espece_type values ( 28,14 );
insert into espece_type values ( 29,10 );
insert into espece_type values ( 30,2 );
insert into espece_type values ( 31,3 );
insert into espece_type values ( 32,11 );
insert into espece_type values ( 33,13 );
insert into espece_type values ( 34,3 );
insert into espece_type values ( 35,16 );
insert into espece_type values ( 36,12 );
insert into espece_type values ( 37,9 );
insert into espece_type values ( 38,14 );
insert into espece_type values ( 39,7 );
insert into espece_type values ( 40,3 );
insert into espece_type values ( 41,9 );
insert into espece_type values ( 42,8 );
insert into espece_type values ( 43,16 );
insert into espece_type values ( 44,4 );
insert into espece_type values ( 45,13 );
insert into espece_type values ( 46,12 );
insert into espece_type values ( 47,2 );
insert into espece_type values ( 48,1 );
insert into espece_type values ( 49,14 );
insert into espece_type values ( 50,14 );
insert into espece_type values ( 51,3 );
insert into espece_type values ( 52,9 );
insert into espece_type values ( 53,15 );
insert into espece_type values ( 54,5 );
insert into espece_type values ( 55,11 );
insert into espece_type values ( 56,3 );
insert into espece_type values ( 57,10 );
insert into espece_type values ( 58,5 );
insert into espece_type values ( 59,1 );
insert into espece_type values ( 60,14 );
insert into espece_type values ( 61,8 );
insert into espece_type values ( 62,4 );
insert into espece_type values ( 63,5 );
insert into espece_type values ( 64,0 );
insert into espece_type values ( 65,8 );
insert into espece_type values ( 66,1 );
insert into espece_type values ( 67,6 );
insert into espece_type values ( 68,2 );
insert into espece_type values ( 69,14 );
insert into espece_type values ( 70,10 );
insert into espece_type values ( 71,13 );
insert into espece_type values ( 72,11 );
insert into espece_type values ( 73,0 );
insert into espece_type values ( 74,2 );
insert into espece_type values ( 75,0 );
insert into espece_type values ( 76,1 );
insert into espece_type values ( 77,11 );
insert into espece_type values ( 78,10 );
insert into espece_type values ( 79,4 );
insert into espece_type values ( 80,9 );
insert into espece_type values ( 81,12 );
insert into espece_type values ( 82,15 );
insert into espece_type values ( 83,7 );
insert into espece_type values ( 84,16 );
insert into espece_type values ( 85,0 );
insert into espece_type values ( 86,10 );
insert into espece_type values ( 87,16 );
insert into espece_type values ( 88,7 );
insert into espece_type values ( 89,13 );
insert into espece_type values ( 90,9 );
insert into espece_type values ( 91,12 );
insert into espece_type values ( 92,10 );
insert into espece_type values ( 93,16 );
insert into espece_type values ( 94,6 );
insert into espece_type values ( 95,5 );
insert into espece_type values ( 96,0 );
insert into espece_type values ( 97,12 );
insert into espece_type values ( 98,14 );
insert into espece_type values ( 99,3 );
insert into espece_type values ( 100,3 );
insert into espece_type values ( 101,8 );
insert into espece_type values ( 102,2 );
insert into espece_type values ( 103,6 );
insert into espece_type values ( 104,15 );
insert into espece_type values ( 105,12 );
insert into espece_type values ( 106,3 );
insert into espece_type values ( 107,3 );
insert into espece_type values ( 108,15 );
insert into espece_type values ( 109,13 );
insert into espece_type values ( 110,5 );
insert into espece_type values ( 111,14 );
insert into espece_type values ( 112,8 );
insert into espece_type values ( 113,14 );
insert into espece_type values ( 114,5 );
insert into espece_type values ( 115,16 );
insert into espece_type values ( 116,6 );
insert into espece_type values ( 117,14 );
insert into espece_type values ( 118,2 );
insert into espece_type values ( 119,2 );
insert into espece_type values ( 120,15 );
insert into espece_type values ( 121,8 );
insert into espece_type values ( 122,1 );
insert into espece_type values ( 123,7 );
insert into espece_type values ( 124,11 );
insert into espece_type values ( 125,6 );
insert into espece_type values ( 126,2 );
insert into espece_type values ( 127,3 );
insert into espece_type values ( 128,10 );
insert into espece_type values ( 129,10 );
insert into espece_type values ( 130,7 );
insert into espece_type values ( 131,8 );
insert into espece_type values ( 132,12 );
insert into espece_type values ( 133,9 );
insert into espece_type values ( 134,3 );
insert into espece_type values ( 135,4 );
insert into espece_type values ( 136,15 );
insert into espece_type values ( 137,11 );
insert into espece_type values ( 138,8 );
insert into espece_type values ( 139,16 );
insert into espece_type values ( 140,13 );
insert into espece_type values ( 141,10 );
insert into espece_type values ( 24,0 );
insert into espece_type values ( 30,1 );
insert into espece_type values ( 27,2 );
insert into espece_type values ( 118,3 );
insert into espece_type values ( 26,4 );
insert into espece_type values ( 50,5 );
insert into espece_type values ( 119,6 );
insert into espece_type values ( 99,7 );
insert into espece_type values ( 128,8 );
insert into espece_type values ( 32,9 );
insert into espece_type values ( 19,10 );
insert into espece_type values ( 125,11 );
insert into espece_type values ( 44,12 );
insert into espece_type values ( 79,13 );
insert into espece_type values ( 123,14 );
insert into espece_type values ( 74,15 );
insert into espece_type values ( 122,16 );
insert into espece_zone values ( 0,77 );
insert into espece_zone values ( 1,3 );
insert into espece_zone values ( 2,0 );
insert into espece_zone values ( 3,74 );
insert into espece_zone values ( 4,41 );
insert into espece_zone values ( 5,8 );
insert into espece_zone values ( 6,43 );
insert into espece_zone values ( 7,25 );
insert into espece_zone values ( 8,63 );
insert into espece_zone values ( 9,76 );
insert into espece_zone values ( 10,5 );
insert into espece_zone values ( 11,50 );
insert into espece_zone values ( 12,35 );
insert into espece_zone values ( 13,40 );
insert into espece_zone values ( 14,26 );
insert into espece_zone values ( 15,77 );
insert into espece_zone values ( 16,48 );
insert into espece_zone values ( 17,50 );
insert into espece_zone values ( 18,5 );
insert into espece_zone values ( 19,81 );
insert into espece_zone values ( 20,58 );
insert into espece_zone values ( 21,9 );
insert into espece_zone values ( 22,46 );
insert into espece_zone values ( 23,11 );
insert into espece_zone values ( 24,54 );
insert into espece_zone values ( 25,10 );
insert into espece_zone values ( 26,27 );
insert into espece_zone values ( 27,38 );
insert into espece_zone values ( 28,55 );
insert into espece_zone values ( 29,53 );
insert into espece_zone values ( 30,4 );
insert into espece_zone values ( 31,5 );
insert into espece_zone values ( 32,23 );
insert into espece_zone values ( 33,36 );
insert into espece_zone values ( 34,59 );
insert into espece_zone values ( 35,71 );
insert into espece_zone values ( 36,63 );
insert into espece_zone values ( 37,81 );
insert into espece_zone values ( 38,8 );
insert into espece_zone values ( 39,38 );
insert into espece_zone values ( 40,63 );
insert into espece_zone values ( 41,79 );
insert into espece_zone values ( 42,24 );
insert into espece_zone values ( 43,64 );
insert into espece_zone values ( 44,6 );
insert into espece_zone values ( 45,68 );
insert into espece_zone values ( 46,50 );
insert into espece_zone values ( 47,24 );
insert into espece_zone values ( 48,14 );
insert into espece_zone values ( 49,45 );
insert into espece_zone values ( 50,80 );
insert into espece_zone values ( 51,17 );
insert into espece_zone values ( 52,6 );
insert into espece_zone values ( 53,53 );
insert into espece_zone values ( 54,29 );
insert into espece_zone values ( 55,63 );
insert into espece_zone values ( 56,12 );
insert into espece_zone values ( 57,41 );
insert into espece_zone values ( 58,13 );
insert into espece_zone values ( 59,54 );
insert into espece_zone values ( 60,81 );
insert into espece_zone values ( 61,78 );
insert into espece_zone values ( 62,36 );
insert into espece_zone values ( 63,48 );
insert into espece_zone values ( 64,32 );
insert into espece_zone values ( 65,54 );
insert into espece_zone values ( 66,67 );
insert into espece_zone values ( 67,33 );
insert into espece_zone values ( 68,7 );
insert into espece_zone values ( 69,57 );
insert into espece_zone values ( 70,64 );
insert into espece_zone values ( 71,80 );
insert into espece_zone values ( 72,38 );
insert into espece_zone values ( 73,67 );
insert into espece_zone values ( 74,22 );
insert into espece_zone values ( 75,27 );
insert into espece_zone values ( 76,74 );
insert into espece_zone values ( 77,71 );
insert into espece_zone values ( 78,31 );
insert into espece_zone values ( 79,20 );
insert into espece_zone values ( 80,60 );
insert into espece_zone values ( 81,8 );
insert into espece_zone values ( 82,1 );
insert into espece_zone values ( 83,41 );
insert into espece_zone values ( 84,32 );
insert into espece_zone values ( 85,40 );
insert into espece_zone values ( 86,72 );
insert into espece_zone values ( 87,27 );
insert into espece_zone values ( 88,3 );
insert into espece_zone values ( 89,14 );
insert into espece_zone values ( 90,59 );
insert into espece_zone values ( 91,6 );
insert into espece_zone values ( 92,5 );
insert into espece_zone values ( 93,81 );
insert into espece_zone values ( 94,60 );
insert into espece_zone values ( 95,73 );
insert into espece_zone values ( 96,79 );
insert into espece_zone values ( 97,37 );
insert into espece_zone values ( 98,46 );
insert into espece_zone values ( 99,30 );
insert into espece_zone values ( 100,59 );
insert into espece_zone values ( 101,46 );
insert into espece_zone values ( 102,73 );
insert into espece_zone values ( 103,22 );
insert into espece_zone values ( 104,72 );
insert into espece_zone values ( 105,64 );
insert into espece_zone values ( 106,37 );
insert into espece_zone values ( 107,81 );
insert into espece_zone values ( 108,50 );
insert into espece_zone values ( 109,3 );
insert into espece_zone values ( 110,12 );
insert into espece_zone values ( 111,26 );
insert into espece_zone values ( 112,76 );
insert into espece_zone values ( 113,20 );
insert into espece_zone values ( 114,49 );
insert into espece_zone values ( 115,64 );
insert into espece_zone values ( 116,6 );
insert into espece_zone values ( 117,33 );
insert into espece_zone values ( 118,33 );
insert into espece_zone values ( 119,79 );
insert into espece_zone values ( 120,38 );
insert into espece_zone values ( 121,18 );
insert into espece_zone values ( 122,55 );
insert into espece_zone values ( 123,63 );
insert into espece_zone values ( 124,59 );
insert into espece_zone values ( 125,31 );
insert into espece_zone values ( 126,46 );
insert into espece_zone values ( 127,25 );
insert into espece_zone values ( 128,24 );
insert into espece_zone values ( 129,14 );
insert into espece_zone values ( 130,36 );
insert into espece_zone values ( 131,7 );
insert into espece_zone values ( 132,77 );
insert into espece_zone values ( 133,75 );
insert into espece_zone values ( 134,65 );
insert into espece_zone values ( 135,0 );
insert into espece_zone values ( 136,28 );
insert into espece_zone values ( 137,58 );
insert into espece_zone values ( 138,29 );
insert into espece_zone values ( 139,72 );
insert into espece_zone values ( 140,78 );
insert into espece_zone values ( 141,47 );
insert into espece_zone values ( 107,0 );
insert into espece_zone values ( 102,1 );
insert into espece_zone values ( 140,2 );
insert into espece_zone values ( 133,3 );
insert into espece_zone values ( 19,4 );
insert into espece_zone values ( 24,5 );
insert into espece_zone values ( 12,6 );
insert into espece_zone values ( 91,7 );
insert into espece_zone values ( 70,8 );
insert into espece_zone values ( 38,9 );
insert into espece_zone values ( 82,10 );
insert into espece_zone values ( 1,11 );
insert into espece_zone values ( 85,12 );
insert into espece_zone values ( 24,13 );
insert into espece_zone values ( 30,14 );
insert into espece_zone values ( 25,15 );
insert into espece_zone values ( 63,16 );
insert into espece_zone values ( 73,17 );
insert into espece_zone values ( 13,18 );
insert into espece_zone values ( 54,19 );
insert into espece_zone values ( 0,20 );
insert into espece_zone values ( 131,21 );
insert into espece_zone values ( 56,22 );
insert into espece_zone values ( 80,23 );
insert into espece_zone values ( 10,24 );
insert into espece_zone values ( 40,25 );
insert into espece_zone values ( 79,26 );
insert into espece_zone values ( 11,27 );
insert into espece_zone values ( 48,28 );
insert into espece_zone values ( 94,29 );
insert into espece_zone values ( 120,30 );
insert into espece_zone values ( 54,31 );
insert into espece_zone values ( 121,32 );
insert into espece_zone values ( 56,33 );
insert into espece_zone values ( 30,34 );
insert into espece_zone values ( 141,35 );
insert into espece_zone values ( 59,36 );
insert into espece_zone values ( 139,37 );
insert into espece_zone values ( 26,38 );
insert into espece_zone values ( 118,39 );
insert into espece_zone values ( 28,40 );
insert into espece_zone values ( 54,41 );
insert into espece_zone values ( 90,42 );
insert into espece_zone values ( 128,43 );
insert into espece_zone values ( 93,44 );
insert into espece_zone values ( 10,45 );
insert into espece_zone values ( 88,46 );
insert into espece_zone values ( 63,47 );
insert into espece_zone values ( 129,48 );
insert into espece_zone values ( 53,49 );
insert into espece_zone values ( 84,50 );
insert into espece_zone values ( 135,51 );
insert into espece_zone values ( 23,52 );
insert into espece_zone values ( 136,53 );
insert into espece_zone values ( 74,54 );
insert into espece_zone values ( 98,55 );
insert into espece_zone values ( 69,56 );
insert into espece_zone values ( 8,57 );
insert into espece_zone values ( 19,58 );
insert into espece_zone values ( 59,59 );
insert into espece_zone values ( 7,60 );
insert into espece_zone values ( 33,61 );
insert into espece_zone values ( 104,62 );
insert into espece_zone values ( 22,63 );
insert into espece_zone values ( 126,64 );
insert into espece_zone values ( 61,65 );
insert into espece_zone values ( 138,66 );
insert into espece_zone values ( 130,67 );
insert into espece_zone values ( 115,68 );
insert into espece_zone values ( 117,69 );
insert into espece_zone values ( 137,70 );
insert into espece_zone values ( 84,71 );
insert into espece_zone values ( 43,72 );
insert into espece_zone values ( 115,73 );
insert into espece_zone values ( 1,74 );
insert into espece_zone values ( 96,75 );
insert into espece_zone values ( 114,76 );
insert into espece_zone values ( 136,78 );
insert into espece_zone values ( 5,79 );
insert into espece_zone values ( 22,80 );
insert into espece_zone values ( 115,81 );
insert into monstropoche_attaque values ( 0,25 );
insert into monstropoche_attaque values ( 1,14 );
insert into monstropoche_attaque values ( 2,5 );
insert into monstropoche_attaque values ( 3,27 );
insert into monstropoche_attaque values ( 4,25 );
insert into monstropoche_attaque values ( 5,5 );
insert into monstropoche_attaque values ( 6,4 );
insert into monstropoche_attaque values ( 7,12 );
insert into monstropoche_attaque values ( 8,14 );
insert into monstropoche_attaque values ( 9,19 );
insert into monstropoche_attaque values ( 10,25 );
insert into monstropoche_attaque values ( 11,28 );
insert into monstropoche_attaque values ( 12,27 );
insert into monstropoche_attaque values ( 13,2 );
insert into monstropoche_attaque values ( 14,10 );
insert into monstropoche_attaque values ( 15,11 );
insert into monstropoche_attaque values ( 16,9 );
insert into monstropoche_attaque values ( 17,21 );
insert into monstropoche_attaque values ( 18,21 );
insert into monstropoche_attaque values ( 19,7 );
insert into monstropoche_attaque values ( 20,15 );
insert into monstropoche_attaque values ( 21,16 );
insert into monstropoche_attaque values ( 22,20 );
insert into monstropoche_attaque values ( 23,12 );
insert into monstropoche_attaque values ( 24,22 );
insert into monstropoche_attaque values ( 25,1 );
insert into monstropoche_attaque values ( 26,4 );
insert into monstropoche_attaque values ( 27,8 );
insert into monstropoche_attaque values ( 28,18 );
insert into monstropoche_attaque values ( 29,1 );
insert into monstropoche_attaque values ( 30,10 );
insert into monstropoche_attaque values ( 31,14 );
insert into monstropoche_attaque values ( 32,18 );
insert into monstropoche_attaque values ( 33,24 );
insert into monstropoche_attaque values ( 34,5 );
insert into monstropoche_attaque values ( 35,10 );
insert into monstropoche_attaque values ( 36,17 );
insert into monstropoche_attaque values ( 37,2 );
insert into monstropoche_attaque values ( 38,9 );
insert into monstropoche_attaque values ( 39,20 );
insert into monstropoche_attaque values ( 40,15 );
insert into monstropoche_attaque values ( 41,22 );
insert into monstropoche_attaque values ( 42,25 );
insert into monstropoche_attaque values ( 43,4 );
insert into monstropoche_attaque values ( 44,23 );
insert into monstropoche_attaque values ( 45,6 );
insert into monstropoche_attaque values ( 46,22 );
insert into monstropoche_attaque values ( 47,7 );
insert into monstropoche_attaque values ( 48,26 );
insert into monstropoche_attaque values ( 49,6 );
insert into monstropoche_attaque values ( 50,19 );
insert into monstropoche_attaque values ( 51,14 );
insert into monstropoche_attaque values ( 52,9 );
insert into monstropoche_attaque values ( 53,10 );
insert into monstropoche_attaque values ( 54,15 );
insert into monstropoche_attaque values ( 55,25 );
insert into monstropoche_attaque values ( 56,14 );
insert into monstropoche_attaque values ( 57,12 );
insert into monstropoche_attaque values ( 58,28 );
insert into monstropoche_attaque values ( 59,20 );
insert into monstropoche_attaque values ( 60,13 );
insert into monstropoche_attaque values ( 61,10 );
insert into monstropoche_attaque values ( 62,14 );
insert into monstropoche_attaque values ( 63,24 );
insert into monstropoche_attaque values ( 64,27 );
insert into monstropoche_attaque values ( 65,10 );
insert into monstropoche_attaque values ( 66,26 );
insert into monstropoche_attaque values ( 67,6 );
insert into monstropoche_attaque values ( 68,15 );
insert into monstropoche_attaque values ( 69,6 );
insert into monstropoche_attaque values ( 70,21 );
insert into monstropoche_attaque values ( 71,18 );
insert into monstropoche_attaque values ( 72,15 );
insert into monstropoche_attaque values ( 73,21 );
insert into monstropoche_attaque values ( 74,6 );
insert into monstropoche_attaque values ( 75,8 );
insert into monstropoche_attaque values ( 76,24 );
insert into monstropoche_attaque values ( 77,13 );
insert into monstropoche_attaque values ( 78,3 );
insert into monstropoche_attaque values ( 79,5 );
insert into monstropoche_attaque values ( 80,17 );
insert into monstropoche_attaque values ( 81,8 );
insert into monstropoche_attaque values ( 82,11 );
insert into monstropoche_attaque values ( 83,22 );
insert into monstropoche_attaque values ( 84,1 );
insert into monstropoche_attaque values ( 85,4 );
insert into monstropoche_attaque values ( 86,4 );
insert into monstropoche_attaque values ( 87,22 );
insert into monstropoche_attaque values ( 88,3 );
insert into monstropoche_attaque values ( 89,22 );
insert into monstropoche_attaque values ( 90,19 );
insert into monstropoche_attaque values ( 91,5 );
insert into monstropoche_attaque values ( 92,23 );
insert into monstropoche_attaque values ( 93,22 );
insert into monstropoche_attaque values ( 94,9 );
insert into monstropoche_attaque values ( 95,6 );
insert into monstropoche_attaque values ( 96,12 );
insert into monstropoche_attaque values ( 97,17 );
insert into monstropoche_attaque values ( 98,19 );
insert into monstropoche_attaque values ( 99,5 );
insert into monstropoche_attaque values ( 35,0 );
insert into monstropoche_attaque values ( 40,1 );
insert into monstropoche_attaque values ( 24,2 );
insert into monstropoche_attaque values ( 76,3 );
insert into monstropoche_attaque values ( 94,4 );
insert into monstropoche_attaque values ( 55,5 );
insert into monstropoche_attaque values ( 29,6 );
insert into monstropoche_attaque values ( 49,7 );
insert into monstropoche_attaque values ( 69,8 );
insert into monstropoche_attaque values ( 44,9 );
insert into monstropoche_attaque values ( 26,10 );
insert into monstropoche_attaque values ( 33,11 );
insert into monstropoche_attaque values ( 49,12 );
insert into monstropoche_attaque values ( 90,13 );
insert into monstropoche_attaque values ( 7,14 );
insert into monstropoche_attaque values ( 88,15 );
insert into monstropoche_attaque values ( 91,16 );
insert into monstropoche_attaque values ( 86,17 );
insert into monstropoche_attaque values ( 22,18 );
insert into monstropoche_attaque values ( 58,19 );
insert into monstropoche_attaque values ( 19,20 );
insert into monstropoche_attaque values ( 44,21 );
insert into monstropoche_attaque values ( 38,22 );
insert into monstropoche_attaque values ( 80,23 );
insert into monstropoche_attaque values ( 41,24 );
insert into monstropoche_attaque values ( 7,25 );
insert into monstropoche_attaque values ( 6,26 );
insert into monstropoche_attaque values ( 23,27 );
insert into monstropoche_attaque values ( 37,28 );
