drop table monstropoche_attaque;
drop table espece_zone;
drop table espece_type;
drop table objet_zone;
drop table monstropoche;
drop table espece;
drop table etat;
drop table genre;
drop table objet;
drop table zone;
drop table attaque;
drop table type;
drop table proprietaire;

create table proprietaire (
  id int not null,
  nom varchar(255) not null,
  primary key(id)
);
create table type (
  id int not null,
  nom varchar(255) not null,
  primary key(id)
);
create table attaque (
  id int not null,
  type_id int not null,
  nom varchar(255) not null,
  puissance int not null,
  perequis int not null,
  precizion int not null,
  constraint fk_attaque_type foreign key (type_id) references type(id),
  primary key(id)
);
create table zone (id int not null,
  nom varchar(255) not null,
  primary key(id)
);
create table objet (id int not null,
  nom varchar(255) not null,
  est_unique number(1) not null,
  est_defensif number(1),
  est_offensif number(1),
  primary key(id)
);
create table genre (id int not null,
  femelle number(1) not null,
  male number(1) not null,
  primary key(id)
);
create table etat (id int not null,
  nom varchar(255) not null,
  primary key(id)
);
create table espece (
  id int not null,
  objet_id int,
  source_id int,
  nom varchar(255) not null,
  constraint fk_espece_objet foreign key (objet_id) references objet(id),
  constraint fk_espece_espece foreign key (source_id) references espece(id),
  primary key(id)
);
create table monstropoche (id int not null,
  surnom varchar(255) not null,
  proprietaire_id int,
  genre_id int not null,
  etat_id int not null,
  objet_id int,
  espece_id int not null,
  pv int not null,
  pe int not null,
  pv_actuel int not null,
  constraint fk_monstropoche_proprietaire foreign key (proprietaire_id) references proprietaire(id),
  constraint fk_monstropoche_genre foreign key (genre_id) references genre(id),
  constraint fk_monstropoche_etat foreign key (etat_id) references etat(id),
  constraint fk_monstropoche_objet foreign key (objet_id) references objet(id),
  constraint fk_monstropoche_espece foreign key (espece_id) references espece(id),
  primary key(id)
);
create table objet_zone (objet_id int not null,
  zone_id int not null,
  constraint fk_objet_zone_objet foreign key (objet_id) references objet(id),
  constraint fk_objet_zone_zone foreign key (zone_id) references zone(id),
  primary key(objet_id,
  zone_id)
);
create table espece_type (espece_id int not null,
  type_id int not null,
  constraint fk_espece_type_espece foreign key (espece_id) references espece(id),
  constraint fk_espece_type_type foreign key (type_id) references type(id),
  primary key(espece_id,
  type_id)
);
create table espece_zone (espece_id int not null,
  zone_id int not null,
  constraint fk_espece_zone_espece foreign key (espece_id) references espece(id),
  constraint fk_espece_zone_zone foreign key (zone_id) references zone(id),
  primary key(espece_id,
  zone_id)
);
create table monstropoche_attaque (monstropoche_id int not null,
  attaque_id int not null,
  constraint fk_monstropoche_attaque_m foreign key (monstropoche_id) references monstropoche(id),
  constraint fk_monstropoche_attaque_a foreign key (attaque_id) references attaque(id),
  primary key(monstropoche_id,
  attaque_id)
);

delete from monstropoche_attaque;
delete from espece_zone;
delete from espece_type;
delete from objet_zone;
delete from monstropoche;
delete from espece;
delete from etat;
delete from type;
delete from genre;
delete from objet;
delete from attaque;
delete from zone;
delete from proprietaire;
delete from monstropoche_attaque;
delete from espece_zone;
delete from espece_type;
delete from objet_zone;
delete from monstropoche;
delete from espece;
delete from etat;
delete from type;
delete from genre;
delete from objet;
delete from attaque;
delete from zone;
delete from proprietaire;
insert into proprietaire values ( 0,'Jules Remy' );
insert into proprietaire values ( 1,'Carla Bourgeois' );
insert into proprietaire values ( 2,'Hugo Petit V' );
insert into proprietaire values ( 3,'Alice Menard' );
insert into proprietaire values ( 4,'Emilie Perez V' );
insert into proprietaire values ( 5,'Elisa Muller' );
insert into proprietaire values ( 6,'Théo Denis' );
insert into proprietaire values ( 7,'Alexandre Fabre' );
insert into proprietaire values ( 8,'Maëlys Faure' );
insert into proprietaire values ( 9,'Mlle Manon Barbier' );
insert into proprietaire values ( 10,'Elisa Caron' );
insert into proprietaire values ( 11,'Julie Aubry' );
insert into proprietaire values ( 12,'Célia Huet' );
insert into proprietaire values ( 13,'Maxime Renaud' );
insert into proprietaire values ( 14,'Sarah Marchal' );
insert into proprietaire values ( 15,'Jules Dumas' );
insert into proprietaire values ( 16,'Jeanne Lemoine' );
insert into proprietaire values ( 17,'Charlotte Joly' );
insert into proprietaire values ( 18,'Mélissa Dumont' );
insert into proprietaire values ( 19,'Lisa Bernard' );
insert into proprietaire values ( 20,'Lola Francois' );
insert into proprietaire values ( 21,'Maxence Nicolas' );
insert into proprietaire values ( 22,'Sarah Lecomte' );
insert into proprietaire values ( 23,'Elisa Dumas' );
insert into proprietaire values ( 24,'Mlle Yanis Mathieu' );
insert into proprietaire values ( 25,'Hugo Benoit' );
insert into proprietaire values ( 26,'Léo Martinez' );
insert into proprietaire values ( 27,'Lisa Dumont' );
insert into proprietaire values ( 28,'Léo Roussel' );
insert into proprietaire values ( 29,'Emilie Bonnet' );
insert into proprietaire values ( 30,'Pierre Vasseur V' );
insert into proprietaire values ( 31,'Gabriel Thomas' );
insert into proprietaire values ( 32,'Louis Pierre' );
insert into proprietaire values ( 33,'Camille Roger III' );
insert into proprietaire values ( 34,'Noa Blanchard' );
insert into proprietaire values ( 35,'Laura Vasseur' );
insert into proprietaire values ( 36,'Mael Richard IV' );
insert into proprietaire values ( 37,'Maxime Martin V' );
insert into proprietaire values ( 38,'Prof Adrien Rousseau' );
insert into proprietaire values ( 39,'Mme Clara Renard' );
insert into proprietaire values ( 40,'Antoine Simon' );
insert into proprietaire values ( 41,'Laura Schneider' );
insert into proprietaire values ( 42,'Emilie Robin' );
insert into proprietaire values ( 43,'Elisa Marchal' );
insert into proprietaire values ( 44,'Mélissa Renaud' );
insert into proprietaire values ( 45,'Mathis Moreau' );
insert into proprietaire values ( 46,'Clément Garcia' );
insert into proprietaire values ( 47,'Raphaël Francois' );
insert into proprietaire values ( 48,'Alice Vasseur' );
insert into proprietaire values ( 49,'Lou Fournier' );
insert into proprietaire values ( 50,'Clémence Lambert' );
insert into proprietaire values ( 51,'Clémence Lemoine DVM' );
insert into proprietaire values ( 52,'Louis Rey' );
insert into proprietaire values ( 53,'Paul Schneider' );
insert into proprietaire values ( 54,'Mattéo Blanc' );
insert into proprietaire values ( 55,'Clément Joly' );
insert into proprietaire values ( 56,'Hugo Berger' );
insert into proprietaire values ( 57,'Arthur Berger' );
insert into proprietaire values ( 58,'Alexis Dufour' );
insert into proprietaire values ( 59,'Yanis Fabre' );
insert into proprietaire values ( 60,'Alexis Gonzalez' );
insert into proprietaire values ( 61,'Prof Camille Richard' );
insert into proprietaire values ( 62,'Prof Noa Brun' );
insert into proprietaire values ( 63,'Louna Schmitt' );
insert into proprietaire values ( 64,'Noémie Adam' );
insert into proprietaire values ( 65,'Valentin Lucas' );
insert into proprietaire values ( 66,'Mael Perrot' );
insert into proprietaire values ( 67,'Louise Boyer' );
insert into proprietaire values ( 68,'Clément Aubert' );
insert into proprietaire values ( 69,'Jeanne Dufour' );
insert into proprietaire values ( 70,'Maëlle Brun' );
insert into proprietaire values ( 71,'Evan Roger' );
insert into proprietaire values ( 72,'Carla Hubert' );
insert into proprietaire values ( 73,'Lisa Schmitt' );
insert into proprietaire values ( 74,'Valentin Olivier' );
insert into proprietaire values ( 75,'Yanis Perez' );
insert into proprietaire values ( 76,'Alexis Barre' );
insert into proprietaire values ( 77,'Sacha Francois' );
insert into proprietaire values ( 78,'Paul Barbier' );
insert into proprietaire values ( 79,'Sacha Collet' );
insert into proprietaire values ( 80,'Valentin Marty' );
insert into proprietaire values ( 81,'Eva Caron' );
insert into proprietaire values ( 82,'Adam Riviere' );
insert into proprietaire values ( 83,'Mathéo Barbier' );
insert into proprietaire values ( 84,'Lucas Bertrand' );
insert into proprietaire values ( 85,'Victor Vincent' );
insert into proprietaire values ( 86,'Clément Carpentier' );
insert into proprietaire values ( 87,'Alexandre Rey' );
insert into proprietaire values ( 88,'Thomas Noel' );
insert into proprietaire values ( 89,'Manon Roy V' );
insert into proprietaire values ( 90,'Ambre Noel' );
insert into proprietaire values ( 91,'Victor Bertrand' );
insert into proprietaire values ( 92,'Chloé Remy' );
insert into proprietaire values ( 93,'Romain Mathieu MD' );
insert into proprietaire values ( 94,'Prof Mathis Colin' );
insert into proprietaire values ( 95,'Eva Dupuy' );
insert into proprietaire values ( 96,'Lina Menard' );
insert into proprietaire values ( 97,'Manon Le roux PhD' );
insert into proprietaire values ( 98,'Nicolas Gaillard' );
insert into proprietaire values ( 99,'Julien Julien' );
insert into type values ( 0,'Glace' );
insert into type values ( 1,'Dragon' );
insert into type values ( 2,'Sol' );
insert into type values ( 3,'Plante' );
insert into type values ( 4,'Feu' );
insert into type values ( 5,'Eau' );
insert into type values ( 6,'Électrique' );
insert into type values ( 7,'Psy' );
insert into type values ( 8,'Spectre' );
insert into type values ( 9,'Ténèbre' );
insert into type values ( 10,'Fée' );
insert into type values ( 11,'Acier' );
insert into type values ( 12,'Poison' );
insert into type values ( 13,'Roche' );
insert into type values ( 14,'Combat' );
insert into type values ( 15,'Insecte' );
insert into type values ( 16,'Normal' );
insert into attaque values ( 0,6,'Triplattaque',166,37,10 );
insert into attaque values ( 1,15,'Escalade',1,55,21 );
insert into attaque values ( 2,9,'Morphing',111,68,17 );
insert into attaque values ( 3,12,'Vœu',6,99,53 );
insert into attaque values ( 4,15,'Grobisou',212,64,43 );
insert into attaque values ( 5,8,'Pilonnage',44,33,95 );
insert into attaque values ( 6,14,'Recyclage',165,63,87 );
insert into attaque values ( 7,11,'Regard Médusant',186,9,95 );
insert into attaque values ( 8,11,'E-Coque',67,73,40 );
insert into attaque values ( 9,4,'Constriction',23,43,55 );
insert into attaque values ( 10,11,'Picanon',27,23,57 );
insert into attaque values ( 11,9,'Uppercut',223,62,3 );
insert into attaque values ( 12,6,'Coup de Main',239,30,95 );
insert into attaque values ( 13,16,'Flash',153,4,36 );
insert into attaque values ( 14,4,'Conversion',123,40,7 );
insert into attaque values ( 15,15,'Affûtage',173,91,34 );
insert into attaque values ( 16,3,'Croc de Mort',200,7,18 );
insert into attaque values ( 17,3,'Par Ici',13,44,26 );
insert into attaque values ( 18,13,'Attrition',250,56,20 );
insert into attaque values ( 19,3,'Force-Nature',34,28,20 );
insert into attaque values ( 20,10,'Combo-Griffe',66,20,91 );
insert into attaque values ( 21,8,'Explosion',6,36,33 );
insert into attaque values ( 22,13,'Trempette',224,30,48 );
insert into attaque values ( 23,10,'Exuviation',193,95,6 );
insert into attaque values ( 24,5,'CoudKrâne',42,45,18 );
insert into attaque values ( 25,9,'Météores',155,28,66 );
insert into attaque values ( 26,5,'Relais',191,19,46 );
insert into attaque values ( 27,10,'Rengorgement',148,73,33 );
insert into attaque values ( 28,3,'BoulArmure',204,48,75 );
insert into zone values ( 0,'Canada' );
insert into zone values ( 1,'Burkina Faso' );
insert into zone values ( 2,'Singapore' );
insert into zone values ( 3,'Taiwan' );
insert into zone values ( 4,'Aruba' );
insert into zone values ( 5,'Greece' );
insert into zone values ( 6,'Pakistan' );
insert into zone values ( 7,'Kenya' );
insert into zone values ( 8,'Svalbard  Jan Mayen Islands' );
insert into zone values ( 9,'Congo' );
insert into zone values ( 10,'Croatia' );
insert into zone values ( 11,'Paraguay' );
insert into zone values ( 12,'Lebanon' );
insert into zone values ( 13,'Kazakhstan' );
insert into zone values ( 14,'Jordan' );
insert into zone values ( 15,'Spain' );
insert into zone values ( 16,'India' );
insert into zone values ( 17,'Zimbabwe' );
insert into zone values ( 18,'Guam' );
insert into zone values ( 19,'Namibia' );
insert into zone values ( 20,'Uganda' );
insert into zone values ( 21,'Isle of Man' );
insert into zone values ( 22,'American Samoa' );
insert into zone values ( 23,'Finland' );
insert into zone values ( 24,'Comoros' );
insert into zone values ( 25,'Japan' );
insert into zone values ( 26,'Panama' );
insert into zone values ( 27,'Belize' );
insert into zone values ( 28,'Bouvet Island (Bouvetoya)' );
insert into zone values ( 29,'Nigeria' );
insert into zone values ( 30,'Marshall Islands' );
insert into zone values ( 31,'Tonga' );
insert into zone values ( 32,'Nicaragua' );
insert into zone values ( 33,'South Africa' );
insert into zone values ( 34,'Gibraltar' );
insert into zone values ( 35,'Jamaica' );
insert into zone values ( 36,'Saint Lucia' );
insert into zone values ( 37,'Israel' );
insert into zone values ( 38,'United Arab Emirates' );
insert into zone values ( 39,'Syrian Arab Republic' );
insert into zone values ( 40,'Fiji' );
insert into zone values ( 41,'Uruguay' );
insert into zone values ( 42,'Christmas Island' );
insert into zone values ( 43,'Djibouti' );
insert into zone values ( 44,'Barbados' );
insert into zone values ( 45,'Yemen' );
insert into zone values ( 46,'Grenada' );
insert into zone values ( 47,'Western Sahara' );
insert into zone values ( 48,'Palestinian Territory' );
insert into zone values ( 49,'Mali' );
insert into zone values ( 50,'Jersey' );
insert into zone values ( 51,'Hungary' );
insert into zone values ( 52,'Philippines' );
insert into zone values ( 53,'Mozambique' );
insert into zone values ( 54,'Mexico' );
insert into zone values ( 55,'Mauritania' );
insert into zone values ( 56,'Ethiopia' );
insert into zone values ( 57,'Saint Helena' );
insert into zone values ( 58,'Germany' );
insert into zone values ( 59,'Argentina' );
insert into zone values ( 60,'Falkland Islands (Malvinas)' );
insert into zone values ( 61,'Gabon' );
insert into zone values ( 62,'Tajikistan' );
insert into zone values ( 63,'Belarus' );
insert into zone values ( 64,'Haiti' );
insert into zone values ( 65,'Sao Tome and Principe' );
insert into zone values ( 66,'Greenland' );
insert into zone values ( 67,'Saint Kitts and Nevis' );
insert into zone values ( 68,'Ecuador' );
insert into zone values ( 69,'Russian Federation' );
insert into zone values ( 70,'Armenia' );
insert into zone values ( 71,'Latvia' );
insert into zone values ( 72,'Swaziland' );
insert into zone values ( 73,'Dominica' );
insert into zone values ( 74,'Turkey' );
insert into zone values ( 75,'Indonesia' );
insert into zone values ( 76,'Czech Republic' );
insert into zone values ( 77,'Faroe Islands' );
insert into zone values ( 78,'Ukraine' );
insert into zone values ( 79,'Lao Peoples Democratic Republic' );
insert into zone values ( 80,'Chad' );
insert into objet values ( 0,'Défense +',1,1,1 );
insert into objet values ( 1,'Muscle +',0,1,1 );
insert into objet values ( 2,'Défense Spéc',1,0,0 );
insert into objet values ( 3,'Déf. Spé. +',0,1,0 );
insert into objet values ( 4,'Attaque +',0,1,0 );
insert into objet values ( 5,'Spécial +',1,1,0 );
insert into objet values ( 6,'Précision +',1,0,1 );
insert into objet values ( 7,'Vitesse +',0,1,1 );
insert into objet values ( 8,'Baie Tamato',0,1,1 );
insert into objet values ( 9,'Baie Résin',1,1,1 );
insert into objet values ( 10,'Baie Lonme',1,0,0 );
insert into objet values ( 11,'Baie Qualot',1,1,1 );
insert into objet values ( 12,'Baie Alga',0,0,1 );
insert into objet values ( 13,'Baie Grena',0,1,0 );
insert into objet values ( 14,'Baie Mepo',1,1,1 );
insert into objet values ( 15,'Baie Willia',1,0,1 );
insert into objet values ( 16,'Baie Fraive',0,1,1 );
insert into objet values ( 17,'Baie Pêcha',1,1,1 );
insert into objet values ( 18,'Baie Maron',0,1,1 );
insert into objet values ( 19,'Baie Oran',1,1,1 );
insert into genre values ( 0,0,0 );
insert into genre values ( 1,0,1 );
insert into genre values ( 2,1,1 );
insert into genre values ( 3,1,0 );
insert into etat values ( 0,'Mission' );
insert into etat values ( 1,'Repos' );
insert into etat values ( 2,'Reproduction' );
insert into espece values ( 0,null,null,'Bulbizarre' );
insert into espece values ( 1,null,null,'Chenipan' );
insert into espece values ( 2,null,null,'Voltorbe' );
insert into espece values ( 3,null,2,'Électrode' );
insert into espece values ( 4,null,null,'Nœunœuf' );
insert into espece values ( 5,null,null,'Noadkoko' );
insert into espece values ( 6,null,0,'Osselait' );
insert into espece values ( 7,null,null,'Ossatueur' );
insert into espece values ( 8,null,null,'Kicklee' );
insert into espece values ( 9,null,null,'Tygnon' );
insert into espece values ( 10,null,null,'Excelangue' );
insert into espece values ( 11,null,null,'Smogo' );
insert into espece values ( 12,null,null,'Chrysacier' );
insert into espece values ( 13,null,null,'Smogogo' );
insert into espece values ( 14,null,12,'Rhinocorne' );
insert into espece values ( 15,null,null,'Rhinoféros' );
insert into espece values ( 16,null,null,'Leveinard' );
insert into espece values ( 17,null,14,'Saquedeneu' );
insert into espece values ( 18,null,null,'Kangourex' );
insert into espece values ( 19,null,null,'Hypotrempe' );
insert into espece values ( 20,null,null,'Hypocéan' );
insert into espece values ( 21,14,null,'Poissirène' );
insert into espece values ( 22,null,2,'Poissoroy' );
insert into espece values ( 23,null,null,'Papilusion' );
insert into espece values ( 24,null,null,'Stari' );
insert into espece values ( 25,null,null,'Staross' );
insert into espece values ( 26,null,null,'M.Mime' );
insert into espece values ( 27,null,null,'Insécateur' );
insert into espece values ( 28,null,null,'Lippoutou' );
insert into espece values ( 29,null,null,'Élektek' );
insert into espece values ( 30,null,null,'Magmar' );
insert into espece values ( 31,null,null,'Scarabrute' );
insert into espece values ( 32,null,null,'Tauros' );
insert into espece values ( 33,null,null,'Magicarpe' );
insert into espece values ( 34,null,null,'Aspicot' );
insert into espece values ( 35,null,null,'Léviator' );
insert into espece values ( 36,null,null,'Lokhlass' );
insert into espece values ( 37,null,null,'Métamorph' );
insert into espece values ( 38,null,null,'Évoli' );
insert into espece values ( 39,null,null,'Aquali' );
insert into espece values ( 40,null,null,'Voltali' );
insert into espece values ( 41,null,null,'Pyroli' );
insert into espece values ( 42,null,null,'Porygon' );
insert into espece values ( 43,null,null,'Amonita' );
insert into espece values ( 44,null,null,'Amonistar' );
insert into espece values ( 45,null,null,'Coconfort' );
insert into espece values ( 46,null,null,'Kabuto' );
insert into espece values ( 47,null,null,'Kabutops' );
insert into espece values ( 48,null,null,'Ptéra' );
insert into espece values ( 49,null,null,'Ronflex' );
insert into espece values ( 50,null,null,'Artikodin' );
insert into espece values ( 51,null,null,'Électhor' );
insert into espece values ( 52,null,null,'Sulfura' );
insert into espece values ( 53,null,null,'Minidraco' );
insert into espece values ( 54,9,null,'Draco' );
insert into espece values ( 55,null,null,'Dracolosse' );
insert into espece values ( 56,13,null,'Dardargnan' );
insert into espece values ( 57,null,null,'Mewtwo' );
insert into espece values ( 58,null,null,'Mew' );
insert into espece values ( 59,null,null,'Roucool' );
insert into espece values ( 60,null,null,'Roucoups' );
insert into espece values ( 61,null,null,'Roucarnage' );
insert into espece values ( 62,null,null,'Rattata' );
insert into espece values ( 63,null,null,'Herbizarre' );
insert into espece values ( 64,null,null,'Rattatac' );
insert into espece values ( 65,null,null,'Piafabec' );
insert into espece values ( 66,null,null,'Rapasdepic' );
insert into espece values ( 67,null,null,'Abo' );
insert into espece values ( 68,null,null,'Arbok' );
insert into espece values ( 69,null,null,'Pikachu' );
insert into espece values ( 70,null,27,'Raichu' );
insert into espece values ( 71,8,13,'Sabelette' );
insert into espece values ( 72,null,null,'Sablaireau' );
insert into espece values ( 73,null,null,'Nidoran♀' );
insert into espece values ( 74,null,null,'Florizarre' );
insert into espece values ( 75,null,null,'Nidorina' );
insert into espece values ( 76,null,45,'Nidoqueen' );
insert into espece values ( 77,null,null,'Nidoran♂' );
insert into espece values ( 78,null,null,'Nidorino' );
insert into espece values ( 79,null,null,'Nidoking' );
insert into espece values ( 80,null,null,'Mélofée' );
insert into espece values ( 81,9,null,'Mélodelfe' );
insert into espece values ( 82,5,null,'Feunard' );
insert into espece values ( 83,null,null,'Rondoudou' );
insert into espece values ( 84,null,null,'Salamèche' );
insert into espece values ( 85,null,null,'Grodoudou' );
insert into espece values ( 86,null,null,'Nosferapti' );
insert into espece values ( 87,null,null,'Nosferalto' );
insert into espece values ( 88,null,null,'Mystherbe' );
insert into espece values ( 89,null,85,'Ortide' );
insert into espece values ( 90,null,null,'Rafflesia' );
insert into espece values ( 91,null,null,'Paras' );
insert into espece values ( 92,8,19,'Parasect' );
insert into espece values ( 93,null,null,'Mimitoss' );
insert into espece values ( 94,null,null,'Aéromite' );
insert into espece values ( 95,null,null,'Reptincel' );
insert into espece values ( 96,null,null,'Taupiqueur' );
insert into espece values ( 97,null,null,'Triopikeur' );
insert into espece values ( 98,null,null,'Miaouss' );
insert into espece values ( 99,null,null,'Persian' );
insert into espece values ( 100,null,null,'Psykokwak' );
insert into espece values ( 101,null,null,'Akwakwak' );
insert into espece values ( 102,null,92,'Férosinge' );
insert into espece values ( 103,null,null,'Colossinge' );
insert into espece values ( 104,null,null,'Caninos' );
insert into espece values ( 105,null,null,'Arcanin' );
insert into espece values ( 106,null,null,'Dracaufeu' );
insert into espece values ( 107,null,null,'Ptitard' );
insert into espece values ( 108,null,null,'Têtarte' );
insert into espece values ( 109,16,null,'Tartard' );
insert into espece values ( 110,null,22,'Abra' );
insert into espece values ( 111,null,null,'Kadabra' );
insert into espece values ( 112,null,null,'Alakazam' );
insert into espece values ( 113,null,null,'Machoc' );
insert into espece values ( 114,null,null,'Machopeur' );
insert into espece values ( 115,null,null,'Mackogneur' );
insert into espece values ( 116,null,96,'Chétiflor' );
insert into espece values ( 117,null,null,'Carapuce' );
insert into espece values ( 118,null,null,'Boustiflor' );
insert into espece values ( 119,null,null,'Empiflor' );
insert into espece values ( 120,null,null,'Tentacool' );
insert into espece values ( 121,null,null,'Tentacruel' );
insert into espece values ( 122,null,null,'Racaillou' );
insert into espece values ( 123,null,null,'Gravalanch' );
insert into espece values ( 124,null,null,'Grolem' );
insert into espece values ( 125,null,79,'Ponyta' );
insert into espece values ( 126,null,null,'Galopa' );
insert into espece values ( 127,null,121,'Carabaffe' );
insert into espece values ( 128,null,null,'Flagadoss' );
insert into espece values ( 129,null,null,'Magnéton' );
insert into espece values ( 130,null,null,'Canarticho' );
insert into espece values ( 131,null,null,'Dodrio' );
insert into espece values ( 132,null,null,'Otaria' );
insert into espece values ( 133,null,null,'Tadmorv' );
insert into espece values ( 134,null,29,'Grotadmorv' );
insert into espece values ( 135,null,null,'Kokiyas' );
insert into espece values ( 136,null,null,'Crustabri' );
insert into espece values ( 137,null,null,'Spectrum' );
insert into espece values ( 138,null,null,'Ectoplasma' );
insert into espece values ( 139,null,null,'Soporifik' );
insert into espece values ( 140,null,null,'Hypnomade' );
insert into espece values ( 141,null,null,'Krabboss' );
insert into monstropoche values ( 0,'Alexandro_Pollich23',0,0,1,14,24,11,45,3 );
insert into monstropoche values ( 1,'Delphia57',99,2,0,3,11,52,6,26 );
insert into monstropoche values ( 2,'Augustine31',null,3,2,6,108,3,62,1 );
insert into monstropoche values ( 3,'Marty_Windler29',0,0,2,13,34,19,64,15 );
insert into monstropoche values ( 4,'Helga.Thompson',65,3,0,10,55,80,5,25 );
insert into monstropoche values ( 5,'Anika.Dietrich35',97,3,2,16,130,16,88,7 );
insert into monstropoche values ( 6,'Donnie.Schmitt16',13,2,1,2,22,28,14,12 );
insert into monstropoche values ( 7,'Clark_Bode22',null,0,1,4,104,21,8,8 );
insert into monstropoche values ( 8,'Lauryn_Orn13',21,1,1,1,7,9,9,5 );
insert into monstropoche values ( 9,'Tristin89',null,0,0,14,86,5,82,3 );
insert into monstropoche values ( 10,'Hallie_Wunsch',null,3,1,9,105,62,49,37 );
insert into monstropoche values ( 11,'Tess54',79,0,2,3,52,63,16,61 );
insert into monstropoche values ( 12,'Uriah.Pollich',48,1,0,9,78,80,47,56 );
insert into monstropoche values ( 13,'Gunnar16',10,1,1,18,81,1,82,0 );
insert into monstropoche values ( 14,'Ethelyn_Tremblay71',null,1,2,4,23,98,12,95 );
insert into monstropoche values ( 15,'Alexandrea.Reynolds',null,3,1,3,78,7,8,7 );
insert into monstropoche values ( 16,'Cassidy.Schaden',47,0,0,10,40,51,23,47 );
insert into monstropoche values ( 17,'Reilly.Metz',null,2,0,18,140,41,94,38 );
insert into monstropoche values ( 18,'Karine22',null,3,0,5,73,91,36,29 );
insert into monstropoche values ( 19,'Caleb59',80,0,0,12,43,84,79,77 );
insert into monstropoche values ( 20,'Berneice15',26,2,2,9,45,74,83,7 );
insert into monstropoche values ( 21,'Aaron_Marvin29',58,2,2,11,29,95,24,32 );
insert into monstropoche values ( 22,'Bernita73',null,1,2,6,69,13,8,6 );
insert into monstropoche values ( 23,'Deangelo.Johns62',71,0,2,6,37,48,0,13 );
insert into monstropoche values ( 24,'Lilliana_Tremblay',null,2,0,9,36,41,30,29 );
insert into monstropoche values ( 25,'Roxanne.Zieme',null,0,1,19,20,25,53,16 );
insert into monstropoche values ( 26,'Darius62',null,1,0,3,102,16,35,8 );
insert into monstropoche values ( 27,'Nigel.Reilly',null,1,1,17,7,23,51,12 );
insert into monstropoche values ( 28,'Rosanna67',59,0,0,0,120,100,7,1 );
insert into monstropoche values ( 29,'Beulah12',null,0,2,19,138,31,0,11 );
insert into monstropoche values ( 30,'Iva_Abernathy72',null,3,2,17,135,14,79,4 );
insert into monstropoche values ( 31,'Stanley_Crona86',83,1,1,9,60,50,51,30 );
insert into monstropoche values ( 32,'Reid15',14,0,0,0,141,5,89,2 );
insert into monstropoche values ( 33,'Marianne_Bode82',74,2,0,17,6,34,41,0 );
insert into monstropoche values ( 34,'Winnifred64',75,2,2,8,82,25,63,16 );
insert into monstropoche values ( 35,'Orin72',null,0,0,10,125,99,64,84 );
insert into monstropoche values ( 36,'Angelo74',3,0,2,4,116,62,95,34 );
insert into monstropoche values ( 37,'Americo_Casper',null,2,0,8,78,84,55,32 );
insert into monstropoche values ( 38,'Diamond.Schuster',null,0,0,8,96,51,95,41 );
insert into monstropoche values ( 39,'Kathlyn_Bechtelar53',null,2,2,8,11,5,5,2 );
insert into monstropoche values ( 40,'Mellie88',null,0,2,11,129,23,79,2 );
insert into monstropoche values ( 41,'Breana21',null,0,0,5,38,57,74,25 );
insert into monstropoche values ( 42,'Keely55',null,0,1,6,135,87,34,35 );
insert into monstropoche values ( 43,'Tyshawn98',null,3,1,6,138,96,74,89 );
insert into monstropoche values ( 44,'Sherwood_Ward',45,1,1,7,78,4,51,2 );
insert into monstropoche values ( 45,'Jacey_Stracke87',null,3,1,0,51,97,95,73 );
insert into monstropoche values ( 46,'Clementine.Hackett',51,3,0,6,97,82,93,22 );
insert into monstropoche values ( 47,'Carissa71',77,2,1,12,39,48,29,25 );
insert into monstropoche values ( 48,'Charles_Kunde16',null,3,0,2,89,14,99,10 );
insert into monstropoche values ( 49,'Guiseppe91',null,0,2,2,95,76,54,68 );
insert into monstropoche values ( 50,'Macy56',null,2,1,16,92,98,33,65 );
insert into monstropoche values ( 51,'Dexter8',null,0,1,3,55,46,30,32 );
insert into monstropoche values ( 52,'Lauretta20',null,2,2,14,107,57,14,19 );
insert into monstropoche values ( 53,'Jeanette_Lowe68',null,3,2,3,96,9,13,5 );
insert into monstropoche values ( 54,'Eveline10',81,2,2,11,119,51,81,13 );
insert into monstropoche values ( 55,'Merritt23',14,0,1,13,28,28,50,26 );
insert into monstropoche values ( 56,'Mitchell73',76,1,0,12,37,85,90,27 );
insert into monstropoche values ( 57,'Stephan.Bechtelar13',null,1,0,7,46,92,33,28 );
insert into monstropoche values ( 58,'Miller.Turner',26,3,0,18,58,7,16,4 );
insert into monstropoche values ( 59,'Johnathon48',93,1,1,18,76,84,51,52 );
insert into monstropoche values ( 60,'Nella.Carter',24,1,2,2,65,94,95,61 );
insert into monstropoche values ( 61,'Lucinda_Stamm',null,1,0,5,30,12,84,6 );
insert into monstropoche values ( 62,'Jennie_Keeling',74,0,2,6,89,74,95,67 );
insert into monstropoche values ( 63,'Kayli_Pfeffer',4,1,1,4,12,40,39,31 );
insert into monstropoche values ( 64,'Mariane91',null,1,0,10,5,38,84,37 );
insert into monstropoche values ( 65,'Oswald_Carroll61',null,1,2,8,122,45,41,32 );
insert into monstropoche values ( 66,'Lloyd.Halvorson59',null,0,2,6,23,75,39,51 );
insert into monstropoche values ( 67,'Terrill88',null,1,0,9,45,16,73,10 );
insert into monstropoche values ( 68,'Rodrigo.Heidenreich13',57,1,2,15,29,88,20,56 );
insert into monstropoche values ( 69,'Mikel71',null,0,2,13,6,52,63,51 );
insert into monstropoche values ( 70,'Herminio_Altenwerth',null,2,0,7,47,60,59,45 );
insert into monstropoche values ( 71,'Curtis_Maggio63',null,2,2,4,89,16,67,14 );
insert into monstropoche values ( 72,'Drew_Kshlerin36',null,1,1,3,21,34,6,7 );
insert into monstropoche values ( 73,'Samir_Dare89',null,1,1,2,104,80,42,4 );
insert into monstropoche values ( 74,'Enid_Hyatt85',48,2,2,10,16,32,50,18 );
insert into monstropoche values ( 75,'Lupe25',18,1,0,8,33,11,21,10 );
insert into monstropoche values ( 76,'Bernard2',null,2,2,11,130,94,91,15 );
insert into monstropoche values ( 77,'Tatum3',79,3,0,7,106,79,33,73 );
insert into monstropoche values ( 78,'Aryanna_Heaney',null,0,2,19,11,43,6,30 );
insert into monstropoche values ( 79,'Lorna_Koch62',null,1,0,9,120,84,52,40 );
insert into monstropoche values ( 80,'Itzel.Morissette96',2,0,0,3,23,43,43,34 );
insert into monstropoche values ( 81,'Amina_Jakubowski',35,3,2,0,52,72,53,40 );
insert into monstropoche values ( 82,'Stephan60',null,3,1,8,35,76,10,63 );
insert into monstropoche values ( 83,'Howard92',5,2,0,9,27,90,84,64 );
insert into monstropoche values ( 84,'Clemmie.Hansen13',null,0,0,0,53,63,79,1 );
insert into monstropoche values ( 85,'Tyrique99',null,1,0,3,84,65,81,19 );
insert into monstropoche values ( 86,'Kaycee3',86,2,1,9,114,5,24,3 );
insert into monstropoche values ( 87,'Maude16',78,2,2,10,37,30,29,29 );
insert into monstropoche values ( 88,'Rozella.Collins5',83,1,0,19,30,76,66,38 );
insert into monstropoche values ( 89,'Rowan_Hackett26',79,2,2,5,134,4,85,2 );
insert into monstropoche values ( 90,'Ashlee.Hodkiewicz54',78,0,1,10,85,31,33,17 );
insert into monstropoche values ( 91,'Estelle9',85,1,0,15,124,97,32,94 );
insert into monstropoche values ( 92,'Ivory.Haley',76,3,2,12,41,17,26,7 );
insert into monstropoche values ( 93,'Micheal41',75,2,0,7,9,55,76,27 );
insert into monstropoche values ( 94,'Dameon40',null,3,0,13,9,29,77,27 );
insert into monstropoche values ( 95,'Kayli.Altenwerth82',null,1,0,1,66,80,2,56 );
insert into monstropoche values ( 96,'Jocelyn_OKeefe',31,1,1,15,73,97,66,20 );
insert into monstropoche values ( 97,'Angelo_Luettgen43',null,2,2,10,40,20,35,14 );
insert into monstropoche values ( 98,'Evangeline.Swift58',null,0,0,5,68,7,59,7 );
insert into monstropoche values ( 99,'Kylie_Abernathy21',59,1,0,18,13,23,44,22 );
insert into monstropoche values ( 100,'Abner.Wisoky',0,2,1,11,92,100,44,98 );
insert into monstropoche values ( 101,'Piper_OKon',0,1,1,16,126,100,93,89 );
insert into monstropoche values ( 102,'Amber65',0,0,0,18,99,100,98,79 );
insert into monstropoche values ( 103,'Jenifer_Kling58',0,2,2,5,52,100,88,41 );
insert into monstropoche values ( 104,'Mitchell44',0,0,0,8,135,100,44,89 );
insert into monstropoche values ( 105,'Ashley.Brown96',0,0,1,15,91,100,59,62 );
insert into monstropoche values ( 106,'Jamey_Metz7',0,3,2,1,138,100,86,41 );
insert into monstropoche values ( 107,'Precious_Torp',0,0,0,6,138,100,30,76 );
insert into monstropoche values ( 108,'Lincoln_Brakus67',0,2,2,10,133,100,20,66 );
insert into monstropoche values ( 109,'Weldon_DuBuque',0,1,1,13,141,100,5,45 );
insert into monstropoche values ( 110,'Quinn69',0,0,0,14,42,100,19,84 );
insert into monstropoche values ( 111,'Robb_Howe',0,0,1,13,75,100,89,31 );
insert into monstropoche values ( 112,'Candido_Tromp86',0,2,0,4,112,100,78,13 );
insert into monstropoche values ( 113,'Scotty90',0,2,1,9,39,100,75,4 );
insert into monstropoche values ( 114,'Constance90',0,1,1,13,42,100,58,43 );
insert into monstropoche values ( 115,'Dell_Gerhold',0,3,1,19,34,100,48,4 );
insert into monstropoche values ( 116,'Rogers_Wuckert',0,1,1,6,132,100,19,57 );
insert into monstropoche values ( 117,'Kenton7',0,1,1,14,131,100,88,29 );
insert into monstropoche values ( 118,'Filiberto.Rippin',0,1,0,8,44,100,13,43 );
insert into monstropoche values ( 119,'Enid_Swaniawski93',0,2,2,11,33,100,40,13 );
insert into objet_zone values ( 0,21 );
insert into objet_zone values ( 1,13 );
insert into objet_zone values ( 2,52 );
insert into objet_zone values ( 3,40 );
insert into objet_zone values ( 4,61 );
insert into objet_zone values ( 5,59 );
insert into objet_zone values ( 6,67 );
insert into objet_zone values ( 7,23 );
insert into objet_zone values ( 8,23 );
insert into objet_zone values ( 9,70 );
insert into objet_zone values ( 10,10 );
insert into objet_zone values ( 11,54 );
insert into objet_zone values ( 12,45 );
insert into objet_zone values ( 13,4 );
insert into objet_zone values ( 14,24 );
insert into objet_zone values ( 15,22 );
insert into objet_zone values ( 16,21 );
insert into objet_zone values ( 17,47 );
insert into objet_zone values ( 18,10 );
insert into objet_zone values ( 19,7 );
insert into objet_zone values ( 4,0 );
insert into objet_zone values ( 6,1 );
insert into objet_zone values ( 8,2 );
insert into objet_zone values ( 3,3 );
insert into objet_zone values ( 18,4 );
insert into objet_zone values ( 17,5 );
insert into objet_zone values ( 7,6 );
insert into objet_zone values ( 12,7 );
insert into objet_zone values ( 12,8 );
insert into objet_zone values ( 6,9 );
insert into objet_zone values ( 8,10 );
insert into objet_zone values ( 11,11 );
insert into objet_zone values ( 14,12 );
insert into objet_zone values ( 15,13 );
insert into objet_zone values ( 13,14 );
insert into objet_zone values ( 8,15 );
insert into objet_zone values ( 5,16 );
insert into objet_zone values ( 9,17 );
insert into objet_zone values ( 2,18 );
insert into objet_zone values ( 13,19 );
insert into objet_zone values ( 13,20 );
insert into objet_zone values ( 3,21 );
insert into objet_zone values ( 17,22 );
insert into objet_zone values ( 13,23 );
insert into objet_zone values ( 6,24 );
insert into objet_zone values ( 13,25 );
insert into objet_zone values ( 9,26 );
insert into objet_zone values ( 12,27 );
insert into objet_zone values ( 9,28 );
insert into objet_zone values ( 14,29 );
insert into objet_zone values ( 19,30 );
insert into objet_zone values ( 2,31 );
insert into objet_zone values ( 10,32 );
insert into objet_zone values ( 9,33 );
insert into objet_zone values ( 17,34 );
insert into objet_zone values ( 4,35 );
insert into objet_zone values ( 4,36 );
insert into objet_zone values ( 10,37 );
insert into objet_zone values ( 15,38 );
insert into objet_zone values ( 4,39 );
insert into objet_zone values ( 1,40 );
insert into objet_zone values ( 17,41 );
insert into objet_zone values ( 9,42 );
insert into objet_zone values ( 8,43 );
insert into objet_zone values ( 15,44 );
insert into objet_zone values ( 6,45 );
insert into objet_zone values ( 11,46 );
insert into objet_zone values ( 2,47 );
insert into objet_zone values ( 19,48 );
insert into objet_zone values ( 4,49 );
insert into objet_zone values ( 13,50 );
insert into objet_zone values ( 11,51 );
insert into objet_zone values ( 7,52 );
insert into objet_zone values ( 4,53 );
insert into objet_zone values ( 3,54 );
insert into objet_zone values ( 14,55 );
insert into objet_zone values ( 9,56 );
insert into objet_zone values ( 12,57 );
insert into objet_zone values ( 6,58 );
insert into objet_zone values ( 3,59 );
insert into objet_zone values ( 5,60 );
insert into objet_zone values ( 17,61 );
insert into objet_zone values ( 6,62 );
insert into objet_zone values ( 4,63 );
insert into objet_zone values ( 0,64 );
insert into objet_zone values ( 4,65 );
insert into objet_zone values ( 7,66 );
insert into objet_zone values ( 12,67 );
insert into objet_zone values ( 1,68 );
insert into objet_zone values ( 5,69 );
insert into objet_zone values ( 18,70 );
insert into objet_zone values ( 16,71 );
insert into objet_zone values ( 10,72 );
insert into objet_zone values ( 0,73 );
insert into objet_zone values ( 9,74 );
insert into objet_zone values ( 2,75 );
insert into objet_zone values ( 8,76 );
insert into objet_zone values ( 2,77 );
insert into objet_zone values ( 12,78 );
insert into objet_zone values ( 18,79 );
insert into objet_zone values ( 9,80 );
insert into espece_type values ( 0,6 );
insert into espece_type values ( 1,10 );
insert into espece_type values ( 2,3 );
insert into espece_type values ( 3,4 );
insert into espece_type values ( 4,14 );
insert into espece_type values ( 5,16 );
insert into espece_type values ( 6,0 );
insert into espece_type values ( 7,6 );
insert into espece_type values ( 8,6 );
insert into espece_type values ( 9,15 );
insert into espece_type values ( 10,13 );
insert into espece_type values ( 11,6 );
insert into espece_type values ( 12,0 );
insert into espece_type values ( 13,7 );
insert into espece_type values ( 14,15 );
insert into espece_type values ( 15,7 );
insert into espece_type values ( 16,12 );
insert into espece_type values ( 17,9 );
insert into espece_type values ( 18,15 );
insert into espece_type values ( 19,13 );
insert into espece_type values ( 20,15 );
insert into espece_type values ( 21,11 );
insert into espece_type values ( 22,8 );
insert into espece_type values ( 23,9 );
insert into espece_type values ( 24,0 );
insert into espece_type values ( 25,3 );
insert into espece_type values ( 26,12 );
insert into espece_type values ( 27,14 );
insert into espece_type values ( 28,16 );
insert into espece_type values ( 29,15 );
insert into espece_type values ( 30,2 );
insert into espece_type values ( 31,0 );
insert into espece_type values ( 32,0 );
insert into espece_type values ( 33,5 );
insert into espece_type values ( 34,13 );
insert into espece_type values ( 35,7 );
insert into espece_type values ( 36,9 );
insert into espece_type values ( 37,10 );
insert into espece_type values ( 38,8 );
insert into espece_type values ( 39,13 );
insert into espece_type values ( 40,7 );
insert into espece_type values ( 41,7 );
insert into espece_type values ( 42,15 );
insert into espece_type values ( 43,14 );
insert into espece_type values ( 44,15 );
insert into espece_type values ( 45,7 );
insert into espece_type values ( 46,12 );
insert into espece_type values ( 47,11 );
insert into espece_type values ( 48,15 );
insert into espece_type values ( 49,4 );
insert into espece_type values ( 50,8 );
insert into espece_type values ( 51,12 );
insert into espece_type values ( 52,10 );
insert into espece_type values ( 53,8 );
insert into espece_type values ( 54,16 );
insert into espece_type values ( 55,9 );
insert into espece_type values ( 56,9 );
insert into espece_type values ( 57,10 );
insert into espece_type values ( 58,11 );
insert into espece_type values ( 59,1 );
insert into espece_type values ( 60,15 );
insert into espece_type values ( 61,12 );
insert into espece_type values ( 62,15 );
insert into espece_type values ( 63,14 );
insert into espece_type values ( 64,12 );
insert into espece_type values ( 65,7 );
insert into espece_type values ( 66,13 );
insert into espece_type values ( 67,0 );
insert into espece_type values ( 68,14 );
insert into espece_type values ( 69,16 );
insert into espece_type values ( 70,10 );
insert into espece_type values ( 71,6 );
insert into espece_type values ( 72,8 );
insert into espece_type values ( 73,6 );
insert into espece_type values ( 74,15 );
insert into espece_type values ( 75,8 );
insert into espece_type values ( 76,1 );
insert into espece_type values ( 77,10 );
insert into espece_type values ( 78,3 );
insert into espece_type values ( 79,16 );
insert into espece_type values ( 80,11 );
insert into espece_type values ( 81,5 );
insert into espece_type values ( 82,0 );
insert into espece_type values ( 83,8 );
insert into espece_type values ( 84,14 );
insert into espece_type values ( 85,7 );
insert into espece_type values ( 86,3 );
insert into espece_type values ( 87,1 );
insert into espece_type values ( 88,12 );
insert into espece_type values ( 89,12 );
insert into espece_type values ( 90,3 );
insert into espece_type values ( 91,0 );
insert into espece_type values ( 92,6 );
insert into espece_type values ( 93,12 );
insert into espece_type values ( 94,1 );
insert into espece_type values ( 95,0 );
insert into espece_type values ( 96,12 );
insert into espece_type values ( 97,7 );
insert into espece_type values ( 98,0 );
insert into espece_type values ( 99,16 );
insert into espece_type values ( 100,8 );
insert into espece_type values ( 101,1 );
insert into espece_type values ( 102,0 );
insert into espece_type values ( 103,2 );
insert into espece_type values ( 104,0 );
insert into espece_type values ( 105,15 );
insert into espece_type values ( 106,0 );
insert into espece_type values ( 107,5 );
insert into espece_type values ( 108,7 );
insert into espece_type values ( 109,3 );
insert into espece_type values ( 110,6 );
insert into espece_type values ( 111,4 );
insert into espece_type values ( 112,8 );
insert into espece_type values ( 113,16 );
insert into espece_type values ( 114,12 );
insert into espece_type values ( 115,12 );
insert into espece_type values ( 116,11 );
insert into espece_type values ( 117,5 );
insert into espece_type values ( 118,5 );
insert into espece_type values ( 119,7 );
insert into espece_type values ( 120,16 );
insert into espece_type values ( 121,9 );
insert into espece_type values ( 122,4 );
insert into espece_type values ( 123,16 );
insert into espece_type values ( 124,12 );
insert into espece_type values ( 125,2 );
insert into espece_type values ( 126,13 );
insert into espece_type values ( 127,5 );
insert into espece_type values ( 128,4 );
insert into espece_type values ( 129,9 );
insert into espece_type values ( 130,14 );
insert into espece_type values ( 131,4 );
insert into espece_type values ( 132,15 );
insert into espece_type values ( 133,13 );
insert into espece_type values ( 134,13 );
insert into espece_type values ( 135,0 );
insert into espece_type values ( 136,5 );
insert into espece_type values ( 137,11 );
insert into espece_type values ( 138,2 );
insert into espece_type values ( 139,11 );
insert into espece_type values ( 140,15 );
insert into espece_type values ( 141,15 );
insert into espece_type values ( 57,0 );
insert into espece_type values ( 50,1 );
insert into espece_type values ( 96,2 );
insert into espece_type values ( 94,3 );
insert into espece_type values ( 133,4 );
insert into espece_type values ( 88,5 );
insert into espece_type values ( 21,6 );
insert into espece_type values ( 131,7 );
insert into espece_type values ( 44,8 );
insert into espece_type values ( 101,9 );
insert into espece_type values ( 126,10 );
insert into espece_type values ( 84,11 );
insert into espece_type values ( 133,12 );
insert into espece_type values ( 27,13 );
insert into espece_type values ( 104,14 );
insert into espece_type values ( 72,15 );
insert into espece_type values ( 134,16 );
insert into espece_zone values ( 0,5 );
insert into espece_zone values ( 1,77 );
insert into espece_zone values ( 2,36 );
insert into espece_zone values ( 3,62 );
insert into espece_zone values ( 4,25 );
insert into espece_zone values ( 5,15 );
insert into espece_zone values ( 6,32 );
insert into espece_zone values ( 7,62 );
insert into espece_zone values ( 8,55 );
insert into espece_zone values ( 9,54 );
insert into espece_zone values ( 10,79 );
insert into espece_zone values ( 11,16 );
insert into espece_zone values ( 12,80 );
insert into espece_zone values ( 13,59 );
insert into espece_zone values ( 14,40 );
insert into espece_zone values ( 15,21 );
insert into espece_zone values ( 16,7 );
insert into espece_zone values ( 17,19 );
insert into espece_zone values ( 18,1 );
insert into espece_zone values ( 19,75 );
insert into espece_zone values ( 20,72 );
insert into espece_zone values ( 21,31 );
insert into espece_zone values ( 22,37 );
insert into espece_zone values ( 23,75 );
insert into espece_zone values ( 24,25 );
insert into espece_zone values ( 25,0 );
insert into espece_zone values ( 26,60 );
insert into espece_zone values ( 27,68 );
insert into espece_zone values ( 28,3 );
insert into espece_zone values ( 29,48 );
insert into espece_zone values ( 30,56 );
insert into espece_zone values ( 31,53 );
insert into espece_zone values ( 32,24 );
insert into espece_zone values ( 33,16 );
insert into espece_zone values ( 34,5 );
insert into espece_zone values ( 35,2 );
insert into espece_zone values ( 36,26 );
insert into espece_zone values ( 37,24 );
insert into espece_zone values ( 38,68 );
insert into espece_zone values ( 39,21 );
insert into espece_zone values ( 40,19 );
insert into espece_zone values ( 41,0 );
insert into espece_zone values ( 42,42 );
insert into espece_zone values ( 43,22 );
insert into espece_zone values ( 44,21 );
insert into espece_zone values ( 45,10 );
insert into espece_zone values ( 46,57 );
insert into espece_zone values ( 47,37 );
insert into espece_zone values ( 48,53 );
insert into espece_zone values ( 49,19 );
insert into espece_zone values ( 50,32 );
insert into espece_zone values ( 51,24 );
insert into espece_zone values ( 52,68 );
insert into espece_zone values ( 53,11 );
insert into espece_zone values ( 54,26 );
insert into espece_zone values ( 55,19 );
insert into espece_zone values ( 56,78 );
insert into espece_zone values ( 57,71 );
insert into espece_zone values ( 58,29 );
insert into espece_zone values ( 59,3 );
insert into espece_zone values ( 60,73 );
insert into espece_zone values ( 61,32 );
insert into espece_zone values ( 62,6 );
insert into espece_zone values ( 63,71 );
insert into espece_zone values ( 64,26 );
insert into espece_zone values ( 65,76 );
insert into espece_zone values ( 66,56 );
insert into espece_zone values ( 67,75 );
insert into espece_zone values ( 68,14 );
insert into espece_zone values ( 69,38 );
insert into espece_zone values ( 70,52 );
insert into espece_zone values ( 71,26 );
insert into espece_zone values ( 72,70 );
insert into espece_zone values ( 73,65 );
insert into espece_zone values ( 74,18 );
insert into espece_zone values ( 75,5 );
insert into espece_zone values ( 76,71 );
insert into espece_zone values ( 77,0 );
insert into espece_zone values ( 78,55 );
insert into espece_zone values ( 79,66 );
insert into espece_zone values ( 80,14 );
insert into espece_zone values ( 81,24 );
insert into espece_zone values ( 82,31 );
insert into espece_zone values ( 83,44 );
insert into espece_zone values ( 84,21 );
insert into espece_zone values ( 85,34 );
insert into espece_zone values ( 86,55 );
insert into espece_zone values ( 87,67 );
insert into espece_zone values ( 88,34 );
insert into espece_zone values ( 89,31 );
insert into espece_zone values ( 90,13 );
insert into espece_zone values ( 91,60 );
insert into espece_zone values ( 92,6 );
insert into espece_zone values ( 93,72 );
insert into espece_zone values ( 94,27 );
insert into espece_zone values ( 95,32 );
insert into espece_zone values ( 96,36 );
insert into espece_zone values ( 97,28 );
insert into espece_zone values ( 98,29 );
insert into espece_zone values ( 99,78 );
insert into espece_zone values ( 100,22 );
insert into espece_zone values ( 101,22 );
insert into espece_zone values ( 102,9 );
insert into espece_zone values ( 103,20 );
insert into espece_zone values ( 104,45 );
insert into espece_zone values ( 105,51 );
insert into espece_zone values ( 106,46 );
insert into espece_zone values ( 107,18 );
insert into espece_zone values ( 108,66 );
insert into espece_zone values ( 109,79 );
insert into espece_zone values ( 110,61 );
insert into espece_zone values ( 111,55 );
insert into espece_zone values ( 112,11 );
insert into espece_zone values ( 113,5 );
insert into espece_zone values ( 114,48 );
insert into espece_zone values ( 115,75 );
insert into espece_zone values ( 116,71 );
insert into espece_zone values ( 117,45 );
insert into espece_zone values ( 118,53 );
insert into espece_zone values ( 119,4 );
insert into espece_zone values ( 120,43 );
insert into espece_zone values ( 121,61 );
insert into espece_zone values ( 122,7 );
insert into espece_zone values ( 123,36 );
insert into espece_zone values ( 124,52 );
insert into espece_zone values ( 125,56 );
insert into espece_zone values ( 126,80 );
insert into espece_zone values ( 127,26 );
insert into espece_zone values ( 128,67 );
insert into espece_zone values ( 129,30 );
insert into espece_zone values ( 130,45 );
insert into espece_zone values ( 131,70 );
insert into espece_zone values ( 132,2 );
insert into espece_zone values ( 133,15 );
insert into espece_zone values ( 134,57 );
insert into espece_zone values ( 135,56 );
insert into espece_zone values ( 136,50 );
insert into espece_zone values ( 137,66 );
insert into espece_zone values ( 138,21 );
insert into espece_zone values ( 139,34 );
insert into espece_zone values ( 140,7 );
insert into espece_zone values ( 141,66 );
insert into espece_zone values ( 79,0 );
insert into espece_zone values ( 83,1 );
insert into espece_zone values ( 12,2 );
insert into espece_zone values ( 44,3 );
insert into espece_zone values ( 37,4 );
insert into espece_zone values ( 141,5 );
insert into espece_zone values ( 106,6 );
insert into espece_zone values ( 131,7 );
insert into espece_zone values ( 9,8 );
insert into espece_zone values ( 54,9 );
insert into espece_zone values ( 131,10 );
insert into espece_zone values ( 46,11 );
insert into espece_zone values ( 15,12 );
insert into espece_zone values ( 140,13 );
insert into espece_zone values ( 97,14 );
insert into espece_zone values ( 134,15 );
insert into espece_zone values ( 20,16 );
insert into espece_zone values ( 131,17 );
insert into espece_zone values ( 16,18 );
insert into espece_zone values ( 26,19 );
insert into espece_zone values ( 14,20 );
insert into espece_zone values ( 37,21 );
insert into espece_zone values ( 30,22 );
insert into espece_zone values ( 84,23 );
insert into espece_zone values ( 59,24 );
insert into espece_zone values ( 55,25 );
insert into espece_zone values ( 45,26 );
insert into espece_zone values ( 74,27 );
insert into espece_zone values ( 56,28 );
insert into espece_zone values ( 48,29 );
insert into espece_zone values ( 28,30 );
insert into espece_zone values ( 81,31 );
insert into espece_zone values ( 99,32 );
insert into espece_zone values ( 51,33 );
insert into espece_zone values ( 43,34 );
insert into espece_zone values ( 89,35 );
insert into espece_zone values ( 88,36 );
insert into espece_zone values ( 124,37 );
insert into espece_zone values ( 141,38 );
insert into espece_zone values ( 87,39 );
insert into espece_zone values ( 55,40 );
insert into espece_zone values ( 130,41 );
insert into espece_zone values ( 139,42 );
insert into espece_zone values ( 50,43 );
insert into espece_zone values ( 107,44 );
insert into espece_zone values ( 47,45 );
insert into espece_zone values ( 37,46 );
insert into espece_zone values ( 1,47 );
insert into espece_zone values ( 128,48 );
insert into espece_zone values ( 110,49 );
insert into espece_zone values ( 75,50 );
insert into espece_zone values ( 130,51 );
insert into espece_zone values ( 8,52 );
insert into espece_zone values ( 34,53 );
insert into espece_zone values ( 76,54 );
insert into espece_zone values ( 15,55 );
insert into espece_zone values ( 127,56 );
insert into espece_zone values ( 52,57 );
insert into espece_zone values ( 109,58 );
insert into espece_zone values ( 82,59 );
insert into espece_zone values ( 83,60 );
insert into espece_zone values ( 23,62 );
insert into espece_zone values ( 105,63 );
insert into espece_zone values ( 111,64 );
insert into espece_zone values ( 56,65 );
insert into espece_zone values ( 126,66 );
insert into espece_zone values ( 118,67 );
insert into espece_zone values ( 49,68 );
insert into espece_zone values ( 84,69 );
insert into espece_zone values ( 7,70 );
insert into espece_zone values ( 60,71 );
insert into espece_zone values ( 108,73 );
insert into espece_zone values ( 90,74 );
insert into espece_zone values ( 120,75 );
insert into espece_zone values ( 38,76 );
insert into espece_zone values ( 74,77 );
insert into espece_zone values ( 80,78 );
insert into espece_zone values ( 108,79 );
insert into espece_zone values ( 85,80 );
insert into monstropoche_attaque values ( 0,9 );
insert into monstropoche_attaque values ( 1,11 );
insert into monstropoche_attaque values ( 2,0 );
insert into monstropoche_attaque values ( 3,7 );
insert into monstropoche_attaque values ( 4,13 );
insert into monstropoche_attaque values ( 5,1 );
insert into monstropoche_attaque values ( 6,25 );
insert into monstropoche_attaque values ( 7,22 );
insert into monstropoche_attaque values ( 8,6 );
insert into monstropoche_attaque values ( 9,21 );
insert into monstropoche_attaque values ( 10,12 );
insert into monstropoche_attaque values ( 11,12 );
insert into monstropoche_attaque values ( 12,6 );
insert into monstropoche_attaque values ( 13,7 );
insert into monstropoche_attaque values ( 14,25 );
insert into monstropoche_attaque values ( 15,12 );
insert into monstropoche_attaque values ( 16,9 );
insert into monstropoche_attaque values ( 17,23 );
insert into monstropoche_attaque values ( 18,23 );
insert into monstropoche_attaque values ( 19,17 );
insert into monstropoche_attaque values ( 20,24 );
insert into monstropoche_attaque values ( 21,19 );
insert into monstropoche_attaque values ( 22,13 );
insert into monstropoche_attaque values ( 23,12 );
insert into monstropoche_attaque values ( 24,16 );
insert into monstropoche_attaque values ( 25,21 );
insert into monstropoche_attaque values ( 26,20 );
insert into monstropoche_attaque values ( 27,12 );
insert into monstropoche_attaque values ( 28,23 );
insert into monstropoche_attaque values ( 29,9 );
insert into monstropoche_attaque values ( 30,11 );
insert into monstropoche_attaque values ( 31,18 );
insert into monstropoche_attaque values ( 32,16 );
insert into monstropoche_attaque values ( 33,6 );
insert into monstropoche_attaque values ( 34,19 );
insert into monstropoche_attaque values ( 35,24 );
insert into monstropoche_attaque values ( 36,15 );
insert into monstropoche_attaque values ( 37,0 );
insert into monstropoche_attaque values ( 38,1 );
insert into monstropoche_attaque values ( 39,21 );
insert into monstropoche_attaque values ( 40,21 );
insert into monstropoche_attaque values ( 41,13 );
insert into monstropoche_attaque values ( 42,12 );
insert into monstropoche_attaque values ( 43,14 );
insert into monstropoche_attaque values ( 44,6 );
insert into monstropoche_attaque values ( 45,8 );
insert into monstropoche_attaque values ( 46,12 );
insert into monstropoche_attaque values ( 47,18 );
insert into monstropoche_attaque values ( 48,5 );
insert into monstropoche_attaque values ( 49,6 );
insert into monstropoche_attaque values ( 50,3 );
insert into monstropoche_attaque values ( 51,16 );
insert into monstropoche_attaque values ( 52,19 );
insert into monstropoche_attaque values ( 53,3 );
insert into monstropoche_attaque values ( 54,8 );
insert into monstropoche_attaque values ( 55,23 );
insert into monstropoche_attaque values ( 56,4 );
insert into monstropoche_attaque values ( 57,17 );
insert into monstropoche_attaque values ( 58,13 );
insert into monstropoche_attaque values ( 59,4 );
insert into monstropoche_attaque values ( 60,3 );
insert into monstropoche_attaque values ( 61,19 );
insert into monstropoche_attaque values ( 62,4 );
insert into monstropoche_attaque values ( 63,21 );
insert into monstropoche_attaque values ( 64,24 );
insert into monstropoche_attaque values ( 65,23 );
insert into monstropoche_attaque values ( 66,25 );
insert into monstropoche_attaque values ( 67,16 );
insert into monstropoche_attaque values ( 68,17 );
insert into monstropoche_attaque values ( 69,16 );
insert into monstropoche_attaque values ( 70,7 );
insert into monstropoche_attaque values ( 71,26 );
insert into monstropoche_attaque values ( 72,25 );
insert into monstropoche_attaque values ( 73,12 );
insert into monstropoche_attaque values ( 74,5 );
insert into monstropoche_attaque values ( 75,7 );
insert into monstropoche_attaque values ( 76,1 );
insert into monstropoche_attaque values ( 77,16 );
insert into monstropoche_attaque values ( 78,13 );
insert into monstropoche_attaque values ( 79,26 );
insert into monstropoche_attaque values ( 80,17 );
insert into monstropoche_attaque values ( 81,21 );
insert into monstropoche_attaque values ( 82,8 );
insert into monstropoche_attaque values ( 83,20 );
insert into monstropoche_attaque values ( 84,12 );
insert into monstropoche_attaque values ( 85,10 );
insert into monstropoche_attaque values ( 86,20 );
insert into monstropoche_attaque values ( 87,14 );
insert into monstropoche_attaque values ( 88,8 );
insert into monstropoche_attaque values ( 89,26 );
insert into monstropoche_attaque values ( 90,18 );
insert into monstropoche_attaque values ( 91,25 );
insert into monstropoche_attaque values ( 92,26 );
insert into monstropoche_attaque values ( 93,14 );
insert into monstropoche_attaque values ( 94,18 );
insert into monstropoche_attaque values ( 95,18 );
insert into monstropoche_attaque values ( 96,14 );
insert into monstropoche_attaque values ( 97,16 );
insert into monstropoche_attaque values ( 98,12 );
insert into monstropoche_attaque values ( 99,12 );
insert into monstropoche_attaque values ( 17,0 );
insert into monstropoche_attaque values ( 33,1 );
insert into monstropoche_attaque values ( 35,2 );
insert into monstropoche_attaque values ( 58,3 );
insert into monstropoche_attaque values ( 23,4 );
insert into monstropoche_attaque values ( 29,6 );
insert into monstropoche_attaque values ( 41,7 );
insert into monstropoche_attaque values ( 28,8 );
insert into monstropoche_attaque values ( 56,9 );
insert into monstropoche_attaque values ( 98,10 );
insert into monstropoche_attaque values ( 41,11 );
insert into monstropoche_attaque values ( 91,12 );
insert into monstropoche_attaque values ( 50,13 );
insert into monstropoche_attaque values ( 71,14 );
insert into monstropoche_attaque values ( 77,15 );
insert into monstropoche_attaque values ( 39,16 );
insert into monstropoche_attaque values ( 60,17 );
insert into monstropoche_attaque values ( 6,18 );
insert into monstropoche_attaque values ( 79,19 );
insert into monstropoche_attaque values ( 25,20 );
insert into monstropoche_attaque values ( 46,21 );
insert into monstropoche_attaque values ( 20,22 );
insert into monstropoche_attaque values ( 82,23 );
insert into monstropoche_attaque values ( 45,24 );
insert into monstropoche_attaque values ( 19,25 );
insert into monstropoche_attaque values ( 94,26 );
insert into monstropoche_attaque values ( 25,27 );
insert into monstropoche_attaque values ( 53,28 );
