drop table monstropoche_attaque;
drop table espece_zone;
drop table espece_type;
drop table objet_zone;
drop table monstropoche;
drop table espece;
drop table etat;
drop table genre;
drop table objet;
drop table zone;
drop table attaque;
drop table type;
drop table proprietaire;

create table proprietaire (
  id int not null,
  nom varchar(255) not null,
  primary key(id)
);
create table type (
  id int not null,
  nom varchar(255) not null,
  primary key(id)
);
create table attaque (
  id int not null,
  type_id int not null,
  nom varchar(255) not null,
  puissance int not null,
  perequis int not null,
  precizion int not null,
  constraint fk_attaque_type foreign key (type_id) references type(id),
  primary key(id)
);
create table zone (id int not null,
  nom varchar(255) not null,
  primary key(id)
);
create table objet (id int not null,
  nom varchar(255) not null,
  est_unique number(1) not null,
  est_defensif number(1),
  est_offensif number(1),
  primary key(id)
);
create table genre (id int not null,
  femelle number(1) not null,
  male number(1) not null,
  primary key(id)
);
create table etat (id int not null,
  nom varchar(255) not null,
  primary key(id)
);
create table espece (
  id int not null,
  objet_id int,
  source_id int,
  nom varchar(255) not null,
  constraint fk_espece_objet foreign key (objet_id) references objet(id),
  constraint fk_espece_espece foreign key (source_id) references espece(id),
  primary key(id)
);
create table monstropoche (id int not null,
  surnom varchar(255) not null,
  proprietaire_id int,
  genre_id int not null,
  etat_id int not null,
  objet_id int,
  espece_id int not null,
  pv int not null,
  pe int not null,
  pv_actuel int not null,
  constraint fk_monstropoche_proprietaire foreign key (proprietaire_id) references proprietaire(id),
  constraint fk_monstropoche_genre foreign key (genre_id) references genre(id),
  constraint fk_monstropoche_etat foreign key (etat_id) references etat(id),
  constraint fk_monstropoche_objet foreign key (objet_id) references objet(id),
  constraint fk_monstropoche_espece foreign key (espece_id) references espece(id),
  primary key(id)
);
create table objet_zone (objet_id int not null,
  zone_id int not null,
  constraint fk_objet_zone_objet foreign key (objet_id) references objet(id),
  constraint fk_objet_zone_zone foreign key (zone_id) references zone(id),
  primary key(objet_id,
  zone_id)
);
create table espece_type (espece_id int not null,
  type_id int not null,
  constraint fk_espece_type_espece foreign key (espece_id) references espece(id),
  constraint fk_espece_type_type foreign key (type_id) references type(id),
  primary key(espece_id,
  type_id)
);
create table espece_zone (espece_id int not null,
  zone_id int not null,
  constraint fk_espece_zone_espece foreign key (espece_id) references espece(id),
  constraint fk_espece_zone_zone foreign key (zone_id) references zone(id),
  primary key(espece_id,
  zone_id)
);
create table monstropoche_attaque (monstropoche_id int not null,
  attaque_id int not null,
  constraint fk_monstropoche_attaque_m foreign key (monstropoche_id) references monstropoche(id),
  constraint fk_monstropoche_attaque_a foreign key (attaque_id) references attaque(id),
  primary key(monstropoche_id,
  attaque_id)
);

delete from monstropoche_attaque;
delete from espece_zone;
delete from espece_type;
delete from objet_zone;
delete from monstropoche;
delete from espece;
delete from etat;
delete from type;
delete from genre;
delete from objet;
delete from attaque;
delete from zone;
delete from proprietaire;
delete from monstropoche_attaque;
delete from espece_zone;
delete from espece_type;
delete from objet_zone;
delete from monstropoche;
delete from espece;
delete from etat;
delete from type;
delete from genre;
delete from objet;
delete from attaque;
delete from zone;
delete from proprietaire;
insert into proprietaire values ( 0,'Mélissa Roche' );
insert into proprietaire values ( 1,'Lilou Collet PhD' );
insert into proprietaire values ( 2,'Noémie Muller' );
insert into proprietaire values ( 3,'Baptiste Guillot PhD' );
insert into proprietaire values ( 4,'Carla Dupuy' );
insert into proprietaire values ( 5,'Antoine Fleury' );
insert into proprietaire values ( 6,'Noémie Leroux' );
insert into proprietaire values ( 7,'Paul Clement' );
insert into proprietaire values ( 8,'Ines Fabre' );
insert into proprietaire values ( 9,'Ines Leroy' );
insert into proprietaire values ( 10,'Mme Lucie Charles' );
insert into proprietaire values ( 11,'Mathis Rey' );
insert into proprietaire values ( 12,'Lou Vasseur DDS' );
insert into proprietaire values ( 13,'Pierre Remy' );
insert into proprietaire values ( 14,'Sacha Lefebvre' );
insert into proprietaire values ( 15,'Clémence Garcia' );
insert into proprietaire values ( 16,'Ethan Fleury' );
insert into proprietaire values ( 17,'Ines Colin' );
insert into proprietaire values ( 18,'Noémie Sanchez' );
insert into proprietaire values ( 19,'Alexis Adam' );
insert into proprietaire values ( 20,'Arthur Breton' );
insert into proprietaire values ( 21,'Maxence Riviere' );
insert into proprietaire values ( 22,'Lucie Rodriguez I' );
insert into proprietaire values ( 23,'Jeanne Joly' );
insert into proprietaire values ( 24,'Victor Poirier' );
insert into proprietaire values ( 25,'Baptiste Nguyen' );
insert into proprietaire values ( 26,'Raphaël Guerin' );
insert into proprietaire values ( 27,'Mael Guerin' );
insert into proprietaire values ( 28,'Laura Charles' );
insert into proprietaire values ( 29,'M Ambre Dufour' );
insert into proprietaire values ( 30,'Lilou Colin' );
insert into proprietaire values ( 31,'Alexis Barre' );
insert into proprietaire values ( 32,'Célia Michel' );
insert into proprietaire values ( 33,'Sarah Moreau Sr.' );
insert into proprietaire values ( 34,'Clément Bertrand' );
insert into proprietaire values ( 35,'Elisa Pierre I' );
insert into proprietaire values ( 36,'Paul Lucas' );
insert into proprietaire values ( 37,'Maeva Mathieu' );
insert into proprietaire values ( 38,'Léa Muller' );
insert into proprietaire values ( 39,'Mlle Nicolas Dufour' );
insert into proprietaire values ( 40,'Ambre Roger MD' );
insert into proprietaire values ( 41,'Marie Vincent' );
insert into proprietaire values ( 42,'Alicia Leroux' );
insert into proprietaire values ( 43,'Victor Lefebvre DVM' );
insert into proprietaire values ( 44,'Zoe Jean' );
insert into proprietaire values ( 45,'Jules Barbier' );
insert into proprietaire values ( 46,'Julie Laurent' );
insert into proprietaire values ( 47,'Rayan Robert' );
insert into proprietaire values ( 48,'Adam Vasseur' );
insert into proprietaire values ( 49,'Julie Deschamps DVM' );
insert into proprietaire values ( 50,'Eva Renault IV' );
insert into proprietaire values ( 51,'Thomas Dupuis' );
insert into proprietaire values ( 52,'Enzo Royer' );
insert into proprietaire values ( 53,'Raphaël Blanchard' );
insert into proprietaire values ( 54,'Valentin Andre' );
insert into proprietaire values ( 55,'Jeanne Lefebvre' );
insert into proprietaire values ( 56,'Adam Schmitt' );
insert into proprietaire values ( 57,'Jules Petit II' );
insert into proprietaire values ( 58,'Prof Thomas Collet' );
insert into proprietaire values ( 59,'Raphaël Garcia' );
insert into proprietaire values ( 60,'Mathéo Vincent' );
insert into proprietaire values ( 61,'Théo Gauthier' );
insert into proprietaire values ( 62,'Juliette Charles' );
insert into proprietaire values ( 63,'Pauline Baron DDS' );
insert into proprietaire values ( 64,'Mélissa Faure' );
insert into proprietaire values ( 65,'Mlle Maeva Leroux' );
insert into proprietaire values ( 66,'Maxence Brunet' );
insert into proprietaire values ( 67,'Mme Carla Brun' );
insert into proprietaire values ( 68,'Léa Charles' );
insert into proprietaire values ( 69,'Alicia Rousseau' );
insert into proprietaire values ( 70,'Ines Julien' );
insert into proprietaire values ( 71,'Arthur Martin' );
insert into proprietaire values ( 72,'Rayan Renault' );
insert into proprietaire values ( 73,'Arthur Lefevre' );
insert into proprietaire values ( 74,'Jade Fernandez' );
insert into proprietaire values ( 75,'Thomas Jean' );
insert into proprietaire values ( 76,'Jules Renault' );
insert into proprietaire values ( 77,'Thomas Prevost' );
insert into proprietaire values ( 78,'Mathilde Lemaire' );
insert into proprietaire values ( 79,'Nicolas Roux' );
insert into proprietaire values ( 80,'Lola Vincent III' );
insert into proprietaire values ( 81,'Jeanne Dupuy' );
insert into proprietaire values ( 82,'Valentin Sanchez' );
insert into proprietaire values ( 83,'Pauline Leroy' );
insert into proprietaire values ( 84,'Noémie Julien IV' );
insert into proprietaire values ( 85,'Romain Menard' );
insert into proprietaire values ( 86,'Antoine Francois' );
insert into proprietaire values ( 87,'Pierre Maillard PhD' );
insert into proprietaire values ( 88,'Valentin Clement' );
insert into proprietaire values ( 89,'Benjamin Lecomte DDS' );
insert into proprietaire values ( 90,'Evan Mathieu PhD' );
insert into proprietaire values ( 91,'Prof Lilou Leclercq' );
insert into proprietaire values ( 92,'Ambre Lambert' );
insert into proprietaire values ( 93,'Prof Valentin Denis' );
insert into proprietaire values ( 94,'Lola Barre' );
insert into proprietaire values ( 95,'Mme Maxence Martin' );
insert into proprietaire values ( 96,'Maëlle Nicolas' );
insert into proprietaire values ( 97,'M Romane Le gall' );
insert into proprietaire values ( 98,'Maëlys Guerin' );
insert into proprietaire values ( 99,'Romain Roger' );
insert into type values ( 0,'Glace' );
insert into type values ( 1,'Dragon' );
insert into type values ( 2,'Sol' );
insert into type values ( 3,'Plante' );
insert into type values ( 4,'Feu' );
insert into type values ( 5,'Eau' );
insert into type values ( 6,'Électrique' );
insert into type values ( 7,'Psy' );
insert into type values ( 8,'Spectre' );
insert into type values ( 9,'Ténèbre' );
insert into type values ( 10,'Fée' );
insert into type values ( 11,'Acier' );
insert into type values ( 12,'Poison' );
insert into type values ( 13,'Roche' );
insert into type values ( 14,'Combat' );
insert into type values ( 15,'Insecte' );
insert into type values ( 16,'Normal' );
insert into attaque values ( 0,6,'Triplattaque',102,23,95 );
insert into attaque values ( 1,0,'Escalade',186,41,25 );
insert into attaque values ( 2,11,'Morphing',114,16,46 );
insert into attaque values ( 3,5,'Vœu',20,35,86 );
insert into attaque values ( 4,16,'Grobisou',43,9,48 );
insert into attaque values ( 5,12,'Pilonnage',167,72,20 );
insert into attaque values ( 6,8,'Recyclage',157,39,59 );
insert into attaque values ( 7,1,'Regard Médusant',54,6,50 );
insert into attaque values ( 8,3,'E-Coque',219,52,22 );
insert into attaque values ( 9,5,'Constriction',226,3,65 );
insert into attaque values ( 10,13,'Picanon',113,44,9 );
insert into attaque values ( 11,16,'Uppercut',98,5,27 );
insert into attaque values ( 12,13,'Coup de Main',50,78,58 );
insert into attaque values ( 13,12,'Flash',148,28,83 );
insert into attaque values ( 14,14,'Conversion',202,57,37 );
insert into attaque values ( 15,2,'Affûtage',178,70,21 );
insert into attaque values ( 16,15,'Croc de Mort',99,24,72 );
insert into attaque values ( 17,16,'Par Ici',95,43,77 );
insert into attaque values ( 18,6,'Attrition',232,55,48 );
insert into attaque values ( 19,2,'Force-Nature',12,83,51 );
insert into attaque values ( 20,8,'Combo-Griffe',78,66,71 );
insert into attaque values ( 21,3,'Explosion',163,28,94 );
insert into attaque values ( 22,3,'Trempette',239,96,62 );
insert into attaque values ( 23,16,'Exuviation',80,0,22 );
insert into attaque values ( 24,4,'CoudKrâne',57,86,62 );
insert into attaque values ( 25,14,'Météores',135,75,32 );
insert into attaque values ( 26,12,'Relais',206,37,89 );
insert into attaque values ( 27,13,'Rengorgement',250,3,34 );
insert into attaque values ( 28,9,'BoulArmure',21,57,4 );
insert into zone values ( 0,'Macao' );
insert into zone values ( 1,'Bhutan' );
insert into zone values ( 2,'Papua New Guinea' );
insert into zone values ( 3,'Brazil' );
insert into zone values ( 4,'Central African Republic' );
insert into zone values ( 5,'Iraq' );
insert into zone values ( 6,'Antigua and Barbuda' );
insert into zone values ( 7,'Puerto Rico' );
insert into zone values ( 8,'Cyprus' );
insert into zone values ( 9,'Isle of Man' );
insert into zone values ( 10,'Cambodia' );
insert into zone values ( 11,'Cape Verde' );
insert into zone values ( 12,'Andorra' );
insert into zone values ( 13,'United States Minor Outlying Islands' );
insert into zone values ( 14,'Guatemala' );
insert into zone values ( 15,'Bangladesh' );
insert into zone values ( 16,'Martinique' );
insert into zone values ( 17,'Republic of Korea' );
insert into zone values ( 18,'Dominica' );
insert into zone values ( 19,'Saint Lucia' );
insert into zone values ( 20,'Luxembourg' );
insert into zone values ( 21,'Vietnam' );
insert into zone values ( 22,'Uzbekistan' );
insert into zone values ( 23,'Barbados' );
insert into zone values ( 24,'Holy See (Vatican City State)' );
insert into zone values ( 25,'Somalia' );
insert into zone values ( 26,'Burkina Faso' );
insert into zone values ( 27,'Yemen' );
insert into zone values ( 28,'Hungary' );
insert into zone values ( 29,'Bahrain' );
insert into zone values ( 30,'Tunisia' );
insert into zone values ( 31,'Iceland' );
insert into zone values ( 32,'Saint Pierre and Miquelon' );
insert into zone values ( 33,'Greece' );
insert into zone values ( 34,'Botswana' );
insert into zone values ( 35,'Belarus' );
insert into zone values ( 36,'Kuwait' );
insert into zone values ( 37,'Cameroon' );
insert into zone values ( 38,'Bulgaria' );
insert into zone values ( 39,'Australia' );
insert into zone values ( 40,'Reunion' );
insert into zone values ( 41,'Mozambique' );
insert into zone values ( 42,'Democratic Peoples Republic of Korea' );
insert into zone values ( 43,'Svalbard  Jan Mayen Islands' );
insert into zone values ( 44,'Timor-Leste' );
insert into zone values ( 45,'Oman' );
insert into zone values ( 46,'Albania' );
insert into zone values ( 47,'Iran' );
insert into zone values ( 48,'Cuba' );
insert into zone values ( 49,'Eritrea' );
insert into zone values ( 50,'Fiji' );
insert into zone values ( 51,'Bermuda' );
insert into zone values ( 52,'India' );
insert into zone values ( 53,'Romania' );
insert into zone values ( 54,'China' );
insert into zone values ( 55,'Greenland' );
insert into zone values ( 56,'Bouvet Island (Bouvetoya)' );
insert into zone values ( 57,'Turks and Caicos Islands' );
insert into zone values ( 58,'French Southern Territories' );
insert into zone values ( 59,'Syrian Arab Republic' );
insert into zone values ( 60,'United States of America' );
insert into zone values ( 61,'Saint Helena' );
insert into zone values ( 62,'Turkmenistan' );
insert into zone values ( 63,'Russian Federation' );
insert into zone values ( 64,'Pakistan' );
insert into zone values ( 65,'Azerbaijan' );
insert into zone values ( 66,'New Caledonia' );
insert into zone values ( 67,'Guernsey' );
insert into zone values ( 68,'Nauru' );
insert into zone values ( 69,'Japan' );
insert into zone values ( 70,'Aruba' );
insert into zone values ( 71,'Venezuela' );
insert into zone values ( 72,'Samoa' );
insert into zone values ( 73,'Togo' );
insert into zone values ( 74,'Gabon' );
insert into zone values ( 75,'Cayman Islands' );
insert into zone values ( 76,'Denmark' );
insert into zone values ( 77,'Honduras' );
insert into zone values ( 78,'Saint Barthelemy' );
insert into zone values ( 79,'Nepal' );
insert into zone values ( 80,'Poland' );
insert into zone values ( 81,'Falkland Islands (Malvinas)' );
insert into objet values ( 0,'Défense +',1,1,0 );
insert into objet values ( 1,'Muscle +',0,1,0 );
insert into objet values ( 2,'Défense Spéc',1,1,1 );
insert into objet values ( 3,'Déf. Spé. +',1,1,0 );
insert into objet values ( 4,'Attaque +',0,0,1 );
insert into objet values ( 5,'Spécial +',0,0,0 );
insert into objet values ( 6,'Précision +',0,0,0 );
insert into objet values ( 7,'Vitesse +',1,0,1 );
insert into objet values ( 8,'Baie Tamato',1,1,0 );
insert into objet values ( 9,'Baie Résin',1,0,1 );
insert into objet values ( 10,'Baie Lonme',0,0,1 );
insert into objet values ( 11,'Baie Qualot',0,1,0 );
insert into objet values ( 12,'Baie Alga',0,1,0 );
insert into objet values ( 13,'Baie Grena',1,0,0 );
insert into objet values ( 14,'Baie Mepo',1,0,1 );
insert into objet values ( 15,'Baie Willia',1,0,1 );
insert into objet values ( 16,'Baie Fraive',1,1,0 );
insert into objet values ( 17,'Baie Pêcha',1,0,1 );
insert into objet values ( 18,'Baie Maron',1,0,0 );
insert into objet values ( 19,'Baie Oran',0,0,1 );
insert into genre values ( 0,0,0 );
insert into genre values ( 1,0,1 );
insert into genre values ( 2,1,1 );
insert into genre values ( 3,1,0 );
insert into etat values ( 0,'Mission' );
insert into etat values ( 1,'Repos' );
insert into etat values ( 2,'Reproduction' );
insert into espece values ( 0,null,null,'Bulbizarre' );
insert into espece values ( 1,null,null,'Chenipan' );
insert into espece values ( 2,null,null,'Voltorbe' );
insert into espece values ( 3,null,null,'Électrode' );
insert into espece values ( 4,13,null,'Nœunœuf' );
insert into espece values ( 5,null,2,'Noadkoko' );
insert into espece values ( 6,null,null,'Osselait' );
insert into espece values ( 7,null,null,'Ossatueur' );
insert into espece values ( 8,null,null,'Kicklee' );
insert into espece values ( 9,16,null,'Tygnon' );
insert into espece values ( 10,null,null,'Excelangue' );
insert into espece values ( 11,null,null,'Smogo' );
insert into espece values ( 12,null,null,'Chrysacier' );
insert into espece values ( 13,null,null,'Smogogo' );
insert into espece values ( 14,null,4,'Rhinocorne' );
insert into espece values ( 15,null,null,'Rhinoféros' );
insert into espece values ( 16,null,null,'Leveinard' );
insert into espece values ( 17,null,null,'Saquedeneu' );
insert into espece values ( 18,null,null,'Kangourex' );
insert into espece values ( 19,null,null,'Hypotrempe' );
insert into espece values ( 20,null,null,'Hypocéan' );
insert into espece values ( 21,null,null,'Poissirène' );
insert into espece values ( 22,null,null,'Poissoroy' );
insert into espece values ( 23,null,null,'Papilusion' );
insert into espece values ( 24,null,null,'Stari' );
insert into espece values ( 25,7,null,'Staross' );
insert into espece values ( 26,null,8,'M.Mime' );
insert into espece values ( 27,null,null,'Insécateur' );
insert into espece values ( 28,null,null,'Lippoutou' );
insert into espece values ( 29,null,null,'Élektek' );
insert into espece values ( 30,null,null,'Magmar' );
insert into espece values ( 31,null,null,'Scarabrute' );
insert into espece values ( 32,null,null,'Tauros' );
insert into espece values ( 33,null,null,'Magicarpe' );
insert into espece values ( 34,null,5,'Aspicot' );
insert into espece values ( 35,null,null,'Léviator' );
insert into espece values ( 36,null,null,'Lokhlass' );
insert into espece values ( 37,null,null,'Métamorph' );
insert into espece values ( 38,null,null,'Évoli' );
insert into espece values ( 39,null,null,'Aquali' );
insert into espece values ( 40,null,29,'Voltali' );
insert into espece values ( 41,null,null,'Pyroli' );
insert into espece values ( 42,null,null,'Porygon' );
insert into espece values ( 43,null,null,'Amonita' );
insert into espece values ( 44,null,null,'Amonistar' );
insert into espece values ( 45,null,null,'Coconfort' );
insert into espece values ( 46,null,null,'Kabuto' );
insert into espece values ( 47,null,null,'Kabutops' );
insert into espece values ( 48,null,null,'Ptéra' );
insert into espece values ( 49,null,1,'Ronflex' );
insert into espece values ( 50,null,null,'Artikodin' );
insert into espece values ( 51,null,null,'Électhor' );
insert into espece values ( 52,null,null,'Sulfura' );
insert into espece values ( 53,null,null,'Minidraco' );
insert into espece values ( 54,null,null,'Draco' );
insert into espece values ( 55,null,null,'Dracolosse' );
insert into espece values ( 56,null,null,'Dardargnan' );
insert into espece values ( 57,null,null,'Mewtwo' );
insert into espece values ( 58,null,null,'Mew' );
insert into espece values ( 59,null,null,'Roucool' );
insert into espece values ( 60,null,null,'Roucoups' );
insert into espece values ( 61,null,null,'Roucarnage' );
insert into espece values ( 62,null,null,'Rattata' );
insert into espece values ( 63,null,5,'Herbizarre' );
insert into espece values ( 64,null,null,'Rattatac' );
insert into espece values ( 65,null,null,'Piafabec' );
insert into espece values ( 66,null,null,'Rapasdepic' );
insert into espece values ( 67,null,null,'Abo' );
insert into espece values ( 68,14,null,'Arbok' );
insert into espece values ( 69,null,null,'Pikachu' );
insert into espece values ( 70,null,33,'Raichu' );
insert into espece values ( 71,null,null,'Sabelette' );
insert into espece values ( 72,3,null,'Sablaireau' );
insert into espece values ( 73,null,null,'Nidoran♀' );
insert into espece values ( 74,null,null,'Florizarre' );
insert into espece values ( 75,null,null,'Nidorina' );
insert into espece values ( 76,null,null,'Nidoqueen' );
insert into espece values ( 77,null,null,'Nidoran♂' );
insert into espece values ( 78,null,24,'Nidorino' );
insert into espece values ( 79,null,null,'Nidoking' );
insert into espece values ( 80,null,null,'Mélofée' );
insert into espece values ( 81,null,null,'Mélodelfe' );
insert into espece values ( 82,null,null,'Feunard' );
insert into espece values ( 83,null,null,'Rondoudou' );
insert into espece values ( 84,null,null,'Salamèche' );
insert into espece values ( 85,null,null,'Grodoudou' );
insert into espece values ( 86,null,null,'Nosferapti' );
insert into espece values ( 87,null,null,'Nosferalto' );
insert into espece values ( 88,null,null,'Mystherbe' );
insert into espece values ( 89,null,46,'Ortide' );
insert into espece values ( 90,null,null,'Rafflesia' );
insert into espece values ( 91,null,null,'Paras' );
insert into espece values ( 92,null,null,'Parasect' );
insert into espece values ( 93,null,null,'Mimitoss' );
insert into espece values ( 94,null,null,'Aéromite' );
insert into espece values ( 95,null,64,'Reptincel' );
insert into espece values ( 96,null,null,'Taupiqueur' );
insert into espece values ( 97,null,null,'Triopikeur' );
insert into espece values ( 98,null,null,'Miaouss' );
insert into espece values ( 99,null,null,'Persian' );
insert into espece values ( 100,null,null,'Psykokwak' );
insert into espece values ( 101,null,null,'Akwakwak' );
insert into espece values ( 102,null,null,'Férosinge' );
insert into espece values ( 103,3,null,'Colossinge' );
insert into espece values ( 104,null,null,'Caninos' );
insert into espece values ( 105,null,null,'Arcanin' );
insert into espece values ( 106,null,null,'Dracaufeu' );
insert into espece values ( 107,null,null,'Ptitard' );
insert into espece values ( 108,null,null,'Têtarte' );
insert into espece values ( 109,null,null,'Tartard' );
insert into espece values ( 110,15,null,'Abra' );
insert into espece values ( 111,null,null,'Kadabra' );
insert into espece values ( 112,11,null,'Alakazam' );
insert into espece values ( 113,null,null,'Machoc' );
insert into espece values ( 114,null,null,'Machopeur' );
insert into espece values ( 115,null,null,'Mackogneur' );
insert into espece values ( 116,null,null,'Chétiflor' );
insert into espece values ( 117,null,null,'Carapuce' );
insert into espece values ( 118,null,null,'Boustiflor' );
insert into espece values ( 119,null,null,'Empiflor' );
insert into espece values ( 120,null,null,'Tentacool' );
insert into espece values ( 121,null,null,'Tentacruel' );
insert into espece values ( 122,null,null,'Racaillou' );
insert into espece values ( 123,null,24,'Gravalanch' );
insert into espece values ( 124,null,null,'Grolem' );
insert into espece values ( 125,null,null,'Ponyta' );
insert into espece values ( 126,null,null,'Galopa' );
insert into espece values ( 127,null,null,'Carabaffe' );
insert into espece values ( 128,null,null,'Flagadoss' );
insert into espece values ( 129,null,null,'Magnéton' );
insert into espece values ( 130,null,null,'Canarticho' );
insert into espece values ( 131,null,null,'Dodrio' );
insert into espece values ( 132,null,null,'Otaria' );
insert into espece values ( 133,null,null,'Tadmorv' );
insert into espece values ( 134,null,null,'Grotadmorv' );
insert into espece values ( 135,null,null,'Kokiyas' );
insert into espece values ( 136,null,null,'Crustabri' );
insert into espece values ( 137,null,null,'Spectrum' );
insert into espece values ( 138,null,null,'Ectoplasma' );
insert into espece values ( 139,4,21,'Soporifik' );
insert into espece values ( 140,0,null,'Hypnomade' );
insert into espece values ( 141,null,null,'Krabboss' );
insert into monstropoche values ( 0,'Antonietta_Tromp60',null,0,0,8,29,86,37,20 );
insert into monstropoche values ( 1,'Laurence75',null,2,0,18,132,99,99,50 );
insert into monstropoche values ( 2,'Fausto_Reinger67',98,2,0,18,134,82,100,47 );
insert into monstropoche values ( 3,'Lamont14',13,3,1,5,12,83,38,60 );
insert into monstropoche values ( 4,'Rogers6',null,1,0,4,54,1,52,1 );
insert into monstropoche values ( 5,'Brown44',4,3,2,18,141,70,39,55 );
insert into monstropoche values ( 6,'Milan33',13,3,0,0,58,86,68,40 );
insert into monstropoche values ( 7,'Garrett79',null,1,1,18,124,79,60,20 );
insert into monstropoche values ( 8,'Joshua58',null,3,2,9,13,81,21,57 );
insert into monstropoche values ( 9,'Norval.Bode30',16,3,2,8,24,68,10,37 );
insert into monstropoche values ( 10,'Lazaro69',null,3,1,5,124,58,68,35 );
insert into monstropoche values ( 11,'Juvenal49',null,2,2,5,79,19,50,3 );
insert into monstropoche values ( 12,'Grant75',null,2,1,8,121,67,13,44 );
insert into monstropoche values ( 13,'Claudia38',null,1,0,6,32,15,44,5 );
insert into monstropoche values ( 14,'Jared.Dietrich',81,2,2,10,28,21,54,21 );
insert into monstropoche values ( 15,'Autumn.Dickens',null,2,0,13,50,76,47,33 );
insert into monstropoche values ( 16,'Alia19',35,3,0,8,30,55,48,24 );
insert into monstropoche values ( 17,'Kyleigh_Ondricka',80,1,0,14,31,25,35,5 );
insert into monstropoche values ( 18,'Leola94',null,0,1,8,17,50,100,47 );
insert into monstropoche values ( 19,'Jason.Rowe32',78,0,2,0,89,61,69,50 );
insert into monstropoche values ( 20,'Daija.Rogahn',60,0,2,9,120,65,62,14 );
insert into monstropoche values ( 21,'Mason59',null,3,1,15,116,18,61,0 );
insert into monstropoche values ( 22,'Ardith.Keeling',null,1,1,7,100,41,80,31 );
insert into monstropoche values ( 23,'Pinkie_Dickens',null,3,2,1,72,49,3,38 );
insert into monstropoche values ( 24,'Maxime_Rippin59',null,3,0,6,118,61,76,11 );
insert into monstropoche values ( 25,'Nettie_Dickinson84',null,2,1,1,95,82,84,52 );
insert into monstropoche values ( 26,'Chase54',null,3,0,16,71,38,60,19 );
insert into monstropoche values ( 27,'Monique_Bradtke',null,3,2,5,132,72,5,35 );
insert into monstropoche values ( 28,'Moriah_Reichert31',59,2,0,16,1,87,6,31 );
insert into monstropoche values ( 29,'Ryleigh.Quigley66',null,2,0,18,8,25,14,13 );
insert into monstropoche values ( 30,'Thad16',null,2,1,16,139,82,41,57 );
insert into monstropoche values ( 31,'Luz.Feil46',86,0,2,14,100,65,39,46 );
insert into monstropoche values ( 32,'Kale4',null,2,2,4,76,42,57,1 );
insert into monstropoche values ( 33,'Sister40',82,0,2,3,71,82,99,19 );
insert into monstropoche values ( 34,'Santa_Turner',null,0,2,7,78,63,61,58 );
insert into monstropoche values ( 35,'Annamarie_Mitchell37',11,2,0,14,28,9,10,0 );
insert into monstropoche values ( 36,'Emmalee.Considine79',null,0,1,18,87,95,65,46 );
insert into monstropoche values ( 37,'Russ_Beahan37',null,3,2,8,55,93,58,91 );
insert into monstropoche values ( 38,'Hildegard.Hudson42',null,2,2,0,6,33,90,12 );
insert into monstropoche values ( 39,'Laverne_Wilderman21',39,0,1,17,138,94,15,7 );
insert into monstropoche values ( 40,'Dixie_Marks89',0,3,2,6,78,10,58,1 );
insert into monstropoche values ( 41,'Martina_Upton',24,3,2,19,60,45,7,2 );
insert into monstropoche values ( 42,'Lenora49',66,2,0,8,101,27,55,19 );
insert into monstropoche values ( 43,'Chase60',null,3,1,13,73,19,10,13 );
insert into monstropoche values ( 44,'Caleb63',null,0,0,16,36,58,75,4 );
insert into monstropoche values ( 45,'Alia37',null,0,1,11,87,67,24,49 );
insert into monstropoche values ( 46,'Aditya.Steuber89',76,0,0,11,3,48,24,44 );
insert into monstropoche values ( 47,'Olaf_Koss27',null,1,1,11,49,83,34,21 );
insert into monstropoche values ( 48,'Ernesto.Block59',null,0,1,17,6,24,98,6 );
insert into monstropoche values ( 49,'Kraig34',92,3,2,6,37,76,8,24 );
insert into monstropoche values ( 50,'Valentin8',58,0,1,6,43,87,24,52 );
insert into monstropoche values ( 51,'Berneice_OKeefe12',28,2,2,13,63,46,63,3 );
insert into monstropoche values ( 52,'Lavinia.Bradtke13',null,1,0,2,100,34,29,28 );
insert into monstropoche values ( 53,'Felicity_Fritsch50',null,3,0,14,64,52,23,48 );
insert into monstropoche values ( 54,'Georgianna44',90,1,1,18,121,22,10,0 );
insert into monstropoche values ( 55,'Bryana52',null,3,0,2,60,52,18,47 );
insert into monstropoche values ( 56,'Germaine_Rosenbaum',null,2,0,16,107,63,8,62 );
insert into monstropoche values ( 57,'Jaren.Durgan72',89,1,2,12,33,28,82,18 );
insert into monstropoche values ( 58,'Chelsie_Ritchie8',84,2,1,0,46,52,72,26 );
insert into monstropoche values ( 59,'Magdalen_Kiehn',13,0,2,0,86,45,69,40 );
insert into monstropoche values ( 60,'Jessyca.Lowe20',null,0,0,14,14,47,95,39 );
insert into monstropoche values ( 61,'Floyd87',34,1,0,15,72,27,58,0 );
insert into monstropoche values ( 62,'Ezekiel_Dooley37',null,2,1,12,12,26,4,15 );
insert into monstropoche values ( 63,'Kaylin.Emard',null,2,1,15,130,52,8,6 );
insert into monstropoche values ( 64,'Eloisa_Willms27',null,1,0,6,85,86,42,77 );
insert into monstropoche values ( 65,'Kasandra_McClure57',26,2,0,1,71,34,52,21 );
insert into monstropoche values ( 66,'Loren.Schumm',36,2,0,3,5,57,49,46 );
insert into monstropoche values ( 67,'Carlos_Ebert82',96,3,2,12,91,63,21,12 );
insert into monstropoche values ( 68,'Jalon.Hilll',null,0,1,13,71,26,84,4 );
insert into monstropoche values ( 69,'Clay_Grady88',18,2,0,17,23,48,92,0 );
insert into monstropoche values ( 70,'Elfrieda.Thompson36',null,2,0,12,25,78,50,13 );
insert into monstropoche values ( 71,'Amie.Bins',94,3,2,19,120,16,78,0 );
insert into monstropoche values ( 72,'Keira.Harber4',null,1,0,14,133,49,47,4 );
insert into monstropoche values ( 73,'Adrien_Balistreri4',null,1,2,8,121,65,98,62 );
insert into monstropoche values ( 74,'Greyson_Stamm92',24,2,1,5,48,88,85,29 );
insert into monstropoche values ( 75,'Keeley50',null,2,0,4,16,22,20,16 );
insert into monstropoche values ( 76,'Chauncey.OConnell8',36,1,1,13,22,77,20,61 );
insert into monstropoche values ( 77,'Ryann31',21,1,1,7,120,58,41,40 );
insert into monstropoche values ( 78,'Marcelina_Shanahan69',null,0,1,15,36,30,41,1 );
insert into monstropoche values ( 79,'Moises.Macejkovic78',45,0,1,5,115,58,45,0 );
insert into monstropoche values ( 80,'Alford_Bins',32,3,2,18,67,4,11,2 );
insert into monstropoche values ( 81,'Eldred.Dickinson87',0,3,0,10,3,2,69,1 );
insert into monstropoche values ( 82,'Kayley.Klein',null,1,1,7,84,52,99,43 );
insert into monstropoche values ( 83,'Courtney45',null,2,1,12,24,6,48,3 );
insert into monstropoche values ( 84,'Jeffrey_Schaden13',null,1,1,7,49,81,99,31 );
insert into monstropoche values ( 85,'Brayan27',50,3,2,5,66,94,57,71 );
insert into monstropoche values ( 86,'Leanne_Cruickshank7',57,2,0,3,92,27,7,17 );
insert into monstropoche values ( 87,'Greg9',null,2,1,5,6,52,10,2 );
insert into monstropoche values ( 88,'Ila0',null,2,2,0,50,24,4,7 );
insert into monstropoche values ( 89,'Marlon.Miller68',45,1,2,14,52,7,20,1 );
insert into monstropoche values ( 90,'Beryl_Roberts',null,0,1,7,97,65,93,19 );
insert into monstropoche values ( 91,'Kelton.Sauer',null,1,2,2,57,95,58,0 );
insert into monstropoche values ( 92,'Brandon.Adams94',null,0,1,9,7,72,86,65 );
insert into monstropoche values ( 93,'Angelo.Senger',93,2,0,9,75,80,88,15 );
insert into monstropoche values ( 94,'Elian_Will19',49,2,1,16,27,42,32,14 );
insert into monstropoche values ( 95,'Maryam59',35,0,0,5,10,71,84,44 );
insert into monstropoche values ( 96,'Eden_Schmeler',null,1,0,4,112,88,85,79 );
insert into monstropoche values ( 97,'Glenna_Reichert',null,2,1,3,16,45,39,2 );
insert into monstropoche values ( 98,'Creola.Rempel49',null,3,1,16,39,58,19,15 );
insert into monstropoche values ( 99,'Lincoln_OKeefe',null,3,0,18,97,72,14,26 );
insert into monstropoche values ( 100,'Gilda.Kris',0,3,1,15,51,100,54,54 );
insert into monstropoche values ( 101,'Frederic.Bashirian',0,1,1,7,10,100,37,47 );
insert into monstropoche values ( 102,'Verner.Gutkowski63',0,2,0,4,29,100,91,18 );
insert into monstropoche values ( 103,'Lucas23',0,0,1,16,109,100,26,59 );
insert into monstropoche values ( 104,'Carmella91',0,1,2,5,33,100,15,78 );
insert into monstropoche values ( 105,'Nicolas_Daugherty49',0,0,0,0,66,100,18,54 );
insert into monstropoche values ( 106,'Lilian_Quitzon88',0,0,0,2,17,100,97,13 );
insert into monstropoche values ( 107,'Zella6',0,1,1,16,51,100,76,45 );
insert into monstropoche values ( 108,'Ted.Gusikowski82',0,0,1,18,5,100,33,43 );
insert into monstropoche values ( 109,'Aliya.Hodkiewicz',0,3,1,2,109,100,64,25 );
insert into monstropoche values ( 110,'Madaline_Beier',0,0,1,19,2,100,40,3 );
insert into monstropoche values ( 111,'Alberto77',0,2,0,14,23,100,35,4 );
insert into monstropoche values ( 112,'Nicholas12',0,2,1,9,128,100,32,38 );
insert into monstropoche values ( 113,'Webster71',0,1,1,10,13,100,27,14 );
insert into monstropoche values ( 114,'Hannah68',0,1,1,1,20,100,12,38 );
insert into monstropoche values ( 115,'Gino.Satterfield',0,0,0,18,130,100,98,2 );
insert into monstropoche values ( 116,'Allen13',0,0,1,7,37,100,90,70 );
insert into monstropoche values ( 117,'Daisha_Lowe',0,1,1,6,47,100,62,84 );
insert into monstropoche values ( 118,'Eldridge.Tromp',0,3,0,10,108,100,14,94 );
insert into monstropoche values ( 119,'Beulah_Collins96',0,2,2,18,26,100,48,42 );
insert into objet_zone values ( 0,15 );
insert into objet_zone values ( 1,72 );
insert into objet_zone values ( 2,46 );
insert into objet_zone values ( 3,8 );
insert into objet_zone values ( 4,56 );
insert into objet_zone values ( 5,63 );
insert into objet_zone values ( 6,32 );
insert into objet_zone values ( 7,24 );
insert into objet_zone values ( 8,36 );
insert into objet_zone values ( 9,25 );
insert into objet_zone values ( 10,43 );
insert into objet_zone values ( 11,27 );
insert into objet_zone values ( 12,80 );
insert into objet_zone values ( 13,44 );
insert into objet_zone values ( 14,54 );
insert into objet_zone values ( 15,11 );
insert into objet_zone values ( 16,71 );
insert into objet_zone values ( 17,9 );
insert into objet_zone values ( 18,7 );
insert into objet_zone values ( 19,66 );
insert into objet_zone values ( 1,0 );
insert into objet_zone values ( 10,1 );
insert into objet_zone values ( 7,2 );
insert into objet_zone values ( 19,3 );
insert into objet_zone values ( 9,4 );
insert into objet_zone values ( 7,5 );
insert into objet_zone values ( 9,6 );
insert into objet_zone values ( 8,7 );
insert into objet_zone values ( 14,8 );
insert into objet_zone values ( 8,9 );
insert into objet_zone values ( 15,10 );
insert into objet_zone values ( 10,11 );
insert into objet_zone values ( 8,12 );
insert into objet_zone values ( 4,13 );
insert into objet_zone values ( 3,14 );
insert into objet_zone values ( 6,15 );
insert into objet_zone values ( 7,16 );
insert into objet_zone values ( 15,17 );
insert into objet_zone values ( 1,18 );
insert into objet_zone values ( 11,19 );
insert into objet_zone values ( 18,20 );
insert into objet_zone values ( 10,21 );
insert into objet_zone values ( 6,22 );
insert into objet_zone values ( 7,23 );
insert into objet_zone values ( 3,24 );
insert into objet_zone values ( 18,25 );
insert into objet_zone values ( 17,26 );
insert into objet_zone values ( 10,27 );
insert into objet_zone values ( 6,28 );
insert into objet_zone values ( 13,29 );
insert into objet_zone values ( 5,30 );
insert into objet_zone values ( 8,31 );
insert into objet_zone values ( 5,32 );
insert into objet_zone values ( 0,33 );
insert into objet_zone values ( 12,34 );
insert into objet_zone values ( 2,35 );
insert into objet_zone values ( 11,36 );
insert into objet_zone values ( 18,37 );
insert into objet_zone values ( 2,38 );
insert into objet_zone values ( 5,39 );
insert into objet_zone values ( 2,40 );
insert into objet_zone values ( 18,41 );
insert into objet_zone values ( 11,42 );
insert into objet_zone values ( 4,43 );
insert into objet_zone values ( 5,45 );
insert into objet_zone values ( 16,46 );
insert into objet_zone values ( 16,47 );
insert into objet_zone values ( 12,48 );
insert into objet_zone values ( 11,49 );
insert into objet_zone values ( 17,50 );
insert into objet_zone values ( 3,51 );
insert into objet_zone values ( 16,52 );
insert into objet_zone values ( 12,53 );
insert into objet_zone values ( 16,54 );
insert into objet_zone values ( 0,55 );
insert into objet_zone values ( 3,56 );
insert into objet_zone values ( 6,57 );
insert into objet_zone values ( 13,58 );
insert into objet_zone values ( 1,59 );
insert into objet_zone values ( 0,60 );
insert into objet_zone values ( 16,61 );
insert into objet_zone values ( 13,62 );
insert into objet_zone values ( 1,63 );
insert into objet_zone values ( 6,64 );
insert into objet_zone values ( 2,65 );
insert into objet_zone values ( 16,66 );
insert into objet_zone values ( 4,67 );
insert into objet_zone values ( 1,68 );
insert into objet_zone values ( 16,69 );
insert into objet_zone values ( 17,70 );
insert into objet_zone values ( 17,71 );
insert into objet_zone values ( 9,72 );
insert into objet_zone values ( 15,73 );
insert into objet_zone values ( 0,74 );
insert into objet_zone values ( 3,75 );
insert into objet_zone values ( 12,76 );
insert into objet_zone values ( 5,77 );
insert into objet_zone values ( 6,78 );
insert into objet_zone values ( 6,79 );
insert into objet_zone values ( 15,80 );
insert into objet_zone values ( 16,81 );
insert into espece_type values ( 0,1 );
insert into espece_type values ( 1,6 );
insert into espece_type values ( 2,3 );
insert into espece_type values ( 3,4 );
insert into espece_type values ( 4,12 );
insert into espece_type values ( 5,13 );
insert into espece_type values ( 6,4 );
insert into espece_type values ( 7,14 );
insert into espece_type values ( 8,0 );
insert into espece_type values ( 9,11 );
insert into espece_type values ( 10,13 );
insert into espece_type values ( 11,4 );
insert into espece_type values ( 12,13 );
insert into espece_type values ( 13,13 );
insert into espece_type values ( 14,13 );
insert into espece_type values ( 15,0 );
insert into espece_type values ( 16,13 );
insert into espece_type values ( 17,6 );
insert into espece_type values ( 18,8 );
insert into espece_type values ( 19,11 );
insert into espece_type values ( 20,5 );
insert into espece_type values ( 21,4 );
insert into espece_type values ( 22,2 );
insert into espece_type values ( 23,0 );
insert into espece_type values ( 24,1 );
insert into espece_type values ( 25,11 );
insert into espece_type values ( 26,10 );
insert into espece_type values ( 27,11 );
insert into espece_type values ( 28,9 );
insert into espece_type values ( 29,12 );
insert into espece_type values ( 30,7 );
insert into espece_type values ( 31,13 );
insert into espece_type values ( 32,16 );
insert into espece_type values ( 33,8 );
insert into espece_type values ( 34,6 );
insert into espece_type values ( 35,6 );
insert into espece_type values ( 36,7 );
insert into espece_type values ( 37,5 );
insert into espece_type values ( 38,13 );
insert into espece_type values ( 39,15 );
insert into espece_type values ( 40,9 );
insert into espece_type values ( 41,2 );
insert into espece_type values ( 42,1 );
insert into espece_type values ( 43,2 );
insert into espece_type values ( 44,6 );
insert into espece_type values ( 45,4 );
insert into espece_type values ( 46,6 );
insert into espece_type values ( 47,1 );
insert into espece_type values ( 48,0 );
insert into espece_type values ( 49,1 );
insert into espece_type values ( 50,13 );
insert into espece_type values ( 51,2 );
insert into espece_type values ( 52,8 );
insert into espece_type values ( 53,11 );
insert into espece_type values ( 54,13 );
insert into espece_type values ( 55,8 );
insert into espece_type values ( 56,12 );
insert into espece_type values ( 57,5 );
insert into espece_type values ( 58,1 );
insert into espece_type values ( 59,9 );
insert into espece_type values ( 60,16 );
insert into espece_type values ( 61,4 );
insert into espece_type values ( 62,14 );
insert into espece_type values ( 63,14 );
insert into espece_type values ( 64,14 );
insert into espece_type values ( 65,8 );
insert into espece_type values ( 66,14 );
insert into espece_type values ( 67,9 );
insert into espece_type values ( 68,13 );
insert into espece_type values ( 69,3 );
insert into espece_type values ( 70,10 );
insert into espece_type values ( 71,8 );
insert into espece_type values ( 72,10 );
insert into espece_type values ( 73,12 );
insert into espece_type values ( 74,10 );
insert into espece_type values ( 75,6 );
insert into espece_type values ( 76,4 );
insert into espece_type values ( 77,12 );
insert into espece_type values ( 78,5 );
insert into espece_type values ( 79,10 );
insert into espece_type values ( 80,14 );
insert into espece_type values ( 81,6 );
insert into espece_type values ( 82,14 );
insert into espece_type values ( 83,8 );
insert into espece_type values ( 84,1 );
insert into espece_type values ( 85,10 );
insert into espece_type values ( 86,8 );
insert into espece_type values ( 87,10 );
insert into espece_type values ( 88,0 );
insert into espece_type values ( 89,4 );
insert into espece_type values ( 90,3 );
insert into espece_type values ( 91,11 );
insert into espece_type values ( 92,10 );
insert into espece_type values ( 93,1 );
insert into espece_type values ( 94,1 );
insert into espece_type values ( 95,8 );
insert into espece_type values ( 96,1 );
insert into espece_type values ( 97,15 );
insert into espece_type values ( 98,9 );
insert into espece_type values ( 99,13 );
insert into espece_type values ( 100,10 );
insert into espece_type values ( 101,4 );
insert into espece_type values ( 102,8 );
insert into espece_type values ( 103,10 );
insert into espece_type values ( 104,6 );
insert into espece_type values ( 105,5 );
insert into espece_type values ( 106,3 );
insert into espece_type values ( 107,4 );
insert into espece_type values ( 108,0 );
insert into espece_type values ( 109,1 );
insert into espece_type values ( 110,15 );
insert into espece_type values ( 111,12 );
insert into espece_type values ( 112,1 );
insert into espece_type values ( 113,5 );
insert into espece_type values ( 114,11 );
insert into espece_type values ( 115,8 );
insert into espece_type values ( 116,15 );
insert into espece_type values ( 117,15 );
insert into espece_type values ( 118,9 );
insert into espece_type values ( 119,7 );
insert into espece_type values ( 120,2 );
insert into espece_type values ( 121,16 );
insert into espece_type values ( 122,5 );
insert into espece_type values ( 123,2 );
insert into espece_type values ( 124,2 );
insert into espece_type values ( 125,11 );
insert into espece_type values ( 126,7 );
insert into espece_type values ( 127,6 );
insert into espece_type values ( 128,10 );
insert into espece_type values ( 129,6 );
insert into espece_type values ( 130,3 );
insert into espece_type values ( 131,5 );
insert into espece_type values ( 132,14 );
insert into espece_type values ( 133,5 );
insert into espece_type values ( 134,10 );
insert into espece_type values ( 135,16 );
insert into espece_type values ( 136,13 );
insert into espece_type values ( 137,3 );
insert into espece_type values ( 138,2 );
insert into espece_type values ( 139,12 );
insert into espece_type values ( 140,1 );
insert into espece_type values ( 141,3 );
insert into espece_type values ( 7,0 );
insert into espece_type values ( 43,1 );
insert into espece_type values ( 5,2 );
insert into espece_type values ( 28,3 );
insert into espece_type values ( 29,4 );
insert into espece_type values ( 69,5 );
insert into espece_type values ( 9,7 );
insert into espece_type values ( 49,8 );
insert into espece_type values ( 68,9 );
insert into espece_type values ( 30,10 );
insert into espece_type values ( 51,11 );
insert into espece_type values ( 45,12 );
insert into espece_type values ( 125,13 );
insert into espece_type values ( 81,14 );
insert into espece_type values ( 118,15 );
insert into espece_type values ( 8,16 );
insert into espece_zone values ( 0,14 );
insert into espece_zone values ( 1,76 );
insert into espece_zone values ( 2,70 );
insert into espece_zone values ( 3,59 );
insert into espece_zone values ( 4,67 );
insert into espece_zone values ( 5,54 );
insert into espece_zone values ( 6,12 );
insert into espece_zone values ( 7,2 );
insert into espece_zone values ( 8,31 );
insert into espece_zone values ( 9,57 );
insert into espece_zone values ( 10,23 );
insert into espece_zone values ( 11,55 );
insert into espece_zone values ( 12,66 );
insert into espece_zone values ( 13,33 );
insert into espece_zone values ( 14,30 );
insert into espece_zone values ( 15,43 );
insert into espece_zone values ( 16,25 );
insert into espece_zone values ( 17,12 );
insert into espece_zone values ( 18,54 );
insert into espece_zone values ( 19,28 );
insert into espece_zone values ( 20,61 );
insert into espece_zone values ( 21,34 );
insert into espece_zone values ( 22,31 );
insert into espece_zone values ( 23,50 );
insert into espece_zone values ( 24,17 );
insert into espece_zone values ( 25,56 );
insert into espece_zone values ( 26,12 );
insert into espece_zone values ( 27,44 );
insert into espece_zone values ( 28,74 );
insert into espece_zone values ( 29,55 );
insert into espece_zone values ( 30,66 );
insert into espece_zone values ( 31,11 );
insert into espece_zone values ( 32,21 );
insert into espece_zone values ( 33,11 );
insert into espece_zone values ( 34,17 );
insert into espece_zone values ( 35,60 );
insert into espece_zone values ( 36,43 );
insert into espece_zone values ( 37,52 );
insert into espece_zone values ( 38,28 );
insert into espece_zone values ( 39,20 );
insert into espece_zone values ( 40,52 );
insert into espece_zone values ( 41,71 );
insert into espece_zone values ( 42,19 );
insert into espece_zone values ( 43,7 );
insert into espece_zone values ( 44,76 );
insert into espece_zone values ( 45,26 );
insert into espece_zone values ( 46,71 );
insert into espece_zone values ( 47,22 );
insert into espece_zone values ( 48,61 );
insert into espece_zone values ( 49,60 );
insert into espece_zone values ( 50,78 );
insert into espece_zone values ( 51,69 );
insert into espece_zone values ( 52,65 );
insert into espece_zone values ( 53,19 );
insert into espece_zone values ( 54,38 );
insert into espece_zone values ( 55,75 );
insert into espece_zone values ( 56,58 );
insert into espece_zone values ( 57,32 );
insert into espece_zone values ( 58,48 );
insert into espece_zone values ( 59,65 );
insert into espece_zone values ( 60,31 );
insert into espece_zone values ( 61,23 );
insert into espece_zone values ( 62,50 );
insert into espece_zone values ( 63,53 );
insert into espece_zone values ( 64,31 );
insert into espece_zone values ( 65,5 );
insert into espece_zone values ( 66,13 );
insert into espece_zone values ( 67,67 );
insert into espece_zone values ( 68,54 );
insert into espece_zone values ( 69,61 );
insert into espece_zone values ( 70,43 );
insert into espece_zone values ( 71,79 );
insert into espece_zone values ( 72,76 );
insert into espece_zone values ( 73,6 );
insert into espece_zone values ( 74,3 );
insert into espece_zone values ( 75,65 );
insert into espece_zone values ( 76,44 );
insert into espece_zone values ( 77,53 );
insert into espece_zone values ( 78,51 );
insert into espece_zone values ( 79,3 );
insert into espece_zone values ( 80,7 );
insert into espece_zone values ( 81,2 );
insert into espece_zone values ( 82,9 );
insert into espece_zone values ( 83,16 );
insert into espece_zone values ( 84,12 );
insert into espece_zone values ( 85,32 );
insert into espece_zone values ( 86,73 );
insert into espece_zone values ( 87,45 );
insert into espece_zone values ( 88,38 );
insert into espece_zone values ( 89,28 );
insert into espece_zone values ( 90,26 );
insert into espece_zone values ( 91,60 );
insert into espece_zone values ( 92,72 );
insert into espece_zone values ( 93,45 );
insert into espece_zone values ( 94,6 );
insert into espece_zone values ( 95,4 );
insert into espece_zone values ( 96,16 );
insert into espece_zone values ( 97,68 );
insert into espece_zone values ( 98,35 );
insert into espece_zone values ( 99,21 );
insert into espece_zone values ( 100,26 );
insert into espece_zone values ( 101,30 );
insert into espece_zone values ( 102,27 );
insert into espece_zone values ( 103,0 );
insert into espece_zone values ( 104,79 );
insert into espece_zone values ( 105,42 );
insert into espece_zone values ( 106,9 );
insert into espece_zone values ( 107,74 );
insert into espece_zone values ( 108,23 );
insert into espece_zone values ( 109,2 );
insert into espece_zone values ( 110,20 );
insert into espece_zone values ( 111,67 );
insert into espece_zone values ( 112,34 );
insert into espece_zone values ( 113,46 );
insert into espece_zone values ( 114,3 );
insert into espece_zone values ( 115,1 );
insert into espece_zone values ( 116,44 );
insert into espece_zone values ( 117,35 );
insert into espece_zone values ( 118,76 );
insert into espece_zone values ( 119,28 );
insert into espece_zone values ( 120,4 );
insert into espece_zone values ( 121,63 );
insert into espece_zone values ( 122,25 );
insert into espece_zone values ( 123,8 );
insert into espece_zone values ( 124,51 );
insert into espece_zone values ( 125,46 );
insert into espece_zone values ( 126,61 );
insert into espece_zone values ( 127,70 );
insert into espece_zone values ( 128,69 );
insert into espece_zone values ( 129,60 );
insert into espece_zone values ( 130,63 );
insert into espece_zone values ( 131,21 );
insert into espece_zone values ( 132,73 );
insert into espece_zone values ( 133,38 );
insert into espece_zone values ( 134,7 );
insert into espece_zone values ( 135,75 );
insert into espece_zone values ( 136,35 );
insert into espece_zone values ( 137,48 );
insert into espece_zone values ( 138,24 );
insert into espece_zone values ( 139,63 );
insert into espece_zone values ( 140,45 );
insert into espece_zone values ( 141,18 );
insert into espece_zone values ( 15,0 );
insert into espece_zone values ( 124,1 );
insert into espece_zone values ( 52,2 );
insert into espece_zone values ( 92,3 );
insert into espece_zone values ( 46,4 );
insert into espece_zone values ( 107,5 );
insert into espece_zone values ( 119,6 );
insert into espece_zone values ( 72,7 );
insert into espece_zone values ( 132,8 );
insert into espece_zone values ( 47,9 );
insert into espece_zone values ( 19,10 );
insert into espece_zone values ( 36,11 );
insert into espece_zone values ( 78,12 );
insert into espece_zone values ( 12,13 );
insert into espece_zone values ( 94,14 );
insert into espece_zone values ( 140,15 );
insert into espece_zone values ( 87,16 );
insert into espece_zone values ( 125,17 );
insert into espece_zone values ( 102,18 );
insert into espece_zone values ( 83,19 );
insert into espece_zone values ( 47,20 );
insert into espece_zone values ( 132,21 );
insert into espece_zone values ( 66,22 );
insert into espece_zone values ( 74,23 );
insert into espece_zone values ( 15,24 );
insert into espece_zone values ( 68,25 );
insert into espece_zone values ( 106,26 );
insert into espece_zone values ( 7,27 );
insert into espece_zone values ( 65,28 );
insert into espece_zone values ( 43,29 );
insert into espece_zone values ( 122,30 );
insert into espece_zone values ( 114,31 );
insert into espece_zone values ( 105,32 );
insert into espece_zone values ( 109,33 );
insert into espece_zone values ( 8,34 );
insert into espece_zone values ( 112,35 );
insert into espece_zone values ( 40,36 );
insert into espece_zone values ( 28,37 );
insert into espece_zone values ( 68,38 );
insert into espece_zone values ( 63,39 );
insert into espece_zone values ( 46,40 );
insert into espece_zone values ( 131,41 );
insert into espece_zone values ( 122,42 );
insert into espece_zone values ( 32,43 );
insert into espece_zone values ( 98,44 );
insert into espece_zone values ( 70,45 );
insert into espece_zone values ( 107,46 );
insert into espece_zone values ( 86,47 );
insert into espece_zone values ( 86,48 );
insert into espece_zone values ( 122,49 );
insert into espece_zone values ( 81,50 );
insert into espece_zone values ( 133,52 );
insert into espece_zone values ( 107,53 );
insert into espece_zone values ( 94,54 );
insert into espece_zone values ( 58,55 );
insert into espece_zone values ( 127,56 );
insert into espece_zone values ( 44,57 );
insert into espece_zone values ( 6,58 );
insert into espece_zone values ( 78,59 );
insert into espece_zone values ( 74,60 );
insert into espece_zone values ( 35,61 );
insert into espece_zone values ( 61,62 );
insert into espece_zone values ( 17,63 );
insert into espece_zone values ( 138,64 );
insert into espece_zone values ( 80,65 );
insert into espece_zone values ( 2,66 );
insert into espece_zone values ( 64,67 );
insert into espece_zone values ( 18,68 );
insert into espece_zone values ( 58,69 );
insert into espece_zone values ( 27,70 );
insert into espece_zone values ( 49,71 );
insert into espece_zone values ( 130,72 );
insert into espece_zone values ( 34,73 );
insert into espece_zone values ( 129,74 );
insert into espece_zone values ( 128,75 );
insert into espece_zone values ( 109,76 );
insert into espece_zone values ( 85,77 );
insert into espece_zone values ( 105,78 );
insert into espece_zone values ( 33,79 );
insert into espece_zone values ( 136,80 );
insert into espece_zone values ( 19,81 );
insert into monstropoche_attaque values ( 0,4 );
insert into monstropoche_attaque values ( 1,4 );
insert into monstropoche_attaque values ( 2,2 );
insert into monstropoche_attaque values ( 3,25 );
insert into monstropoche_attaque values ( 4,3 );
insert into monstropoche_attaque values ( 5,22 );
insert into monstropoche_attaque values ( 6,20 );
insert into monstropoche_attaque values ( 7,1 );
insert into monstropoche_attaque values ( 8,20 );
insert into monstropoche_attaque values ( 9,15 );
insert into monstropoche_attaque values ( 10,5 );
insert into monstropoche_attaque values ( 11,16 );
insert into monstropoche_attaque values ( 12,9 );
insert into monstropoche_attaque values ( 13,9 );
insert into monstropoche_attaque values ( 14,26 );
insert into monstropoche_attaque values ( 15,8 );
insert into monstropoche_attaque values ( 16,10 );
insert into monstropoche_attaque values ( 17,9 );
insert into monstropoche_attaque values ( 18,23 );
insert into monstropoche_attaque values ( 19,0 );
insert into monstropoche_attaque values ( 20,24 );
insert into monstropoche_attaque values ( 21,0 );
insert into monstropoche_attaque values ( 22,21 );
insert into monstropoche_attaque values ( 23,27 );
insert into monstropoche_attaque values ( 24,20 );
insert into monstropoche_attaque values ( 25,6 );
insert into monstropoche_attaque values ( 26,1 );
insert into monstropoche_attaque values ( 27,19 );
insert into monstropoche_attaque values ( 28,9 );
insert into monstropoche_attaque values ( 29,8 );
insert into monstropoche_attaque values ( 30,5 );
insert into monstropoche_attaque values ( 31,13 );
insert into monstropoche_attaque values ( 32,9 );
insert into monstropoche_attaque values ( 33,7 );
insert into monstropoche_attaque values ( 34,7 );
insert into monstropoche_attaque values ( 35,6 );
insert into monstropoche_attaque values ( 36,2 );
insert into monstropoche_attaque values ( 37,2 );
insert into monstropoche_attaque values ( 38,5 );
insert into monstropoche_attaque values ( 39,1 );
insert into monstropoche_attaque values ( 40,3 );
insert into monstropoche_attaque values ( 41,13 );
insert into monstropoche_attaque values ( 42,7 );
insert into monstropoche_attaque values ( 43,17 );
insert into monstropoche_attaque values ( 44,9 );
insert into monstropoche_attaque values ( 45,4 );
insert into monstropoche_attaque values ( 46,23 );
insert into monstropoche_attaque values ( 47,2 );
insert into monstropoche_attaque values ( 48,2 );
insert into monstropoche_attaque values ( 49,25 );
insert into monstropoche_attaque values ( 50,12 );
insert into monstropoche_attaque values ( 51,13 );
insert into monstropoche_attaque values ( 52,3 );
insert into monstropoche_attaque values ( 53,27 );
insert into monstropoche_attaque values ( 54,21 );
insert into monstropoche_attaque values ( 55,10 );
insert into monstropoche_attaque values ( 56,28 );
insert into monstropoche_attaque values ( 57,26 );
insert into monstropoche_attaque values ( 58,3 );
insert into monstropoche_attaque values ( 59,15 );
insert into monstropoche_attaque values ( 60,25 );
insert into monstropoche_attaque values ( 61,4 );
insert into monstropoche_attaque values ( 62,16 );
insert into monstropoche_attaque values ( 63,0 );
insert into monstropoche_attaque values ( 64,19 );
insert into monstropoche_attaque values ( 65,18 );
insert into monstropoche_attaque values ( 66,27 );
insert into monstropoche_attaque values ( 67,23 );
insert into monstropoche_attaque values ( 68,23 );
insert into monstropoche_attaque values ( 69,19 );
insert into monstropoche_attaque values ( 70,5 );
insert into monstropoche_attaque values ( 71,17 );
insert into monstropoche_attaque values ( 72,12 );
insert into monstropoche_attaque values ( 73,21 );
insert into monstropoche_attaque values ( 74,14 );
insert into monstropoche_attaque values ( 75,4 );
insert into monstropoche_attaque values ( 76,24 );
insert into monstropoche_attaque values ( 77,5 );
insert into monstropoche_attaque values ( 78,25 );
insert into monstropoche_attaque values ( 79,23 );
insert into monstropoche_attaque values ( 80,0 );
insert into monstropoche_attaque values ( 81,9 );
insert into monstropoche_attaque values ( 82,10 );
insert into monstropoche_attaque values ( 83,0 );
insert into monstropoche_attaque values ( 84,12 );
insert into monstropoche_attaque values ( 85,27 );
insert into monstropoche_attaque values ( 86,5 );
insert into monstropoche_attaque values ( 87,3 );
insert into monstropoche_attaque values ( 88,21 );
insert into monstropoche_attaque values ( 89,28 );
insert into monstropoche_attaque values ( 90,10 );
insert into monstropoche_attaque values ( 91,13 );
insert into monstropoche_attaque values ( 92,2 );
insert into monstropoche_attaque values ( 93,4 );
insert into monstropoche_attaque values ( 94,9 );
insert into monstropoche_attaque values ( 95,10 );
insert into monstropoche_attaque values ( 96,6 );
insert into monstropoche_attaque values ( 97,6 );
insert into monstropoche_attaque values ( 98,11 );
insert into monstropoche_attaque values ( 99,17 );
insert into monstropoche_attaque values ( 34,0 );
insert into monstropoche_attaque values ( 84,1 );
insert into monstropoche_attaque values ( 24,2 );
insert into monstropoche_attaque values ( 50,3 );
insert into monstropoche_attaque values ( 87,4 );
insert into monstropoche_attaque values ( 23,5 );
insert into monstropoche_attaque values ( 22,6 );
insert into monstropoche_attaque values ( 55,7 );
insert into monstropoche_attaque values ( 92,8 );
insert into monstropoche_attaque values ( 26,10 );
insert into monstropoche_attaque values ( 42,11 );
insert into monstropoche_attaque values ( 88,12 );
insert into monstropoche_attaque values ( 77,13 );
insert into monstropoche_attaque values ( 58,14 );
insert into monstropoche_attaque values ( 65,15 );
insert into monstropoche_attaque values ( 72,16 );
insert into monstropoche_attaque values ( 12,17 );
insert into monstropoche_attaque values ( 90,18 );
insert into monstropoche_attaque values ( 42,19 );
insert into monstropoche_attaque values ( 76,20 );
insert into monstropoche_attaque values ( 92,21 );
insert into monstropoche_attaque values ( 52,22 );
insert into monstropoche_attaque values ( 43,23 );
insert into monstropoche_attaque values ( 25,24 );
insert into monstropoche_attaque values ( 98,25 );
insert into monstropoche_attaque values ( 61,26 );
insert into monstropoche_attaque values ( 36,28 );
