drop table monstropoche_attaque;
drop table espece_zone;
drop table espece_type;
drop table objet_zone;
drop table monstropoche;
drop table espece;
drop table etat;
drop table genre;
drop table objet;
drop table zone;
drop table attaque;
drop table type;
drop table proprietaire;

create table proprietaire (
  id int not null,
  nom varchar(255) not null,
  primary key(id)
);
create table type (
  id int not null,
  nom varchar(255) not null,
  primary key(id)
);
create table attaque (
  id int not null,
  type_id int not null,
  nom varchar(255) not null,
  puissance int not null,
  perequis int not null,
  precizion int not null,
  constraint fk_attaque_type foreign key (type_id) references type(id),
  primary key(id)
);
create table zone (id int not null,
  nom varchar(255) not null,
  primary key(id)
);
create table objet (id int not null,
  nom varchar(255) not null,
  est_unique number(1) not null,
  est_defensif number(1),
  est_offensif number(1),
  primary key(id)
);
create table genre (id int not null,
  femelle number(1) not null,
  male number(1) not null,
  primary key(id)
);
create table etat (id int not null,
  nom varchar(255) not null,
  primary key(id)
);
create table espece (
  id int not null,
  objet_id int,
  source_id int,
  nom varchar(255) not null,
  constraint fk_espece_objet foreign key (objet_id) references objet(id),
  constraint fk_espece_espece foreign key (source_id) references espece(id),
  primary key(id)
);
create table monstropoche (id int not null,
  surnom varchar(255) not null,
  proprietaire_id int,
  genre_id int not null,
  etat_id int not null,
  objet_id int,
  espece_id int not null,
  pv int not null,
  pe int not null,
  pv_actuel int not null,
  constraint fk_monstropoche_proprietaire foreign key (proprietaire_id) references proprietaire(id),
  constraint fk_monstropoche_genre foreign key (genre_id) references genre(id),
  constraint fk_monstropoche_etat foreign key (etat_id) references etat(id),
  constraint fk_monstropoche_objet foreign key (objet_id) references objet(id),
  constraint fk_monstropoche_espece foreign key (espece_id) references espece(id),
  primary key(id)
);
create table objet_zone (objet_id int not null,
  zone_id int not null,
  constraint fk_objet_zone_objet foreign key (objet_id) references objet(id),
  constraint fk_objet_zone_zone foreign key (zone_id) references zone(id),
  primary key(objet_id,
  zone_id)
);
create table espece_type (espece_id int not null,
  type_id int not null,
  constraint fk_espece_type_espece foreign key (espece_id) references espece(id),
  constraint fk_espece_type_type foreign key (type_id) references type(id),
  primary key(espece_id,
  type_id)
);
create table espece_zone (espece_id int not null,
  zone_id int not null,
  constraint fk_espece_zone_espece foreign key (espece_id) references espece(id),
  constraint fk_espece_zone_zone foreign key (zone_id) references zone(id),
  primary key(espece_id,
  zone_id)
);
create table monstropoche_attaque (monstropoche_id int not null,
  attaque_id int not null,
  constraint fk_monstropoche_attaque_m foreign key (monstropoche_id) references monstropoche(id),
  constraint fk_monstropoche_attaque_a foreign key (attaque_id) references attaque(id),
  primary key(monstropoche_id,
  attaque_id)
);

delete from monstropoche_attaque;
delete from espece_zone;
delete from espece_type;
delete from objet_zone;
delete from monstropoche;
delete from espece;
delete from etat;
delete from type;
delete from genre;
delete from objet;
delete from attaque;
delete from zone;
delete from proprietaire;
delete from monstropoche_attaque;
delete from espece_zone;
delete from espece_type;
delete from objet_zone;
delete from monstropoche;
delete from espece;
delete from etat;
delete from type;
delete from genre;
delete from objet;
delete from attaque;
delete from zone;
delete from proprietaire;

insert into proprietaire values ( 0,'Benjamin David' );
insert into proprietaire values ( 1,'Evan Aubert' );
insert into proprietaire values ( 2,'Victor Laurent' );
insert into proprietaire values ( 3,'Alice Gaillard' );
insert into proprietaire values ( 4,'Louis Blanchard' );
insert into proprietaire values ( 5,'Louis Pierre' );
insert into proprietaire values ( 6,'Charlotte Dumas' );
insert into proprietaire values ( 7,'Antoine Cousin' );
insert into proprietaire values ( 8,'Benjamin Roche' );
insert into proprietaire values ( 9,'Elisa Lopez' );
insert into proprietaire values ( 10,'Louna Breton' );
insert into proprietaire values ( 11,'Mathis Henry' );
insert into proprietaire values ( 12,'Manon Dumas' );
insert into proprietaire values ( 13,'Noah Gaillard Sr.' );
insert into proprietaire values ( 14,'Clémence Moulin' );
insert into proprietaire values ( 15,'Gabriel Nicolas' );
insert into proprietaire values ( 16,'Adrien Jean' );
insert into proprietaire values ( 17,'Mathis Guillaume' );
insert into proprietaire values ( 18,'Jade Simon' );
insert into proprietaire values ( 19,'Léa Prevost V' );
insert into proprietaire values ( 20,'Romain Giraud' );
insert into proprietaire values ( 21,'Louis Dubois' );
insert into proprietaire values ( 22,'Hugo Lefebvre' );
insert into proprietaire values ( 23,'Benjamin Meyer' );
insert into proprietaire values ( 24,'Julie Schneider Sr.' );
insert into proprietaire values ( 25,'Quentin Meunier Jr.' );
insert into proprietaire values ( 26,'Sarah Fleury' );
insert into proprietaire values ( 27,'Alexis Dufour' );
insert into proprietaire values ( 28,'Maeva Renard' );
insert into proprietaire values ( 29,'Alexis Mercier' );
insert into proprietaire values ( 30,'Maëlle Lefevre DDS' );
insert into proprietaire values ( 31,'Lina Denis' );
insert into proprietaire values ( 32,'Julie Nguyen' );
insert into proprietaire values ( 33,'Maxence Hubert' );
insert into proprietaire values ( 34,'Ambre Vidal' );
insert into proprietaire values ( 35,'Maëlle Leroy' );
insert into proprietaire values ( 36,'Adam Paul' );
insert into proprietaire values ( 37,'Tom Roger Sr.' );
insert into proprietaire values ( 38,'Quentin Berger' );
insert into proprietaire values ( 39,'Mme Clémence Dumas' );
insert into proprietaire values ( 40,'Lola Jean' );
insert into proprietaire values ( 41,'Manon Nguyen' );
insert into proprietaire values ( 42,'M Sacha Roche' );
insert into proprietaire values ( 43,'Kylian Rolland' );
insert into proprietaire values ( 44,'Carla Picard' );
insert into proprietaire values ( 45,'Romane Robin' );
insert into proprietaire values ( 46,'Charlotte Charles' );
insert into proprietaire values ( 47,'Charlotte Barbier' );
insert into proprietaire values ( 48,'Carla Petit' );
insert into proprietaire values ( 49,'Alicia Fleury' );
insert into proprietaire values ( 50,'Louise Dufour V' );
insert into proprietaire values ( 51,'Prof Ambre Da silva' );
insert into proprietaire values ( 52,'Mohamed Da silva' );
insert into proprietaire values ( 53,'Adam Fabre' );
insert into proprietaire values ( 54,'Kylian Arnaud V' );
insert into proprietaire values ( 55,'Baptiste Gonzalez' );
insert into proprietaire values ( 56,'Noa Charles' );
insert into proprietaire values ( 57,'Maxime Barbier' );
insert into proprietaire values ( 58,'Adrien Lefevre' );
insert into proprietaire values ( 59,'Emilie Colin' );
insert into proprietaire values ( 60,'Théo Simon' );
insert into proprietaire values ( 61,'Gabriel Laine' );
insert into proprietaire values ( 62,'Lola Dupuy' );
insert into proprietaire values ( 63,'Noah Caron' );
insert into proprietaire values ( 64,'Manon Joly' );
insert into proprietaire values ( 65,'Clément Lemaire DVM' );
insert into proprietaire values ( 66,'Clara Leroy' );
insert into proprietaire values ( 67,'Ethan Garnier' );
insert into proprietaire values ( 68,'Alice Michel' );
insert into proprietaire values ( 69,'Léa Giraud MD' );
insert into proprietaire values ( 70,'Sacha Perrin' );
insert into proprietaire values ( 71,'Rayan Brunet' );
insert into proprietaire values ( 72,'Justine Renaud' );
insert into proprietaire values ( 73,'Lucas Faure' );
insert into proprietaire values ( 74,'Ines Roger' );
insert into proprietaire values ( 75,'Chloé Lecomte' );
insert into proprietaire values ( 76,'Nicolas Muller' );
insert into proprietaire values ( 77,'Elisa Arnaud' );
insert into proprietaire values ( 78,'Justine Lopez' );
insert into proprietaire values ( 79,'Océane Brun' );
insert into proprietaire values ( 80,'Anaïs Faure' );
insert into proprietaire values ( 81,'Valentin Chevalier' );
insert into proprietaire values ( 82,'Mlle Juliette Royer' );
insert into proprietaire values ( 83,'Lucie Adam' );
insert into proprietaire values ( 84,'Maëlle Martinez' );
insert into proprietaire values ( 85,'Kylian Roussel' );
insert into proprietaire values ( 86,'Ambre Julien' );
insert into proprietaire values ( 87,'Alice Roy' );
insert into proprietaire values ( 88,'Nicolas Paul' );
insert into proprietaire values ( 89,'Ethan Guerin' );
insert into proprietaire values ( 90,'Prof Gabriel Thomas' );
insert into proprietaire values ( 91,'Lisa Pierre' );
insert into proprietaire values ( 92,'Rayan Rolland' );
insert into proprietaire values ( 93,'Alexis Breton' );
insert into proprietaire values ( 94,'Lena Meyer' );
insert into proprietaire values ( 95,'Ambre Francois' );
insert into proprietaire values ( 96,'Mattéo Guillot DDS' );
insert into proprietaire values ( 97,'Louna Martinez' );
insert into proprietaire values ( 98,'Paul Jacquet' );
insert into proprietaire values ( 99,'Marie Rolland' );
insert into type values ( 0,'Glace' );
insert into type values ( 1,'Dragon' );
insert into type values ( 2,'Sol' );
insert into type values ( 3,'Plante' );
insert into type values ( 4,'Feu' );
insert into type values ( 5,'Eau' );
insert into type values ( 6,'Électrique' );
insert into type values ( 7,'Psy' );
insert into type values ( 8,'Spectre' );
insert into type values ( 9,'Ténèbre' );
insert into type values ( 10,'Fée' );
insert into type values ( 11,'Acier' );
insert into type values ( 12,'Poison' );
insert into type values ( 13,'Roche' );
insert into type values ( 14,'Combat' );
insert into type values ( 15,'Insecte' );
insert into type values ( 16,'Normal' );
insert into attaque values ( 0,0,'Triplattaque',226,22,55 );
insert into attaque values ( 1,6,'Escalade',50,46,21 );
insert into attaque values ( 2,13,'Morphing',237,65,3 );
insert into attaque values ( 3,7,'Vœu',133,40,50 );
insert into attaque values ( 4,9,'Grobisou',44,97,78 );
insert into attaque values ( 5,2,'Pilonnage',134,70,82 );
insert into attaque values ( 6,10,'Recyclage',88,28,49 );
insert into attaque values ( 7,10,'Regard Médusant',145,80,60 );
insert into attaque values ( 8,16,'E-Coque',45,92,69 );
insert into attaque values ( 9,6,'Constriction',101,93,90 );
insert into attaque values ( 10,0,'Picanon',222,33,12 );
insert into attaque values ( 11,7,'Uppercut',69,59,55 );
insert into attaque values ( 12,12,'Coup de Main',51,18,31 );
insert into attaque values ( 13,0,'Flash',5,17,27 );
insert into attaque values ( 14,1,'Conversion',244,14,37 );
insert into attaque values ( 15,10,'Affûtage',128,57,80 );
insert into attaque values ( 16,3,'Croc de Mort',175,26,40 );
insert into attaque values ( 17,13,'Par Ici',212,35,21 );
insert into attaque values ( 18,6,'Attrition',178,19,38 );
insert into attaque values ( 19,11,'Force-Nature',58,6,9 );
insert into attaque values ( 20,12,'Combo-Griffe',67,28,74 );
insert into attaque values ( 21,7,'Explosion',27,72,44 );
insert into attaque values ( 22,13,'Trempette',57,37,20 );
insert into attaque values ( 23,1,'Exuviation',237,35,49 );
insert into attaque values ( 24,13,'CoudKrâne',100,57,4 );
insert into attaque values ( 25,15,'Météores',236,97,48 );
insert into attaque values ( 26,8,'Relais',180,31,3 );
insert into attaque values ( 27,5,'Rengorgement',173,73,58 );
insert into attaque values ( 28,6,'BoulArmure',44,78,76 );
insert into zone values ( 0,'Guam' );
insert into zone values ( 1,'United States Minor Outlying Islands' );
insert into zone values ( 2,'Mauritania' );
insert into zone values ( 3,'Suriname' );
insert into zone values ( 4,'Lithuania' );
insert into zone values ( 5,'Norway' );
insert into zone values ( 6,'Wallis and Futuna' );
insert into zone values ( 7,'Lao Peoples Democratic Republic' );
insert into zone values ( 8,'Tuvalu' );
insert into zone values ( 9,'Ecuador' );
insert into zone values ( 10,'Mexico' );
insert into zone values ( 11,'Turkmenistan' );
insert into zone values ( 12,'Indonesia' );
insert into zone values ( 13,'Guinea' );
insert into zone values ( 14,'Azerbaijan' );
insert into zone values ( 15,'British Indian Ocean Territory (Chagos Archipelago)' );
insert into zone values ( 16,'Niger' );
insert into zone values ( 17,'Saint Pierre and Miquelon' );
insert into zone values ( 18,'Malaysia' );
insert into zone values ( 19,'Libyan Arab Jamahiriya' );
insert into zone values ( 20,'Chad' );
insert into zone values ( 21,'Saudi Arabia' );
insert into zone values ( 22,'Australia' );
insert into zone values ( 23,'Germany' );
insert into zone values ( 24,'Guatemala' );
insert into zone values ( 25,'Palau' );
insert into zone values ( 26,'Paraguay' );
insert into zone values ( 27,'Niue' );
insert into zone values ( 28,'Austria' );
insert into zone values ( 29,'Gibraltar' );
insert into zone values ( 30,'Nauru' );
insert into zone values ( 31,'Mauritius' );
insert into zone values ( 32,'Antarctica (the territory South of 60 deg S)' );
insert into zone values ( 33,'Bouvet Island (Bouvetoya)' );
insert into zone values ( 34,'Guernsey' );
insert into zone values ( 35,'Congo' );
insert into zone values ( 36,'United Arab Emirates' );
insert into zone values ( 37,'Zambia' );
insert into zone values ( 38,'Swaziland' );
insert into zone values ( 39,'Christmas Island' );
insert into zone values ( 40,'United Kingdom' );
insert into zone values ( 41,'Cape Verde' );
insert into zone values ( 42,'Albania' );
insert into zone values ( 43,'Moldova' );
insert into zone values ( 44,'South Africa' );
insert into zone values ( 45,'Panama' );
insert into zone values ( 46,'Faroe Islands' );
insert into zone values ( 47,'French Southern Territories' );
insert into zone values ( 48,'Cameroon' );
insert into zone values ( 49,'Luxembourg' );
insert into zone values ( 50,'Czech Republic' );
insert into zone values ( 51,'Papua New Guinea' );
insert into zone values ( 52,'Barbados' );
insert into zone values ( 53,'Benin' );
insert into zone values ( 54,'Greece' );
insert into zone values ( 55,'Virgin Islands, U.S.' );
insert into zone values ( 56,'Fiji' );
insert into zone values ( 57,'Saint Lucia' );
insert into zone values ( 58,'Anguilla' );
insert into zone values ( 59,'Tanzania' );
insert into zone values ( 60,'Yemen' );
insert into zone values ( 61,'Poland' );
insert into zone values ( 62,'Grenada' );
insert into zone values ( 63,'Macao' );
insert into zone values ( 64,'Montserrat' );
insert into zone values ( 65,'Canada' );
insert into zone values ( 66,'Zimbabwe' );
insert into zone values ( 67,'Colombia' );
insert into zone values ( 68,'Kiribati' );
insert into zone values ( 69,'Somalia' );
insert into zone values ( 70,'Portugal' );
insert into zone values ( 71,'Virgin Islands, British' );
insert into zone values ( 72,'Ethiopia' );
insert into zone values ( 73,'Slovakia (Slovak Republic)' );
insert into zone values ( 74,'China' );
insert into zone values ( 75,'Eritrea' );
insert into objet values ( 0,'Défense +',1,1,1 );
insert into objet values ( 1,'Muscle +',0,0,0 );
insert into objet values ( 2,'Défense Spéc',1,1,1 );
insert into objet values ( 3,'Déf. Spé. +',1,1,0 );
insert into objet values ( 4,'Attaque +',0,0,0 );
insert into objet values ( 5,'Spécial +',1,1,0 );
insert into objet values ( 6,'Précision +',0,0,1 );
insert into objet values ( 7,'Vitesse +',0,0,0 );
insert into objet values ( 8,'Baie Tamato',1,0,1 );
insert into objet values ( 9,'Baie Résin',1,1,0 );
insert into objet values ( 10,'Baie Lonme',0,0,1 );
insert into objet values ( 11,'Baie Qualot',0,1,1 );
insert into objet values ( 12,'Baie Alga',0,1,1 );
insert into objet values ( 13,'Baie Grena',0,0,0 );
insert into objet values ( 14,'Baie Mepo',0,0,0 );
insert into objet values ( 15,'Baie Willia',0,1,1 );
insert into objet values ( 16,'Baie Fraive',1,0,1 );
insert into objet values ( 17,'Baie Pêcha',1,1,1 );
insert into objet values ( 18,'Baie Maron',1,1,0 );
insert into objet values ( 19,'Baie Oran',1,1,1 );
insert into genre values ( 0,0,0 );
insert into genre values ( 1,0,1 );
insert into genre values ( 2,1,1 );
insert into genre values ( 3,1,0 );
insert into etat values ( 0,'Mission' );
insert into etat values ( 1,'Repos' );
insert into etat values ( 2,'Reproduction' );
insert into espece values ( 0,null,null,'Bulbizarre' );
insert into espece values ( 1,null,null,'Chenipan' );
insert into espece values ( 2,null,null,'Voltorbe' );
insert into espece values ( 3,null,null,'Électrode' );
insert into espece values ( 4,null,null,'Nœunœuf' );
insert into espece values ( 5,null,1,'Noadkoko' );
insert into espece values ( 6,12,null,'Osselait' );
insert into espece values ( 7,null,null,'Ossatueur' );
insert into espece values ( 8,null,null,'Kicklee' );
insert into espece values ( 9,null,null,'Tygnon' );
insert into espece values ( 10,null,null,'Excelangue' );
insert into espece values ( 11,null,null,'Smogo' );
insert into espece values ( 12,null,null,'Chrysacier' );
insert into espece values ( 13,null,null,'Smogogo' );
insert into espece values ( 14,null,null,'Rhinocorne' );
insert into espece values ( 15,null,null,'Rhinoféros' );
insert into espece values ( 16,null,null,'Leveinard' );
insert into espece values ( 17,null,null,'Saquedeneu' );
insert into espece values ( 18,null,null,'Kangourex' );
insert into espece values ( 19,null,null,'Hypotrempe' );
insert into espece values ( 20,null,null,'Hypocéan' );
insert into espece values ( 21,null,null,'Poissirène' );
insert into espece values ( 22,null,null,'Poissoroy' );
insert into espece values ( 23,null,null,'Papilusion' );
insert into espece values ( 24,null,null,'Stari' );
insert into espece values ( 25,null,9,'Staross' );
insert into espece values ( 26,null,null,'M.Mime' );
insert into espece values ( 27,null,null,'Insécateur' );
insert into espece values ( 28,null,null,'Lippoutou' );
insert into espece values ( 29,null,null,'Élektek' );
insert into espece values ( 30,null,null,'Magmar' );
insert into espece values ( 31,14,null,'Scarabrute' );
insert into espece values ( 32,null,null,'Tauros' );
insert into espece values ( 33,null,null,'Magicarpe' );
insert into espece values ( 34,null,null,'Aspicot' );
insert into espece values ( 35,null,null,'Léviator' );
insert into espece values ( 36,null,null,'Lokhlass' );
insert into espece values ( 37,null,null,'Métamorph' );
insert into espece values ( 38,null,null,'Évoli' );
insert into espece values ( 39,null,null,'Aquali' );
insert into espece values ( 40,null,null,'Voltali' );
insert into espece values ( 41,null,null,'Pyroli' );
insert into espece values ( 42,null,null,'Porygon' );
insert into espece values ( 43,null,null,'Amonita' );
insert into espece values ( 44,null,null,'Amonistar' );
insert into espece values ( 45,null,25,'Coconfort' );
insert into espece values ( 46,null,null,'Kabuto' );
insert into espece values ( 47,null,null,'Kabutops' );
insert into espece values ( 48,null,null,'Ptéra' );
insert into espece values ( 49,null,null,'Ronflex' );
insert into espece values ( 50,null,null,'Artikodin' );
insert into espece values ( 51,null,null,'Électhor' );
insert into espece values ( 52,null,null,'Sulfura' );
insert into espece values ( 53,null,null,'Minidraco' );
insert into espece values ( 54,null,null,'Draco' );
insert into espece values ( 55,null,null,'Dracolosse' );
insert into espece values ( 56,null,null,'Dardargnan' );
insert into espece values ( 57,null,null,'Mewtwo' );
insert into espece values ( 58,null,null,'Mew' );
insert into espece values ( 59,null,null,'Roucool' );
insert into espece values ( 60,null,null,'Roucoups' );
insert into espece values ( 61,null,null,'Roucarnage' );
insert into espece values ( 62,null,26,'Rattata' );
insert into espece values ( 63,null,null,'Herbizarre' );
insert into espece values ( 64,null,null,'Rattatac' );
insert into espece values ( 65,null,null,'Piafabec' );
insert into espece values ( 66,null,null,'Rapasdepic' );
insert into espece values ( 67,null,null,'Abo' );
insert into espece values ( 68,null,null,'Arbok' );
insert into espece values ( 69,null,null,'Pikachu' );
insert into espece values ( 70,null,null,'Raichu' );
insert into espece values ( 71,null,null,'Sabelette' );
insert into espece values ( 72,null,null,'Sablaireau' );
insert into espece values ( 73,null,null,'Nidoran♀' );
insert into espece values ( 74,null,null,'Florizarre' );
insert into espece values ( 75,null,null,'Nidorina' );
insert into espece values ( 76,null,null,'Nidoqueen' );
insert into espece values ( 77,null,null,'Nidoran♂' );
insert into espece values ( 78,null,null,'Nidorino' );
insert into espece values ( 79,null,null,'Nidoking' );
insert into espece values ( 80,null,null,'Mélofée' );
insert into espece values ( 81,null,null,'Mélodelfe' );
insert into espece values ( 82,null,null,'Feunard' );
insert into espece values ( 83,null,null,'Rondoudou' );
insert into espece values ( 84,2,null,'Salamèche' );
insert into espece values ( 85,null,74,'Grodoudou' );
insert into espece values ( 86,null,64,'Nosferapti' );
insert into espece values ( 87,null,null,'Nosferalto' );
insert into espece values ( 88,null,null,'Mystherbe' );
insert into espece values ( 89,null,null,'Ortide' );
insert into espece values ( 90,null,null,'Rafflesia' );
insert into espece values ( 91,null,null,'Paras' );
insert into espece values ( 92,null,null,'Parasect' );
insert into espece values ( 93,null,null,'Mimitoss' );
insert into espece values ( 94,null,null,'Aéromite' );
insert into espece values ( 95,null,null,'Reptincel' );
insert into espece values ( 96,null,null,'Taupiqueur' );
insert into espece values ( 97,null,null,'Triopikeur' );
insert into espece values ( 98,null,32,'Miaouss' );
insert into espece values ( 99,null,null,'Persian' );
insert into espece values ( 100,null,null,'Psykokwak' );
insert into espece values ( 101,null,null,'Akwakwak' );
insert into espece values ( 102,null,null,'Férosinge' );
insert into espece values ( 103,null,null,'Colossinge' );
insert into espece values ( 104,null,null,'Caninos' );
insert into espece values ( 105,null,58,'Arcanin' );
insert into espece values ( 106,null,null,'Dracaufeu' );
insert into espece values ( 107,null,5,'Ptitard' );
insert into espece values ( 108,null,null,'Têtarte' );
insert into espece values ( 109,null,89,'Tartard' );
insert into espece values ( 110,null,null,'Abra' );
insert into espece values ( 111,null,null,'Kadabra' );
insert into espece values ( 112,null,null,'Alakazam' );
insert into espece values ( 113,null,null,'Machoc' );
insert into espece values ( 114,null,null,'Machopeur' );
insert into espece values ( 115,null,null,'Mackogneur' );
insert into espece values ( 116,null,null,'Chétiflor' );
insert into espece values ( 117,null,null,'Carapuce' );
insert into espece values ( 118,null,null,'Boustiflor' );
insert into espece values ( 119,null,null,'Empiflor' );
insert into espece values ( 120,null,null,'Tentacool' );
insert into espece values ( 121,null,null,'Tentacruel' );
insert into espece values ( 122,null,null,'Racaillou' );
insert into espece values ( 123,null,null,'Gravalanch' );
insert into espece values ( 124,null,57,'Grolem' );
insert into espece values ( 125,null,null,'Ponyta' );
insert into espece values ( 126,null,null,'Galopa' );
insert into espece values ( 127,null,null,'Carabaffe' );
insert into espece values ( 128,null,null,'Flagadoss' );
insert into espece values ( 129,null,null,'Magnéton' );
insert into espece values ( 130,null,65,'Canarticho' );
insert into espece values ( 131,null,null,'Dodrio' );
insert into espece values ( 132,null,null,'Otaria' );
insert into espece values ( 133,null,null,'Tadmorv' );
insert into espece values ( 134,null,null,'Grotadmorv' );
insert into espece values ( 135,null,null,'Kokiyas' );
insert into espece values ( 136,null,null,'Crustabri' );
insert into espece values ( 137,null,null,'Spectrum' );
insert into espece values ( 138,null,null,'Ectoplasma' );
insert into espece values ( 139,null,null,'Soporifik' );
insert into espece values ( 140,null,null,'Hypnomade' );
insert into espece values ( 141,1,null,'Krabboss' );
insert into monstropoche values ( 0,'Nicolas.Brekke7',60,0,1,16,8,12,80,5 );
insert into monstropoche values ( 1,'Billy_Pollich53',81,1,1,16,46,64,45,22 );
insert into monstropoche values ( 2,'Diamond.Schinner',59,3,0,10,112,82,49,4 );
insert into monstropoche values ( 3,'Josephine_Graham',58,2,1,2,31,1,79,0 );
insert into monstropoche values ( 4,'Leland64',18,2,1,3,52,68,48,13 );
insert into monstropoche values ( 5,'Sigurd.Kuphal',null,0,2,5,26,78,89,62 );
insert into monstropoche values ( 6,'Dion_Champlin15',null,1,1,2,129,87,26,20 );
insert into monstropoche values ( 7,'Lonny14',33,1,0,13,31,8,8,1 );
insert into monstropoche values ( 8,'Gerhard_Little',null,1,0,6,102,48,63,23 );
insert into monstropoche values ( 9,'Shanny.Goodwin76',null,2,2,19,19,57,46,52 );
insert into monstropoche values ( 10,'Lorenza_Kreiger69',null,1,2,11,60,65,79,28 );
insert into monstropoche values ( 11,'Susan.Osinski27',null,2,0,18,90,51,11,41 );
insert into monstropoche values ( 12,'Carlee.Dicki61',null,2,2,11,106,95,20,87 );
insert into monstropoche values ( 13,'Claire41',0,1,0,0,30,78,61,20 );
insert into monstropoche values ( 14,'Cassidy78',12,1,0,17,5,58,13,1 );
insert into monstropoche values ( 15,'Sheila49',85,3,1,4,139,17,17,10 );
insert into monstropoche values ( 16,'Dario.Weissnat46',null,0,1,16,41,46,30,8 );
insert into monstropoche values ( 17,'Bettie.Schmitt19',65,3,0,5,50,28,84,0 );
insert into monstropoche values ( 18,'Leilani_Rohan20',null,0,0,14,1,28,29,5 );
insert into monstropoche values ( 19,'Susie69',null,2,1,10,86,100,86,41 );
insert into monstropoche values ( 20,'Brian_Hettinger',16,0,1,2,103,42,52,37 );
insert into monstropoche values ( 21,'Donald_Crona',null,2,1,3,118,34,54,17 );
insert into monstropoche values ( 22,'Laila_Rohan',86,2,0,10,100,56,23,18 );
insert into monstropoche values ( 23,'Kareem.Wolf',null,2,1,2,130,87,3,5 );
insert into monstropoche values ( 24,'Meredith_Stiedemann75',19,3,0,16,64,86,13,83 );
insert into monstropoche values ( 25,'Margarett29',88,1,0,0,89,86,64,9 );
insert into monstropoche values ( 26,'Perry_Hane',null,3,0,11,96,92,51,40 );
insert into monstropoche values ( 27,'Bradley.Ondricka',79,3,1,18,123,99,24,42 );
insert into monstropoche values ( 28,'Orlando_Lynch57',65,2,1,0,49,99,92,69 );
insert into monstropoche values ( 29,'Eveline_DuBuque',null,3,2,12,29,61,64,31 );
insert into monstropoche values ( 30,'Dena_Johnson',14,0,1,17,105,7,15,5 );
insert into monstropoche values ( 31,'Leila_Lemke',null,2,1,5,109,36,97,24 );
insert into monstropoche values ( 32,'Michaela.Glover83',null,2,0,5,84,8,90,3 );
insert into monstropoche values ( 33,'Junior11',null,0,2,13,48,39,76,24 );
insert into monstropoche values ( 34,'Nova.Carroll19',null,2,0,0,10,74,24,55 );
insert into monstropoche values ( 35,'Alessandro_Kilback',null,0,2,7,25,21,18,9 );
insert into monstropoche values ( 36,'Genoveva_Oberbrunner97',82,0,2,1,13,95,30,41 );
insert into monstropoche values ( 37,'Ramon.Cormier',14,3,2,17,11,81,56,23 );
insert into monstropoche values ( 38,'Vada98',20,3,2,5,7,35,3,25 );
insert into monstropoche values ( 39,'Vickie.Monahan',null,1,0,15,83,97,69,3 );
insert into monstropoche values ( 40,'Crystel78',null,2,0,18,48,63,66,59 );
insert into monstropoche values ( 41,'Charity.OConner',null,3,2,13,63,93,66,72 );
insert into monstropoche values ( 42,'Ova.Hoeger',null,3,0,2,115,97,79,79 );
insert into monstropoche values ( 43,'Marta.Dibbert98',null,0,1,9,33,58,76,35 );
insert into monstropoche values ( 44,'Elsa32',14,2,2,17,33,17,11,1 );
insert into monstropoche values ( 45,'Raven_Dare',75,1,0,6,27,64,12,22 );
insert into monstropoche values ( 46,'Brice_Boyer13',84,1,0,6,126,73,53,50 );
insert into monstropoche values ( 47,'Scarlett.Fay41',null,0,0,0,134,0,41,0 );
insert into monstropoche values ( 48,'Austin.Klein90',null,1,0,15,63,69,22,24 );
insert into monstropoche values ( 49,'Adella26',null,2,0,4,116,45,16,12 );
insert into monstropoche values ( 50,'Ardith.Crooks10',null,0,1,15,117,40,14,32 );
insert into monstropoche values ( 51,'Dejah.Klocko',null,1,1,2,62,7,63,5 );
insert into monstropoche values ( 52,'Emanuel_Dare',null,2,1,12,72,6,65,2 );
insert into monstropoche values ( 53,'Mackenzie.Huel',41,1,2,11,34,79,63,61 );
insert into monstropoche values ( 54,'Veda4',27,1,2,13,96,67,79,42 );
insert into monstropoche values ( 55,'Kory71',null,0,1,13,133,10,97,9 );
insert into monstropoche values ( 56,'Lea_Vandervort',null,3,1,5,118,41,18,38 );
insert into monstropoche values ( 57,'Cory.Hahn',29,3,1,4,122,25,95,5 );
insert into monstropoche values ( 58,'Torrey73',69,0,2,1,116,88,73,6 );
insert into monstropoche values ( 59,'Ericka_Heller14',null,1,2,0,129,34,30,7 );
insert into monstropoche values ( 60,'Will_Morar',51,3,2,11,15,7,73,2 );
insert into monstropoche values ( 61,'Dan_Turner5',73,1,0,2,108,87,7,19 );
insert into monstropoche values ( 62,'Timmy50',15,2,1,18,138,20,84,1 );
insert into monstropoche values ( 63,'Pansy55',65,1,2,3,28,80,77,32 );
insert into monstropoche values ( 64,'Melany.Rippin',null,3,2,15,119,16,44,7 );
insert into monstropoche values ( 65,'Vincenza.Gerlach85',null,2,2,13,113,98,89,55 );
insert into monstropoche values ( 66,'Marvin.Effertz19',10,3,2,18,54,44,83,6 );
insert into monstropoche values ( 67,'Kristofer_Larson47',null,2,1,8,107,70,1,58 );
insert into monstropoche values ( 68,'Frankie_Braun',58,1,2,11,105,58,18,6 );
insert into monstropoche values ( 69,'Augusta_Dooley',null,1,1,19,100,9,92,8 );
insert into monstropoche values ( 70,'Kallie.Blanda75',95,1,0,19,46,0,31,0 );
insert into monstropoche values ( 71,'Mollie_Heaney26',null,0,0,3,11,74,47,27 );
insert into monstropoche values ( 72,'Louisa_Hyatt51',59,3,1,2,5,100,20,68 );
insert into monstropoche values ( 73,'Mireille.Kunde63',null,1,2,5,58,18,66,12 );
insert into monstropoche values ( 74,'Sedrick_Rice',null,3,0,15,80,83,74,71 );
insert into monstropoche values ( 75,'Mekhi.Glover',9,0,1,12,129,64,91,24 );
insert into monstropoche values ( 76,'Chad61',17,1,0,18,88,97,71,59 );
insert into monstropoche values ( 77,'Savannah.Stanton',18,3,0,14,6,78,34,51 );
insert into monstropoche values ( 78,'Nelda.Hettinger42',76,2,1,0,13,86,63,71 );
insert into monstropoche values ( 79,'Ena.Marvin',68,0,0,1,101,11,44,4 );
insert into monstropoche values ( 80,'Raphael52',50,3,2,0,97,43,76,2 );
insert into monstropoche values ( 81,'Shanna41',null,1,2,10,83,99,63,28 );
insert into monstropoche values ( 82,'Adell4',null,0,1,12,111,44,96,11 );
insert into monstropoche values ( 83,'Chauncey.Bernhard58',80,1,0,1,42,40,100,4 );
insert into monstropoche values ( 84,'Alene68',54,2,1,3,43,19,12,7 );
insert into monstropoche values ( 85,'Krista27',43,1,1,5,7,39,26,11 );
insert into monstropoche values ( 86,'Easton_McLaughlin60',null,2,1,6,38,73,70,0 );
insert into monstropoche values ( 87,'Shanie_Kuhic89',22,2,0,2,47,73,64,54 );
insert into monstropoche values ( 88,'Jermaine50',null,1,1,13,13,62,77,44 );
insert into monstropoche values ( 89,'Jose95',50,3,1,2,34,15,43,13 );
insert into monstropoche values ( 90,'Karlie45',null,1,1,0,57,43,53,38 );
insert into monstropoche values ( 91,'Irma_Carter42',39,0,1,7,15,60,92,14 );
insert into monstropoche values ( 92,'Judd.Casper79',83,3,0,7,119,18,55,4 );
insert into monstropoche values ( 93,'Jailyn.Sanford',null,3,2,3,2,79,35,21 );
insert into monstropoche values ( 94,'Brandi.Heller89',null,1,2,15,127,53,34,34 );
insert into monstropoche values ( 95,'Lexus_Russel',null,1,0,2,122,30,84,28 );
insert into monstropoche values ( 96,'Therese_Wehner26',null,2,2,14,126,60,31,20 );
insert into monstropoche values ( 97,'Otto.Mertz7',87,0,1,11,11,11,22,9 );
insert into monstropoche values ( 98,'Kelley.Rippin41',null,2,0,16,52,91,89,12 );
insert into monstropoche values ( 99,'Richard.Bosco73',46,1,1,7,5,74,49,61 );
insert into objet_zone values ( 0,38 );
insert into objet_zone values ( 1,53 );
insert into objet_zone values ( 2,6 );
insert into objet_zone values ( 3,36 );
insert into objet_zone values ( 4,9 );
insert into objet_zone values ( 5,6 );
insert into objet_zone values ( 6,61 );
insert into objet_zone values ( 7,2 );
insert into objet_zone values ( 8,54 );
insert into objet_zone values ( 9,12 );
insert into objet_zone values ( 10,36 );
insert into objet_zone values ( 11,51 );
insert into objet_zone values ( 12,29 );
insert into objet_zone values ( 13,64 );
insert into objet_zone values ( 14,50 );
insert into objet_zone values ( 15,57 );
insert into objet_zone values ( 16,34 );
insert into objet_zone values ( 17,45 );
insert into objet_zone values ( 18,70 );
insert into objet_zone values ( 19,21 );
insert into objet_zone values ( 8,0 );
insert into objet_zone values ( 18,1 );
insert into objet_zone values ( 3,2 );
insert into objet_zone values ( 13,3 );
insert into objet_zone values ( 12,4 );
insert into objet_zone values ( 10,5 );
insert into objet_zone values ( 12,6 );
insert into objet_zone values ( 13,7 );
insert into objet_zone values ( 16,8 );
insert into objet_zone values ( 19,9 );
insert into objet_zone values ( 19,10 );
insert into objet_zone values ( 13,11 );
insert into objet_zone values ( 3,12 );
insert into objet_zone values ( 8,13 );
insert into objet_zone values ( 4,14 );
insert into objet_zone values ( 12,15 );
insert into objet_zone values ( 4,16 );
insert into objet_zone values ( 1,17 );
insert into objet_zone values ( 14,18 );
insert into objet_zone values ( 2,19 );
insert into objet_zone values ( 12,20 );
insert into objet_zone values ( 12,21 );
insert into objet_zone values ( 2,22 );
insert into objet_zone values ( 17,23 );
insert into objet_zone values ( 4,24 );
insert into objet_zone values ( 3,25 );
insert into objet_zone values ( 11,26 );
insert into objet_zone values ( 8,27 );
insert into objet_zone values ( 13,28 );
insert into objet_zone values ( 8,29 );
insert into objet_zone values ( 8,30 );
insert into objet_zone values ( 0,31 );
insert into objet_zone values ( 3,32 );
insert into objet_zone values ( 0,33 );
insert into objet_zone values ( 12,34 );
insert into objet_zone values ( 16,35 );
insert into objet_zone values ( 19,36 );
insert into objet_zone values ( 19,37 );
insert into objet_zone values ( 15,38 );
insert into objet_zone values ( 14,39 );
insert into objet_zone values ( 8,40 );
insert into objet_zone values ( 8,41 );
insert into objet_zone values ( 15,42 );
insert into objet_zone values ( 18,43 );
insert into objet_zone values ( 19,44 );
insert into objet_zone values ( 7,45 );
insert into objet_zone values ( 4,46 );
insert into objet_zone values ( 17,47 );
insert into objet_zone values ( 5,48 );
insert into objet_zone values ( 9,49 );
insert into objet_zone values ( 18,50 );
insert into objet_zone values ( 14,51 );
insert into objet_zone values ( 3,52 );
insert into objet_zone values ( 2,53 );
insert into objet_zone values ( 2,54 );
insert into objet_zone values ( 13,55 );
insert into objet_zone values ( 5,56 );
insert into objet_zone values ( 13,57 );
insert into objet_zone values ( 10,58 );
insert into objet_zone values ( 15,59 );
insert into objet_zone values ( 19,60 );
insert into objet_zone values ( 7,61 );
insert into objet_zone values ( 15,62 );
insert into objet_zone values ( 18,63 );
insert into objet_zone values ( 7,64 );
insert into objet_zone values ( 1,65 );
insert into objet_zone values ( 4,66 );
insert into objet_zone values ( 9,67 );
insert into objet_zone values ( 5,68 );
insert into objet_zone values ( 14,69 );
insert into objet_zone values ( 9,70 );
insert into objet_zone values ( 2,71 );
insert into objet_zone values ( 15,72 );
insert into objet_zone values ( 8,73 );
insert into objet_zone values ( 13,74 );
insert into objet_zone values ( 11,75 );
insert into espece_type values ( 0,7 );
insert into espece_type values ( 1,9 );
insert into espece_type values ( 2,2 );
insert into espece_type values ( 3,4 );
insert into espece_type values ( 4,5 );
insert into espece_type values ( 5,14 );
insert into espece_type values ( 6,3 );
insert into espece_type values ( 7,2 );
insert into espece_type values ( 8,15 );
insert into espece_type values ( 9,6 );
insert into espece_type values ( 10,11 );
insert into espece_type values ( 11,13 );
insert into espece_type values ( 12,0 );
insert into espece_type values ( 13,4 );
insert into espece_type values ( 14,11 );
insert into espece_type values ( 15,0 );
insert into espece_type values ( 16,14 );
insert into espece_type values ( 17,8 );
insert into espece_type values ( 18,13 );
insert into espece_type values ( 19,9 );
insert into espece_type values ( 20,9 );
insert into espece_type values ( 21,14 );
insert into espece_type values ( 22,12 );
insert into espece_type values ( 23,11 );
insert into espece_type values ( 24,8 );
insert into espece_type values ( 25,15 );
insert into espece_type values ( 26,1 );
insert into espece_type values ( 27,5 );
insert into espece_type values ( 28,5 );
insert into espece_type values ( 29,15 );
insert into espece_type values ( 30,14 );
insert into espece_type values ( 31,11 );
insert into espece_type values ( 32,8 );
insert into espece_type values ( 33,0 );
insert into espece_type values ( 34,6 );
insert into espece_type values ( 35,1 );
insert into espece_type values ( 36,8 );
insert into espece_type values ( 37,1 );
insert into espece_type values ( 38,6 );
insert into espece_type values ( 39,7 );
insert into espece_type values ( 40,11 );
insert into espece_type values ( 41,7 );
insert into espece_type values ( 42,12 );
insert into espece_type values ( 43,9 );
insert into espece_type values ( 44,12 );
insert into espece_type values ( 45,10 );
insert into espece_type values ( 46,14 );
insert into espece_type values ( 47,16 );
insert into espece_type values ( 48,0 );
insert into espece_type values ( 49,14 );
insert into espece_type values ( 50,9 );
insert into espece_type values ( 51,15 );
insert into espece_type values ( 52,7 );
insert into espece_type values ( 53,13 );
insert into espece_type values ( 54,16 );
insert into espece_type values ( 55,10 );
insert into espece_type values ( 56,4 );
insert into espece_type values ( 57,7 );
insert into espece_type values ( 58,16 );
insert into espece_type values ( 59,12 );
insert into espece_type values ( 60,0 );
insert into espece_type values ( 61,3 );
insert into espece_type values ( 62,5 );
insert into espece_type values ( 63,3 );
insert into espece_type values ( 64,16 );
insert into espece_type values ( 65,16 );
insert into espece_type values ( 66,8 );
insert into espece_type values ( 67,14 );
insert into espece_type values ( 68,12 );
insert into espece_type values ( 69,16 );
insert into espece_type values ( 70,4 );
insert into espece_type values ( 71,16 );
insert into espece_type values ( 72,2 );
insert into espece_type values ( 73,8 );
insert into espece_type values ( 74,8 );
insert into espece_type values ( 75,3 );
insert into espece_type values ( 76,7 );
insert into espece_type values ( 77,6 );
insert into espece_type values ( 78,1 );
insert into espece_type values ( 79,10 );
insert into espece_type values ( 80,4 );
insert into espece_type values ( 81,6 );
insert into espece_type values ( 82,5 );
insert into espece_type values ( 83,11 );
insert into espece_type values ( 84,8 );
insert into espece_type values ( 85,9 );
insert into espece_type values ( 86,6 );
insert into espece_type values ( 87,1 );
insert into espece_type values ( 88,13 );
insert into espece_type values ( 89,3 );
insert into espece_type values ( 90,16 );
insert into espece_type values ( 91,9 );
insert into espece_type values ( 92,15 );
insert into espece_type values ( 93,2 );
insert into espece_type values ( 94,4 );
insert into espece_type values ( 95,12 );
insert into espece_type values ( 96,4 );
insert into espece_type values ( 97,14 );
insert into espece_type values ( 98,15 );
insert into espece_type values ( 99,3 );
insert into espece_type values ( 100,0 );
insert into espece_type values ( 101,4 );
insert into espece_type values ( 102,6 );
insert into espece_type values ( 103,4 );
insert into espece_type values ( 104,4 );
insert into espece_type values ( 105,7 );
insert into espece_type values ( 106,0 );
insert into espece_type values ( 107,3 );
insert into espece_type values ( 108,3 );
insert into espece_type values ( 109,15 );
insert into espece_type values ( 110,1 );
insert into espece_type values ( 111,8 );
insert into espece_type values ( 112,8 );
insert into espece_type values ( 113,11 );
insert into espece_type values ( 114,13 );
insert into espece_type values ( 115,7 );
insert into espece_type values ( 116,9 );
insert into espece_type values ( 117,3 );
insert into espece_type values ( 118,11 );
insert into espece_type values ( 119,9 );
insert into espece_type values ( 120,3 );
insert into espece_type values ( 121,3 );
insert into espece_type values ( 122,2 );
insert into espece_type values ( 123,0 );
insert into espece_type values ( 124,2 );
insert into espece_type values ( 125,10 );
insert into espece_type values ( 126,13 );
insert into espece_type values ( 127,10 );
insert into espece_type values ( 128,2 );
insert into espece_type values ( 129,1 );
insert into espece_type values ( 130,9 );
insert into espece_type values ( 131,9 );
insert into espece_type values ( 132,14 );
insert into espece_type values ( 133,11 );
insert into espece_type values ( 134,4 );
insert into espece_type values ( 135,16 );
insert into espece_type values ( 136,16 );
insert into espece_type values ( 137,3 );
insert into espece_type values ( 138,2 );
insert into espece_type values ( 139,9 );
insert into espece_type values ( 140,6 );
insert into espece_type values ( 141,9 );
insert into espece_type values ( 82,0 );
insert into espece_type values ( 54,1 );
insert into espece_type values ( 120,2 );
insert into espece_type values ( 53,3 );
insert into espece_type values ( 51,4 );
insert into espece_type values ( 85,5 );
insert into espece_type values ( 118,6 );
insert into espece_type values ( 92,7 );
insert into espece_type values ( 86,8 );
insert into espece_type values ( 2,9 );
insert into espece_type values ( 92,11 );
insert into espece_type values ( 0,12 );
insert into espece_type values ( 85,13 );
insert into espece_type values ( 8,14 );
insert into espece_type values ( 106,15 );
insert into espece_type values ( 140,16 );
insert into espece_zone values ( 0,8 );
insert into espece_zone values ( 1,8 );
insert into espece_zone values ( 2,10 );
insert into espece_zone values ( 3,43 );
insert into espece_zone values ( 4,61 );
insert into espece_zone values ( 5,46 );
insert into espece_zone values ( 6,66 );
insert into espece_zone values ( 7,34 );
insert into espece_zone values ( 8,50 );
insert into espece_zone values ( 9,2 );
insert into espece_zone values ( 10,74 );
insert into espece_zone values ( 11,7 );
insert into espece_zone values ( 12,75 );
insert into espece_zone values ( 13,51 );
insert into espece_zone values ( 14,31 );
insert into espece_zone values ( 15,49 );
insert into espece_zone values ( 16,29 );
insert into espece_zone values ( 17,12 );
insert into espece_zone values ( 18,7 );
insert into espece_zone values ( 19,53 );
insert into espece_zone values ( 20,68 );
insert into espece_zone values ( 21,20 );
insert into espece_zone values ( 22,54 );
insert into espece_zone values ( 23,73 );
insert into espece_zone values ( 24,60 );
insert into espece_zone values ( 25,35 );
insert into espece_zone values ( 26,58 );
insert into espece_zone values ( 27,71 );
insert into espece_zone values ( 28,44 );
insert into espece_zone values ( 29,37 );
insert into espece_zone values ( 30,39 );
insert into espece_zone values ( 31,11 );
insert into espece_zone values ( 32,69 );
insert into espece_zone values ( 33,53 );
insert into espece_zone values ( 34,22 );
insert into espece_zone values ( 35,18 );
insert into espece_zone values ( 36,58 );
insert into espece_zone values ( 37,2 );
insert into espece_zone values ( 38,48 );
insert into espece_zone values ( 39,71 );
insert into espece_zone values ( 40,55 );
insert into espece_zone values ( 41,55 );
insert into espece_zone values ( 42,66 );
insert into espece_zone values ( 43,9 );
insert into espece_zone values ( 44,22 );
insert into espece_zone values ( 45,36 );
insert into espece_zone values ( 46,47 );
insert into espece_zone values ( 47,71 );
insert into espece_zone values ( 48,34 );
insert into espece_zone values ( 49,65 );
insert into espece_zone values ( 50,9 );
insert into espece_zone values ( 51,19 );
insert into espece_zone values ( 52,33 );
insert into espece_zone values ( 53,46 );
insert into espece_zone values ( 54,73 );
insert into espece_zone values ( 55,14 );
insert into espece_zone values ( 56,13 );
insert into espece_zone values ( 57,59 );
insert into espece_zone values ( 58,15 );
insert into espece_zone values ( 59,73 );
insert into espece_zone values ( 60,38 );
insert into espece_zone values ( 61,9 );
insert into espece_zone values ( 62,37 );
insert into espece_zone values ( 63,75 );
insert into espece_zone values ( 64,11 );
insert into espece_zone values ( 65,51 );
insert into espece_zone values ( 66,40 );
insert into espece_zone values ( 67,8 );
insert into espece_zone values ( 68,55 );
insert into espece_zone values ( 69,1 );
insert into espece_zone values ( 70,43 );
insert into espece_zone values ( 71,62 );
insert into espece_zone values ( 72,72 );
insert into espece_zone values ( 73,58 );
insert into espece_zone values ( 74,61 );
insert into espece_zone values ( 75,3 );
insert into espece_zone values ( 76,67 );
insert into espece_zone values ( 77,72 );
insert into espece_zone values ( 78,19 );
insert into espece_zone values ( 79,53 );
insert into espece_zone values ( 80,14 );
insert into espece_zone values ( 81,41 );
insert into espece_zone values ( 82,72 );
insert into espece_zone values ( 83,18 );
insert into espece_zone values ( 84,15 );
insert into espece_zone values ( 85,46 );
insert into espece_zone values ( 86,29 );
insert into espece_zone values ( 87,21 );
insert into espece_zone values ( 88,31 );
insert into espece_zone values ( 89,72 );
insert into espece_zone values ( 90,35 );
insert into espece_zone values ( 91,39 );
insert into espece_zone values ( 92,24 );
insert into espece_zone values ( 93,44 );
insert into espece_zone values ( 94,28 );
insert into espece_zone values ( 95,51 );
insert into espece_zone values ( 96,36 );
insert into espece_zone values ( 97,32 );
insert into espece_zone values ( 98,52 );
insert into espece_zone values ( 99,12 );
insert into espece_zone values ( 100,7 );
insert into espece_zone values ( 101,30 );
insert into espece_zone values ( 102,20 );
insert into espece_zone values ( 103,21 );
insert into espece_zone values ( 104,6 );
insert into espece_zone values ( 105,16 );
insert into espece_zone values ( 106,62 );
insert into espece_zone values ( 107,11 );
insert into espece_zone values ( 108,31 );
insert into espece_zone values ( 109,13 );
insert into espece_zone values ( 110,52 );
insert into espece_zone values ( 111,8 );
insert into espece_zone values ( 112,11 );
insert into espece_zone values ( 113,23 );
insert into espece_zone values ( 114,68 );
insert into espece_zone values ( 115,70 );
insert into espece_zone values ( 116,16 );
insert into espece_zone values ( 117,68 );
insert into espece_zone values ( 118,27 );
insert into espece_zone values ( 119,41 );
insert into espece_zone values ( 120,9 );
insert into espece_zone values ( 121,14 );
insert into espece_zone values ( 122,28 );
insert into espece_zone values ( 123,10 );
insert into espece_zone values ( 124,49 );
insert into espece_zone values ( 125,47 );
insert into espece_zone values ( 126,16 );
insert into espece_zone values ( 127,57 );
insert into espece_zone values ( 128,44 );
insert into espece_zone values ( 129,43 );
insert into espece_zone values ( 130,26 );
insert into espece_zone values ( 131,55 );
insert into espece_zone values ( 132,41 );
insert into espece_zone values ( 133,1 );
insert into espece_zone values ( 134,40 );
insert into espece_zone values ( 135,39 );
insert into espece_zone values ( 136,14 );
insert into espece_zone values ( 137,48 );
insert into espece_zone values ( 138,22 );
insert into espece_zone values ( 139,16 );
insert into espece_zone values ( 140,31 );
insert into espece_zone values ( 141,56 );
insert into espece_zone values ( 45,0 );
insert into espece_zone values ( 30,1 );
insert into espece_zone values ( 61,2 );
insert into espece_zone values ( 106,3 );
insert into espece_zone values ( 108,4 );
insert into espece_zone values ( 57,5 );
insert into espece_zone values ( 34,6 );
insert into espece_zone values ( 49,7 );
insert into espece_zone values ( 38,8 );
insert into espece_zone values ( 124,9 );
insert into espece_zone values ( 110,10 );
insert into espece_zone values ( 125,11 );
insert into espece_zone values ( 1,12 );
insert into espece_zone values ( 122,13 );
insert into espece_zone values ( 4,14 );
insert into espece_zone values ( 117,15 );
insert into espece_zone values ( 37,16 );
insert into espece_zone values ( 27,17 );
insert into espece_zone values ( 77,18 );
insert into espece_zone values ( 72,19 );
insert into espece_zone values ( 133,20 );
insert into espece_zone values ( 26,21 );
insert into espece_zone values ( 65,22 );
insert into espece_zone values ( 136,23 );
insert into espece_zone values ( 100,24 );
insert into espece_zone values ( 17,25 );
insert into espece_zone values ( 136,26 );
insert into espece_zone values ( 140,27 );
insert into espece_zone values ( 97,28 );
insert into espece_zone values ( 18,29 );
insert into espece_zone values ( 118,30 );
insert into espece_zone values ( 135,31 );
insert into espece_zone values ( 45,32 );
insert into espece_zone values ( 102,34 );
insert into espece_zone values ( 34,35 );
insert into espece_zone values ( 116,36 );
insert into espece_zone values ( 72,37 );
insert into espece_zone values ( 111,38 );
insert into espece_zone values ( 51,39 );
insert into espece_zone values ( 88,40 );
insert into espece_zone values ( 60,41 );
insert into espece_zone values ( 68,42 );
insert into espece_zone values ( 42,43 );
insert into espece_zone values ( 92,44 );
insert into espece_zone values ( 13,45 );
insert into espece_zone values ( 25,46 );
insert into espece_zone values ( 49,47 );
insert into espece_zone values ( 29,48 );
insert into espece_zone values ( 32,49 );
insert into espece_zone values ( 51,50 );
insert into espece_zone values ( 8,51 );
insert into espece_zone values ( 14,52 );
insert into espece_zone values ( 85,53 );
insert into espece_zone values ( 137,54 );
insert into espece_zone values ( 52,55 );
insert into espece_zone values ( 18,56 );
insert into espece_zone values ( 101,57 );
insert into espece_zone values ( 6,58 );
insert into espece_zone values ( 115,59 );
insert into espece_zone values ( 132,60 );
insert into espece_zone values ( 37,61 );
insert into espece_zone values ( 19,62 );
insert into espece_zone values ( 0,63 );
insert into espece_zone values ( 122,64 );
insert into espece_zone values ( 69,65 );
insert into espece_zone values ( 14,66 );
insert into espece_zone values ( 99,67 );
insert into espece_zone values ( 100,68 );
insert into espece_zone values ( 53,69 );
insert into espece_zone values ( 84,70 );
insert into espece_zone values ( 83,71 );
insert into espece_zone values ( 30,72 );
insert into espece_zone values ( 64,73 );
insert into espece_zone values ( 91,74 );
insert into espece_zone values ( 61,75 );
insert into monstropoche_attaque values ( 0,0 );
insert into monstropoche_attaque values ( 1,1 );
insert into monstropoche_attaque values ( 2,4 );
insert into monstropoche_attaque values ( 3,22 );
insert into monstropoche_attaque values ( 4,2 );
insert into monstropoche_attaque values ( 5,6 );
insert into monstropoche_attaque values ( 6,12 );
insert into monstropoche_attaque values ( 7,13 );
insert into monstropoche_attaque values ( 8,2 );
insert into monstropoche_attaque values ( 9,9 );
insert into monstropoche_attaque values ( 10,26 );
insert into monstropoche_attaque values ( 11,20 );
insert into monstropoche_attaque values ( 12,6 );
insert into monstropoche_attaque values ( 13,21 );
insert into monstropoche_attaque values ( 14,3 );
insert into monstropoche_attaque values ( 15,4 );
insert into monstropoche_attaque values ( 16,5 );
insert into monstropoche_attaque values ( 17,20 );
insert into monstropoche_attaque values ( 18,18 );
insert into monstropoche_attaque values ( 19,23 );
insert into monstropoche_attaque values ( 20,4 );
insert into monstropoche_attaque values ( 21,23 );
insert into monstropoche_attaque values ( 22,4 );
insert into monstropoche_attaque values ( 23,20 );
insert into monstropoche_attaque values ( 24,27 );
insert into monstropoche_attaque values ( 25,15 );
insert into monstropoche_attaque values ( 26,18 );
insert into monstropoche_attaque values ( 27,15 );
insert into monstropoche_attaque values ( 28,6 );
insert into monstropoche_attaque values ( 29,0 );
insert into monstropoche_attaque values ( 30,15 );
insert into monstropoche_attaque values ( 31,18 );
insert into monstropoche_attaque values ( 32,0 );
insert into monstropoche_attaque values ( 33,28 );
insert into monstropoche_attaque values ( 34,24 );
insert into monstropoche_attaque values ( 35,8 );
insert into monstropoche_attaque values ( 36,1 );
insert into monstropoche_attaque values ( 37,13 );
insert into monstropoche_attaque values ( 38,13 );
insert into monstropoche_attaque values ( 39,13 );
insert into monstropoche_attaque values ( 40,12 );
insert into monstropoche_attaque values ( 41,1 );
insert into monstropoche_attaque values ( 42,6 );
insert into monstropoche_attaque values ( 43,20 );
insert into monstropoche_attaque values ( 44,4 );
insert into monstropoche_attaque values ( 45,9 );
insert into monstropoche_attaque values ( 46,28 );
insert into monstropoche_attaque values ( 47,25 );
insert into monstropoche_attaque values ( 48,11 );
insert into monstropoche_attaque values ( 49,5 );
insert into monstropoche_attaque values ( 50,4 );
insert into monstropoche_attaque values ( 51,13 );
insert into monstropoche_attaque values ( 52,28 );
insert into monstropoche_attaque values ( 53,18 );
insert into monstropoche_attaque values ( 54,2 );
insert into monstropoche_attaque values ( 55,15 );
insert into monstropoche_attaque values ( 56,26 );
insert into monstropoche_attaque values ( 57,14 );
insert into monstropoche_attaque values ( 58,4 );
insert into monstropoche_attaque values ( 59,14 );
insert into monstropoche_attaque values ( 60,13 );
insert into monstropoche_attaque values ( 61,15 );
insert into monstropoche_attaque values ( 62,9 );
insert into monstropoche_attaque values ( 63,7 );
insert into monstropoche_attaque values ( 64,2 );
insert into monstropoche_attaque values ( 65,5 );
insert into monstropoche_attaque values ( 66,6 );
insert into monstropoche_attaque values ( 67,12 );
insert into monstropoche_attaque values ( 68,17 );
insert into monstropoche_attaque values ( 69,9 );
insert into monstropoche_attaque values ( 70,21 );
insert into monstropoche_attaque values ( 71,26 );
insert into monstropoche_attaque values ( 72,27 );
insert into monstropoche_attaque values ( 73,7 );
insert into monstropoche_attaque values ( 74,28 );
insert into monstropoche_attaque values ( 75,8 );
insert into monstropoche_attaque values ( 76,17 );
insert into monstropoche_attaque values ( 77,14 );
insert into monstropoche_attaque values ( 78,23 );
insert into monstropoche_attaque values ( 79,4 );
insert into monstropoche_attaque values ( 80,2 );
insert into monstropoche_attaque values ( 81,24 );
insert into monstropoche_attaque values ( 82,13 );
insert into monstropoche_attaque values ( 83,23 );
insert into monstropoche_attaque values ( 84,27 );
insert into monstropoche_attaque values ( 85,18 );
insert into monstropoche_attaque values ( 86,21 );
insert into monstropoche_attaque values ( 87,2 );
insert into monstropoche_attaque values ( 88,16 );
insert into monstropoche_attaque values ( 89,23 );
insert into monstropoche_attaque values ( 90,27 );
insert into monstropoche_attaque values ( 91,14 );
insert into monstropoche_attaque values ( 92,9 );
insert into monstropoche_attaque values ( 93,6 );
insert into monstropoche_attaque values ( 94,25 );
insert into monstropoche_attaque values ( 95,7 );
insert into monstropoche_attaque values ( 96,14 );
insert into monstropoche_attaque values ( 97,2 );
insert into monstropoche_attaque values ( 98,23 );
insert into monstropoche_attaque values ( 99,3 );
insert into monstropoche_attaque values ( 90,0 );
insert into monstropoche_attaque values ( 79,1 );
insert into monstropoche_attaque values ( 49,2 );
insert into monstropoche_attaque values ( 56,3 );
insert into monstropoche_attaque values ( 41,5 );
insert into monstropoche_attaque values ( 88,6 );
insert into monstropoche_attaque values ( 67,8 );
insert into monstropoche_attaque values ( 56,9 );
insert into monstropoche_attaque values ( 15,10 );
insert into monstropoche_attaque values ( 45,11 );
insert into monstropoche_attaque values ( 29,12 );
insert into monstropoche_attaque values ( 21,13 );
insert into monstropoche_attaque values ( 90,14 );
insert into monstropoche_attaque values ( 23,15 );
insert into monstropoche_attaque values ( 77,16 );
insert into monstropoche_attaque values ( 94,17 );
insert into monstropoche_attaque values ( 81,18 );
insert into monstropoche_attaque values ( 65,19 );
insert into monstropoche_attaque values ( 10,20 );
insert into monstropoche_attaque values ( 25,21 );
insert into monstropoche_attaque values ( 20,22 );
insert into monstropoche_attaque values ( 40,23 );
insert into monstropoche_attaque values ( 24,24 );
insert into monstropoche_attaque values ( 46,25 );
insert into monstropoche_attaque values ( 91,26 );
insert into monstropoche_attaque values ( 85,27 );
insert into monstropoche_attaque values ( 82,28 );
