drop table monstropoche_attaque;
drop table espece_zone;
drop table espece_type;
drop table objet_zone;
drop table monstropoche;
drop table espece;
drop table etat;
drop table type;
drop table genre;
drop table objet;
drop table attaque;
drop table zone;
drop table proprietaire;

create table proprietaire (id int not null, nom varchar(255) not null, primary key(id));
create table attaque (id int not null, nom varchar(255) not null, puissance int not null, perequis int not null, precizion int not null, primary key(id));
create table zone (id int not null, nom varchar(255) not null, primary key(id));
create table objet (id int not null, nom varchar(255) not null, est_unique number(1) not null, est_offensif number(1), est_evoluant number(1), primary key(id));
create table genre (id int not null, femelle number(1) not null, male number(1) not null, primary key(id));
create table type (id int not null, nom varchar(255) not null, primary key(id));
create table etat (id int not null, nom varchar(255) not null, primary key(id));
create table espece (id int not null, objet_id int, source_id int, nom varchar(255) not null, constraint fk_espece_objet foreign key (objet_id) references objet(id), constraint fk_espece_espece foreign key (source_id) references espece(id), primary key(id));
create table monstropoche (id int not null, surnom varchar(255) not null, proprietaire_id int, genre_id int not null, etat_id int not null, objet_id int, espece_id int not null, pv int not null, pe int not null, pv_actuel int not null, constraint fk_monstropoche_proprietaire foreign key (proprietaire_id) references proprietaire(id), constraint fk_monstropoche_genre foreign key (genre_id) references genre(id), constraint fk_monstropoche_etat foreign key (etat_id) references etat(id), constraint fk_monstropoche_objet foreign key (objet_id) references objet(id), constraint fk_monstropoche_espece foreign key (espece_id) references espece(id), primary key(id));
create table objet_zone (objet_id int not null, zone_id int not null, constraint fk_objet_zone_objet foreign key (objet_id) references objet(id), constraint fk_objet_zone_zone foreign key (zone_id) references zone(id), primary key(objet_id, zone_id));
create table espece_type (espece_id int not null, type_id int not null, constraint fk_espece_type_espece foreign key (espece_id) references espece(id), constraint fk_espece_type_type foreign key (type_id) references type(id), primary key(espece_id, type_id));
create table espece_zone (espece_id int not null, zone_id int not null, constraint fk_espece_zone_espece foreign key (espece_id) references espece(id), constraint fk_espece_zone_zone foreign key (zone_id) references zone(id), primary key(espece_id, zone_id));
create table monstropoche_attaque (monstropoche_id int not null, attaque_id int not null, constraint fk_monstropoche_attaque_m foreign key (monstropoche_id) references monstropoche(id), constraint fk_monstropoche_attaque_a foreign key (attaque_id) references attaque(id), primary key(monstropoche_id, attaque_id));

delete from monstropoche_attaque;
delete from espece_zone;
delete from espece_type;
delete from objet_zone;
delete from monstropoche;
delete from espece;
delete from etat;
delete from type;
delete from genre;
delete from objet;
delete from attaque;
delete from zone;
delete from proprietaire;

insert into proprietaire values ( 0,'Jade Bonnet' );
insert into proprietaire values ( 1,'Mélissa Muller' );
insert into proprietaire values ( 2,'Lina Huet' );
insert into proprietaire values ( 3,'Lucie Gerard' );
insert into proprietaire values ( 4,'Kylian Schmitt' );
insert into proprietaire values ( 5,'Chloé Dubois' );
insert into proprietaire values ( 6,'Benjamin Louis' );
insert into proprietaire values ( 7,'Marie Cousin' );
insert into proprietaire values ( 8,'Laura Perez' );
insert into proprietaire values ( 9,'M Célia Roger' );
insert into proprietaire values ( 10,'Lilou Nicolas' );
insert into proprietaire values ( 11,'Dr Mélissa Charles' );
insert into proprietaire values ( 12,'Victor Dupuis' );
insert into proprietaire values ( 13,'Elisa Guillaume' );
insert into proprietaire values ( 14,'Alice Carpentier' );
insert into proprietaire values ( 15,'Dr Adrien Marty' );
insert into proprietaire values ( 16,'Mathilde Meyer' );
insert into proprietaire values ( 17,'Benjamin Fournier' );
insert into proprietaire values ( 18,'Dr Maxime Paul' );
insert into proprietaire values ( 19,'Ambre Roche' );
insert into proprietaire values ( 20,'Prof Louise Richard' );
insert into proprietaire values ( 21,'Axel Jacquet' );
insert into proprietaire values ( 22,'Noah Robin' );
insert into proprietaire values ( 23,'Charlotte Olivier' );
insert into proprietaire values ( 24,'Maxence Caron IV' );
insert into proprietaire values ( 25,'Lena Laurent' );
insert into proprietaire values ( 26,'Paul Royer' );
insert into proprietaire values ( 27,'Adam Fournier' );
insert into proprietaire values ( 28,'Lina Fleury' );
insert into proprietaire values ( 29,'Lina Carpentier' );
insert into proprietaire values ( 30,'Noémie Clement' );
insert into proprietaire values ( 31,'Marie Remy' );
insert into proprietaire values ( 32,'Alexandre Robert' );
insert into proprietaire values ( 33,'Noah Philippe' );
insert into proprietaire values ( 34,'Lisa Lopez' );
insert into proprietaire values ( 35,'Alice Poirier MD' );
insert into proprietaire values ( 36,'Raphaël Masson' );
insert into proprietaire values ( 37,'Laura Giraud' );
insert into proprietaire values ( 38,'Alice Breton' );
insert into proprietaire values ( 39,'Yanis Roger DDS' );
insert into proprietaire values ( 40,'Eva Arnaud' );
insert into proprietaire values ( 41,'Baptiste Andre' );
insert into proprietaire values ( 42,'Lola Joly' );
insert into proprietaire values ( 43,'Dr Mélissa Gerard' );
insert into proprietaire values ( 44,'Baptiste Barre' );
insert into proprietaire values ( 45,'Thomas Michel' );
insert into proprietaire values ( 46,'Tom Robin' );
insert into proprietaire values ( 47,'Noa Garcia' );
insert into proprietaire values ( 48,'Maeva Olivier MD' );
insert into proprietaire values ( 49,'Louna Carpentier' );
insert into proprietaire values ( 50,'Ethan Charpentier' );
insert into proprietaire values ( 51,'Victor Richard' );
insert into proprietaire values ( 52,'Léa Vasseur MD' );
insert into proprietaire values ( 53,'Louna Marty' );
insert into proprietaire values ( 54,'Quentin Mercier' );
insert into proprietaire values ( 55,'Valentin Breton' );
insert into proprietaire values ( 56,'Rayan Leroy' );
insert into proprietaire values ( 57,'Alicia Royer PhD' );
insert into proprietaire values ( 58,'Célia Guillot' );
insert into proprietaire values ( 59,'Zoe Lemoine' );
insert into proprietaire values ( 60,'Lina Rey' );
insert into proprietaire values ( 61,'Jade Maillard' );
insert into proprietaire values ( 62,'Lina Lambert' );
insert into proprietaire values ( 63,'Justine Menard' );
insert into proprietaire values ( 64,'Mme Hugo Remy' );
insert into proprietaire values ( 65,'Tom Guyot' );
insert into proprietaire values ( 66,'Dr Léo Poirier' );
insert into proprietaire values ( 67,'Jules Fleury' );
insert into proprietaire values ( 68,'Mélissa Dupont Jr.' );
insert into proprietaire values ( 69,'Sarah Pons' );
insert into proprietaire values ( 70,'Lisa Gerard' );
insert into proprietaire values ( 71,'Prof Maëlys Meyer' );
insert into proprietaire values ( 72,'Dr Mohamed Paul' );
insert into proprietaire values ( 73,'Eva Royer' );
insert into proprietaire values ( 74,'Maeva Rolland DVM' );
insert into proprietaire values ( 75,'Charlotte Dumas' );
insert into proprietaire values ( 76,'Louise Lefebvre' );
insert into proprietaire values ( 77,'Tom Picard' );
insert into proprietaire values ( 78,'Lucas Meunier PhD' );
insert into proprietaire values ( 79,'Yanis Riviere' );
insert into proprietaire values ( 80,'Julien Poirier' );
insert into proprietaire values ( 81,'Noa Guillaume' );
insert into proprietaire values ( 82,'Adam Caron' );
insert into proprietaire values ( 83,'Jeanne Denis' );
insert into proprietaire values ( 84,'Yanis Boyer' );
insert into proprietaire values ( 85,'Raphaël Renard' );
insert into proprietaire values ( 86,'Elisa Roche' );
insert into proprietaire values ( 87,'Alexandre David IV' );
insert into proprietaire values ( 88,'Zoe Paris' );
insert into proprietaire values ( 89,'Maeva Perrin' );
insert into proprietaire values ( 90,'Adrien Gerard' );
insert into proprietaire values ( 91,'Maeva Meunier' );
insert into proprietaire values ( 92,'Dr Antoine Moulin' );
insert into proprietaire values ( 93,'Mme Lena Roussel' );
insert into proprietaire values ( 94,'Alicia Legrand' );
insert into proprietaire values ( 95,'Hugo Roger' );
insert into proprietaire values ( 96,'Pauline Guyot Jr.' );
insert into proprietaire values ( 97,'Noa Berger' );
insert into proprietaire values ( 98,'M Baptiste Le gall' );
insert into proprietaire values ( 99,'Jeanne Renard' );
insert into zone values ( 0,'Saint Martin' );
insert into zone values ( 1,'French Guiana' );
insert into zone values ( 2,'French Southern Territories' );
insert into zone values ( 3,'Namibia' );
insert into zone values ( 4,'Ecuador' );
insert into zone values ( 5,'Georgia' );
insert into zone values ( 6,'United Kingdom' );
insert into zone values ( 7,'Bahrain' );
insert into zone values ( 8,'Tanzania' );
insert into zone values ( 9,'Iceland' );
insert into zone values ( 10,'Liechtenstein' );
insert into zone values ( 11,'Luxembourg' );
insert into zone values ( 12,'South Africa' );
insert into zone values ( 13,'Martinique' );
insert into zone values ( 14,'Barbados' );
insert into zone values ( 15,'Uruguay' );
insert into zone values ( 16,'Uzbekistan' );
insert into zone values ( 17,'Cuba' );
insert into zone values ( 18,'Monaco' );
insert into zone values ( 19,'France' );
insert into zone values ( 20,'Nepal' );
insert into zone values ( 21,'Congo' );
insert into zone values ( 22,'Egypt' );
insert into zone values ( 23,'Lesotho' );
insert into zone values ( 24,'Papua New Guinea' );
insert into zone values ( 25,'Lao Peoples Democratic Republic' );
insert into zone values ( 26,'Costa Rica' );
insert into zone values ( 27,'Heard Island and McDonald Islands' );
insert into zone values ( 28,'Uganda' );
insert into zone values ( 29,'Malawi' );
insert into zone values ( 30,'Slovakia (Slovak Republic)' );
insert into zone values ( 31,'Romania' );
insert into zone values ( 32,'Fiji' );
insert into zone values ( 33,'Morocco' );
insert into zone values ( 34,'Dominica' );
insert into zone values ( 35,'El Salvador' );
insert into zone values ( 36,'Cambodia' );
insert into zone values ( 37,'Gabon' );
insert into zone values ( 38,'Senegal' );
insert into zone values ( 39,'Poland' );
insert into zone values ( 40,'Comoros' );
insert into zone values ( 41,'Guernsey' );
insert into zone values ( 42,'Andorra' );
insert into zone values ( 43,'Azerbaijan' );
insert into zone values ( 44,'New Caledonia' );
insert into zone values ( 45,'Holy See (Vatican City State)' );
insert into zone values ( 46,'Reunion' );
insert into zone values ( 47,'Nauru' );
insert into zone values ( 48,'Ireland' );
insert into zone values ( 49,'Virgin Islands, U.S.' );
insert into zone values ( 50,'Niue' );
insert into zone values ( 51,'Faroe Islands' );
insert into zone values ( 52,'Christmas Island' );
insert into zone values ( 53,'Kazakhstan' );
insert into zone values ( 54,'Armenia' );
insert into zone values ( 55,'Croatia' );
insert into zone values ( 56,'Honduras' );
insert into zone values ( 57,'Cape Verde' );
insert into zone values ( 58,'Afghanistan' );
insert into zone values ( 59,'Palau' );
insert into zone values ( 60,'Mauritius' );
insert into zone values ( 61,'Norway' );
insert into zone values ( 62,'Myanmar' );
insert into zone values ( 63,'Wallis and Futuna' );
insert into zone values ( 64,'Netherlands Antilles' );
insert into zone values ( 65,'Iran' );
insert into zone values ( 66,'Portugal' );
insert into zone values ( 67,'Solomon Islands' );
insert into zone values ( 68,'Brunei Darussalam' );
insert into zone values ( 69,'Cook Islands' );
insert into zone values ( 70,'Ethiopia' );
insert into zone values ( 71,'Panama' );
insert into zone values ( 72,'Marshall Islands' );
insert into zone values ( 73,'Trinidad and Tobago' );
insert into zone values ( 74,'Samoa' );
insert into zone values ( 75,'Benin' );
insert into zone values ( 76,'Tuvalu' );
insert into zone values ( 77,'Bouvet Island (Bouvetoya)' );
insert into zone values ( 78,'San Marino' );
insert into zone values ( 79,'Zambia' );
insert into attaque values ( 0,'Triplattaque',132,89,46 );
insert into attaque values ( 1,'Escalade',193,46,16 );
insert into attaque values ( 2,'Morphing',246,92,22 );
insert into attaque values ( 3,'Vœu',102,4,50 );
insert into attaque values ( 4,'Grobisou',234,82,17 );
insert into attaque values ( 5,'Pilonnage',82,60,91 );
insert into attaque values ( 6,'Recyclage',88,91,27 );
insert into attaque values ( 7,'Regard Médusant',5,100,29 );
insert into attaque values ( 8,'E-Coque',78,21,99 );
insert into attaque values ( 9,'Constriction',215,77,46 );
insert into attaque values ( 10,'Picanon',112,9,75 );
insert into attaque values ( 11,'Uppercut',176,77,2 );
insert into attaque values ( 12,'Coup de Main',125,93,31 );
insert into attaque values ( 13,'Flash',217,75,25 );
insert into attaque values ( 14,'Conversion',239,73,30 );
insert into attaque values ( 15,'Affûtage',44,28,66 );
insert into attaque values ( 16,'Croc de Mort',95,27,39 );
insert into attaque values ( 17,'Par Ici',161,49,89 );
insert into attaque values ( 18,'Attrition',48,75,14 );
insert into attaque values ( 19,'Force-Nature',135,93,19 );
insert into attaque values ( 20,'Combo-Griffe',187,10,43 );
insert into attaque values ( 21,'Explosion',132,73,6 );
insert into attaque values ( 22,'Trempette',24,29,28 );
insert into attaque values ( 23,'Exuviation',214,79,93 );
insert into attaque values ( 24,'CoudKrâne',89,72,60 );
insert into attaque values ( 25,'Météores',215,37,84 );
insert into attaque values ( 26,'Relais',222,64,40 );
insert into attaque values ( 27,'Rengorgement',109,65,83 );
insert into attaque values ( 28,'BoulArmure',51,21,6 );
insert into objet values ( 0,'Défense +',0,0,0 );
insert into objet values ( 1,'Muscle +',0,0,0 );
insert into objet values ( 2,'Défense Spéc',0,0,0 );
insert into objet values ( 3,'Déf. Spé. +',0,0,0 );
insert into objet values ( 4,'Attaque +',0,0,0 );
insert into objet values ( 5,'Spécial +',0,0,0 );
insert into objet values ( 6,'Précision +',0,0,0 );
insert into objet values ( 7,'Vitesse +',0,0,0 );
insert into objet values ( 8,'Baie Tamato',0,0,0 );
insert into objet values ( 9,'Baie Résin',0,0,0 );
insert into objet values ( 10,'Baie Lonme',0,0,0 );
insert into objet values ( 11,'Baie Qualot',0,0,0 );
insert into objet values ( 12,'Baie Alga',0,0,0 );
insert into objet values ( 13,'Baie Grena',0,0,0 );
insert into objet values ( 14,'Baie Mepo',0,0,0 );
insert into objet values ( 15,'Baie Willia',0,0,0 );
insert into objet values ( 16,'Baie Fraive',0,0,0 );
insert into objet values ( 17,'Baie Pêcha',0,0,0 );
insert into objet values ( 18,'Baie Maron',0,0,0 );
insert into objet values ( 19,'Baie Oran',0,0,0 );
insert into genre values ( 0,0,0 );
insert into genre values ( 1,0,1 );
insert into genre values ( 2,1,1 );
insert into genre values ( 3,1,0 );
insert into type values ( 0,'Glace' );
insert into type values ( 1,'Dragon' );
insert into type values ( 2,'Sol' );
insert into type values ( 3,'Plante' );
insert into type values ( 4,'Feu' );
insert into type values ( 5,'Eau' );
insert into type values ( 6,'Électrique' );
insert into type values ( 7,'Psy' );
insert into type values ( 8,'Spectre' );
insert into type values ( 9,'Ténèbre' );
insert into type values ( 10,'Fée' );
insert into type values ( 11,'Acier' );
insert into type values ( 12,'Poison' );
insert into type values ( 13,'Roche' );
insert into type values ( 14,'Combat' );
insert into type values ( 15,'Insecte' );
insert into type values ( 16,'Normal' );
insert into etat values ( 0,'Mission' );
insert into etat values ( 1,'Repos' );
insert into etat values ( 2,'Reproduction' );
insert into espece values ( 0,null,null,'Bulbizarre' );
insert into espece values ( 1,14,null,'Chenipan' );
insert into espece values ( 2,null,0,'Voltorbe' );
insert into espece values ( 3,19,null,'Électrode' );
insert into espece values ( 4,null,null,'Nœunœuf' );
insert into espece values ( 5,11,null,'Noadkoko' );
insert into espece values ( 6,7,null,'Osselait' );
insert into espece values ( 7,null,6,'Ossatueur' );
insert into espece values ( 8,7,null,'Kicklee' );
insert into espece values ( 9,null,null,'Tygnon' );
insert into espece values ( 10,null,null,'Excelangue' );
insert into espece values ( 11,17,1,'Smogo' );
insert into espece values ( 12,null,null,'Chrysacier' );
insert into espece values ( 13,7,null,'Smogogo' );
insert into espece values ( 14,9,null,'Rhinocorne' );
insert into espece values ( 15,null,null,'Rhinoféros' );
insert into espece values ( 16,12,null,'Leveinard' );
insert into espece values ( 17,15,16,'Saquedeneu' );
insert into espece values ( 18,null,null,'Kangourex' );
insert into espece values ( 19,null,null,'Hypotrempe' );
insert into espece values ( 20,null,null,'Hypocéan' );
insert into espece values ( 21,null,null,'Poissirène' );
insert into espece values ( 22,14,null,'Poissoroy' );
insert into espece values ( 23,10,null,'Papilusion' );
insert into espece values ( 24,10,null,'Stari' );
insert into espece values ( 25,null,null,'Staross' );
insert into espece values ( 26,5,null,'M.Mime' );
insert into espece values ( 27,19,null,'Insécateur' );
insert into espece values ( 28,7,null,'Lippoutou' );
insert into espece values ( 29,null,null,'Élektek' );
insert into espece values ( 30,null,null,'Magmar' );
insert into espece values ( 31,9,null,'Scarabrute' );
insert into espece values ( 32,null,null,'Tauros' );
insert into espece values ( 33,null,null,'Magicarpe' );
insert into espece values ( 34,null,null,'Aspicot' );
insert into espece values ( 35,null,null,'Léviator' );
insert into espece values ( 36,3,null,'Lokhlass' );
insert into espece values ( 37,null,null,'Métamorph' );
insert into espece values ( 38,null,22,'Évoli' );
insert into espece values ( 39,1,null,'Aquali' );
insert into espece values ( 40,null,3,'Voltali' );
insert into espece values ( 41,6,null,'Pyroli' );
insert into espece values ( 42,null,31,'Porygon' );
insert into espece values ( 43,null,null,'Amonita' );
insert into espece values ( 44,3,null,'Amonistar' );
insert into espece values ( 45,null,null,'Coconfort' );
insert into espece values ( 46,null,null,'Kabuto' );
insert into espece values ( 47,1,null,'Kabutops' );
insert into espece values ( 48,null,null,'Ptéra' );
insert into espece values ( 49,4,44,'Ronflex' );
insert into espece values ( 50,0,null,'Artikodin' );
insert into espece values ( 51,null,null,'Électhor' );
insert into espece values ( 52,4,null,'Sulfura' );
insert into espece values ( 53,9,null,'Minidraco' );
insert into espece values ( 54,6,null,'Draco' );
insert into espece values ( 55,19,null,'Dracolosse' );
insert into espece values ( 56,12,null,'Dardargnan' );
insert into espece values ( 57,null,null,'Mewtwo' );
insert into espece values ( 58,2,null,'Mew' );
insert into espece values ( 59,null,null,'Roucool' );
insert into espece values ( 60,18,58,'Roucoups' );
insert into espece values ( 61,null,null,'Roucarnage' );
insert into espece values ( 62,null,null,'Rattata' );
insert into espece values ( 63,null,null,'Herbizarre' );
insert into espece values ( 64,4,null,'Rattatac' );
insert into espece values ( 65,16,null,'Piafabec' );
insert into espece values ( 66,0,null,'Rapasdepic' );
insert into espece values ( 67,18,null,'Abo' );
insert into espece values ( 68,7,45,'Arbok' );
insert into espece values ( 69,11,null,'Pikachu' );
insert into espece values ( 70,10,null,'Raichu' );
insert into espece values ( 71,9,null,'Sabelette' );
insert into espece values ( 72,null,null,'Sablaireau' );
insert into espece values ( 73,null,null,'Nidoran♀' );
insert into espece values ( 74,3,null,'Florizarre' );
insert into espece values ( 75,null,null,'Nidorina' );
insert into espece values ( 76,null,null,'Nidoqueen' );
insert into espece values ( 77,null,null,'Nidoran♂' );
insert into espece values ( 78,3,null,'Nidorino' );
insert into espece values ( 79,7,null,'Nidoking' );
insert into espece values ( 80,null,null,'Mélofée' );
insert into espece values ( 81,null,null,'Mélodelfe' );
insert into espece values ( 82,null,null,'Feunard' );
insert into espece values ( 83,null,null,'Rondoudou' );
insert into espece values ( 84,6,24,'Salamèche' );
insert into espece values ( 85,8,null,'Grodoudou' );
insert into espece values ( 86,11,null,'Nosferapti' );
insert into espece values ( 87,null,null,'Nosferalto' );
insert into espece values ( 88,8,76,'Mystherbe' );
insert into espece values ( 89,null,18,'Ortide' );
insert into espece values ( 90,null,null,'Rafflesia' );
insert into espece values ( 91,null,null,'Paras' );
insert into espece values ( 92,0,null,'Parasect' );
insert into espece values ( 93,null,78,'Mimitoss' );
insert into espece values ( 94,14,null,'Aéromite' );
insert into espece values ( 95,null,null,'Reptincel' );
insert into espece values ( 96,5,76,'Taupiqueur' );
insert into espece values ( 97,16,null,'Triopikeur' );
insert into espece values ( 98,14,null,'Miaouss' );
insert into espece values ( 99,19,null,'Persian' );
insert into espece values ( 100,null,null,'Psykokwak' );
insert into espece values ( 101,null,85,'Akwakwak' );
insert into espece values ( 102,5,null,'Férosinge' );
insert into espece values ( 103,null,42,'Colossinge' );
insert into espece values ( 104,19,null,'Caninos' );
insert into espece values ( 105,null,null,'Arcanin' );
insert into espece values ( 106,13,null,'Dracaufeu' );
insert into espece values ( 107,1,null,'Ptitard' );
insert into espece values ( 108,2,null,'Têtarte' );
insert into espece values ( 109,1,null,'Tartard' );
insert into espece values ( 110,0,null,'Abra' );
insert into espece values ( 111,null,null,'Kadabra' );
insert into espece values ( 112,11,null,'Alakazam' );
insert into espece values ( 113,2,null,'Machoc' );
insert into espece values ( 114,null,4,'Machopeur' );
insert into espece values ( 115,null,null,'Mackogneur' );
insert into espece values ( 116,15,null,'Chétiflor' );
insert into espece values ( 117,7,null,'Carapuce' );
insert into espece values ( 118,null,null,'Boustiflor' );
insert into espece values ( 119,10,null,'Empiflor' );
insert into espece values ( 120,18,null,'Tentacool' );
insert into espece values ( 121,19,null,'Tentacruel' );
insert into espece values ( 122,null,null,'Racaillou' );
insert into espece values ( 123,null,null,'Gravalanch' );
insert into espece values ( 124,null,57,'Grolem' );
insert into espece values ( 125,null,null,'Ponyta' );
insert into espece values ( 126,null,null,'Galopa' );
insert into espece values ( 127,0,null,'Carabaffe' );
insert into espece values ( 128,null,null,'Flagadoss' );
insert into espece values ( 129,null,null,'Magnéton' );
insert into espece values ( 130,1,null,'Canarticho' );
insert into espece values ( 131,3,null,'Dodrio' );
insert into espece values ( 132,1,null,'Otaria' );
insert into espece values ( 133,8,null,'Tadmorv' );
insert into espece values ( 134,null,null,'Grotadmorv' );
insert into espece values ( 135,null,null,'Kokiyas' );
insert into espece values ( 136,8,null,'Crustabri' );
insert into espece values ( 137,11,null,'Spectrum' );
insert into espece values ( 138,2,null,'Ectoplasma' );
insert into espece values ( 139,null,null,'Soporifik' );
insert into espece values ( 140,14,null,'Hypnomade' );
insert into espece values ( 141,15,null,'Krabboss' );
insert into monstropoche values ( 0,'Paige14',null,1,1,14,57,38,45,32 );
insert into monstropoche values ( 1,'Juanita_Douglas',17,0,2,8,129,87,65,3 );
insert into monstropoche values ( 2,'Ewell.Hodkiewicz91',80,3,0,5,20,61,63,40 );
insert into monstropoche values ( 3,'Lori_Tillman',4,2,0,11,57,10,24,7 );
insert into monstropoche values ( 4,'Samara.Trantow35',3,2,1,1,141,7,93,2 );
insert into monstropoche values ( 5,'Kaya.Gislason',2,1,2,11,52,65,40,63 );
insert into monstropoche values ( 6,'Reinhold.Pagac',null,0,2,10,115,19,17,14 );
insert into monstropoche values ( 7,'Sean_Robel',11,3,2,8,23,59,86,13 );
insert into monstropoche values ( 8,'Maverick.Erdman95',88,0,1,7,60,28,74,19 );
insert into monstropoche values ( 9,'Demarcus.Braun',null,3,1,10,23,15,65,6 );
insert into monstropoche values ( 10,'Annabelle.Halvorson78',null,3,1,19,59,20,54,19 );
insert into monstropoche values ( 11,'Burnice82',94,1,0,4,37,95,52,58 );
insert into monstropoche values ( 12,'Wilhelmine_Collins',33,3,1,1,68,15,1,5 );
insert into monstropoche values ( 13,'Berry.Haley',null,0,1,13,127,6,44,4 );
insert into monstropoche values ( 14,'Allison.Bartoletti49',40,1,2,13,12,66,30,0 );
insert into monstropoche values ( 15,'Jolie68',41,0,2,2,61,64,17,1 );
insert into monstropoche values ( 16,'Trinity_Gerhold9',null,0,2,16,47,28,48,15 );
insert into monstropoche values ( 17,'Bettye.Mertz',null,2,2,3,54,44,98,12 );
insert into monstropoche values ( 18,'Enrico_Trantow',null,3,0,18,101,89,81,11 );
insert into monstropoche values ( 19,'Mikayla_Heller',null,3,0,10,67,62,39,27 );
insert into monstropoche values ( 20,'Roselyn_Hansen',null,2,0,13,13,59,26,54 );
insert into monstropoche values ( 21,'Osbaldo.Aufderhar',null,3,0,17,141,48,45,40 );
insert into monstropoche values ( 22,'Justine.Morar',58,0,1,8,139,92,3,67 );
insert into monstropoche values ( 23,'Myrna.Bode98',null,1,1,15,46,7,10,1 );
insert into monstropoche values ( 24,'Presley28',71,0,0,10,106,89,57,85 );
insert into monstropoche values ( 25,'Cecile.Stamm',null,0,0,6,38,59,92,27 );
insert into monstropoche values ( 26,'Grayson_Gaylord',null,0,0,0,84,79,97,64 );
insert into monstropoche values ( 27,'Ned96',null,1,2,11,56,82,83,25 );
insert into monstropoche values ( 28,'Erika_Rodriguez8',null,3,0,11,111,9,56,9 );
insert into monstropoche values ( 29,'Lilla72',null,0,0,17,32,93,42,10 );
insert into monstropoche values ( 30,'Electa_Flatley88',68,3,0,6,95,55,37,31 );
insert into monstropoche values ( 31,'Rhiannon_Quigley58',73,1,1,5,83,55,74,39 );
insert into monstropoche values ( 32,'Dax.Wisoky42',30,1,2,17,138,85,4,24 );
insert into monstropoche values ( 33,'Oswaldo29',59,3,2,14,116,26,69,18 );
insert into monstropoche values ( 34,'Merl_Hartmann99',74,2,2,16,39,72,86,68 );
insert into monstropoche values ( 35,'Laisha.Legros',79,0,1,5,6,20,7,2 );
insert into monstropoche values ( 36,'Lourdes_Dickinson34',89,3,1,13,46,2,53,1 );
insert into monstropoche values ( 37,'Emely_Huel15',null,1,2,2,91,80,38,29 );
insert into monstropoche values ( 38,'Roxanne77',15,2,2,12,13,19,16,11 );
insert into monstropoche values ( 39,'Cheyanne82',8,0,1,6,101,87,60,60 );
insert into monstropoche values ( 40,'Fabiola.Nader',71,3,2,0,100,49,95,3 );
insert into monstropoche values ( 41,'Breanne53',80,0,2,19,10,48,52,1 );
insert into monstropoche values ( 42,'Daphnee.Kirlin61',44,2,2,16,103,82,83,73 );
insert into monstropoche values ( 43,'Austyn.Mayert55',72,3,0,12,3,71,18,29 );
insert into monstropoche values ( 44,'Mervin1',null,3,0,4,92,70,45,38 );
insert into monstropoche values ( 45,'Kailey47',null,1,0,4,126,68,35,28 );
insert into monstropoche values ( 46,'Willy72',97,2,0,7,33,15,74,14 );
insert into monstropoche values ( 47,'Eileen_Quigley',null,0,0,8,62,28,40,22 );
insert into monstropoche values ( 48,'Mina62',null,0,1,6,76,9,94,5 );
insert into monstropoche values ( 49,'Glen.Bogan63',79,1,2,18,80,13,86,2 );
insert into monstropoche values ( 50,'Berneice.Senger',null,0,2,6,133,85,28,50 );
insert into monstropoche values ( 51,'Lila77',null,2,0,16,71,76,58,64 );
insert into monstropoche values ( 52,'Fae.Murphy',22,2,1,2,52,87,94,86 );
insert into monstropoche values ( 53,'Guiseppe_VonRueden0',null,3,0,18,15,79,36,76 );
insert into monstropoche values ( 54,'Zoe82',null,2,2,5,99,59,84,36 );
insert into monstropoche values ( 55,'Garnet43',95,2,2,17,79,44,96,36 );
insert into monstropoche values ( 56,'Beulah.Gorczany',null,0,2,10,30,17,38,4 );
insert into monstropoche values ( 57,'Nikita.Weber',null,0,0,18,113,11,79,2 );
insert into monstropoche values ( 58,'Eloy83',null,3,1,1,8,35,65,25 );
insert into monstropoche values ( 59,'Milo.Nicolas',81,2,0,17,55,57,18,39 );
insert into monstropoche values ( 60,'Alessandra25',10,2,1,10,75,17,5,11 );
insert into monstropoche values ( 61,'Karolann.Friesen94',null,3,0,12,113,32,78,0 );
insert into monstropoche values ( 62,'Federico.Wyman',27,2,2,14,71,74,92,61 );
insert into monstropoche values ( 63,'Alec_Kohler26',null,1,0,12,116,1,36,0 );
insert into monstropoche values ( 64,'Margaretta.Wehner',91,2,2,12,32,25,93,21 );
insert into monstropoche values ( 65,'Turner68',null,3,0,11,80,97,96,38 );
insert into monstropoche values ( 66,'Leanna.Christiansen39',null,1,0,13,62,62,27,37 );
insert into monstropoche values ( 67,'Dameon19',null,1,2,11,104,74,11,43 );
insert into monstropoche values ( 68,'Jonatan_Simonis33',17,2,2,2,38,50,42,26 );
insert into monstropoche values ( 69,'Lessie96',89,2,0,16,33,80,74,33 );
insert into monstropoche values ( 70,'Elvis50',64,0,0,8,37,91,29,76 );
insert into monstropoche values ( 71,'Lennie41',26,2,1,11,67,61,48,53 );
insert into monstropoche values ( 72,'Jewell_Grant14',91,0,2,0,38,47,83,39 );
insert into monstropoche values ( 73,'Mariah_Prohaska',null,0,1,0,78,21,28,8 );
insert into monstropoche values ( 74,'Nels2',null,3,0,1,49,39,66,38 );
insert into monstropoche values ( 75,'Jay38',54,2,0,8,11,51,31,49 );
insert into monstropoche values ( 76,'Freida37',25,3,1,17,70,30,59,18 );
insert into monstropoche values ( 77,'Angelica_Wintheiser',null,0,0,3,38,21,97,13 );
insert into monstropoche values ( 78,'Chelsey78',null,0,1,15,5,98,0,11 );
insert into monstropoche values ( 79,'Betty.Boyle',43,2,2,0,114,10,39,9 );
insert into monstropoche values ( 80,'Otilia26',12,3,0,0,140,80,64,20 );
insert into monstropoche values ( 81,'Mackenzie_Tremblay7',null,3,1,4,17,27,21,18 );
insert into monstropoche values ( 82,'Robert.Sauer',58,3,0,4,58,95,78,88 );
insert into monstropoche values ( 83,'Mack.Sauer',70,3,2,11,95,33,0,23 );
insert into monstropoche values ( 84,'Leopoldo.Kemmer',56,2,0,13,132,34,23,24 );
insert into monstropoche values ( 85,'Otha59',98,3,0,14,23,39,58,17 );
insert into monstropoche values ( 86,'Christopher_Weissnat',null,3,1,15,108,28,34,7 );
insert into monstropoche values ( 87,'Martin.Daniel',null,2,1,11,25,50,13,1 );
insert into monstropoche values ( 88,'Eve.Welch',null,1,2,5,82,56,74,5 );
insert into monstropoche values ( 89,'Lily62',98,1,2,17,109,65,82,65 );
insert into monstropoche values ( 90,'Jennie57',71,3,2,19,80,82,1,14 );
insert into monstropoche values ( 91,'America_Marvin20',36,3,1,6,132,38,93,29 );
insert into monstropoche values ( 92,'Bradly.Howe14',null,1,0,1,52,53,50,23 );
insert into monstropoche values ( 93,'Eldora_Hauck',null,0,1,6,60,54,23,35 );
insert into monstropoche values ( 94,'Harvey36',46,2,1,11,101,66,42,28 );
insert into monstropoche values ( 95,'Sharon42',24,2,2,6,117,61,76,8 );
insert into monstropoche values ( 96,'Imogene84',null,0,0,1,108,84,47,55 );
insert into monstropoche values ( 97,'Frieda_Bergnaum',15,1,2,12,47,41,61,18 );
insert into monstropoche values ( 98,'Abelardo_Kilback62',87,3,1,15,58,73,49,63 );
insert into monstropoche values ( 99,'Aliyah_Wintheiser',4,0,1,11,83,54,100,29 );
insert into objet_zone values ( 0,61 );
insert into objet_zone values ( 1,39 );
insert into objet_zone values ( 2,9 );
insert into objet_zone values ( 3,18 );
insert into objet_zone values ( 4,30 );
insert into objet_zone values ( 5,37 );
insert into objet_zone values ( 6,38 );
insert into objet_zone values ( 7,39 );
insert into objet_zone values ( 8,68 );
insert into objet_zone values ( 9,65 );
insert into objet_zone values ( 10,2 );
insert into objet_zone values ( 11,28 );
insert into objet_zone values ( 12,57 );
insert into objet_zone values ( 13,45 );
insert into objet_zone values ( 14,54 );
insert into objet_zone values ( 15,0 );
insert into objet_zone values ( 16,76 );
insert into objet_zone values ( 17,8 );
insert into objet_zone values ( 18,38 );
insert into objet_zone values ( 19,58 );
insert into objet_zone values ( 5,0 );
insert into objet_zone values ( 7,1 );
insert into objet_zone values ( 14,2 );
insert into objet_zone values ( 16,3 );
insert into objet_zone values ( 9,4 );
insert into objet_zone values ( 7,5 );
insert into objet_zone values ( 17,6 );
insert into objet_zone values ( 14,7 );
insert into objet_zone values ( 15,8 );
insert into objet_zone values ( 3,9 );
insert into objet_zone values ( 18,10 );
insert into objet_zone values ( 4,11 );
insert into objet_zone values ( 18,12 );
insert into objet_zone values ( 12,13 );
insert into objet_zone values ( 16,14 );
insert into objet_zone values ( 9,15 );
insert into objet_zone values ( 18,16 );
insert into objet_zone values ( 15,17 );
insert into objet_zone values ( 15,18 );
insert into objet_zone values ( 0,19 );
insert into objet_zone values ( 13,20 );
insert into objet_zone values ( 18,21 );
insert into objet_zone values ( 12,22 );
insert into objet_zone values ( 13,23 );
insert into objet_zone values ( 18,24 );
insert into objet_zone values ( 9,25 );
insert into objet_zone values ( 16,26 );
insert into objet_zone values ( 1,27 );
insert into objet_zone values ( 0,29 );
insert into objet_zone values ( 9,30 );
insert into objet_zone values ( 12,31 );
insert into objet_zone values ( 11,32 );
insert into objet_zone values ( 9,33 );
insert into objet_zone values ( 3,34 );
insert into objet_zone values ( 19,35 );
insert into objet_zone values ( 15,36 );
insert into objet_zone values ( 7,37 );
insert into objet_zone values ( 12,38 );
insert into objet_zone values ( 4,39 );
insert into objet_zone values ( 2,40 );
insert into objet_zone values ( 19,41 );
insert into objet_zone values ( 19,42 );
insert into objet_zone values ( 2,43 );
insert into objet_zone values ( 17,44 );
insert into objet_zone values ( 3,45 );
insert into objet_zone values ( 2,46 );
insert into objet_zone values ( 12,47 );
insert into objet_zone values ( 17,48 );
insert into objet_zone values ( 6,49 );
insert into objet_zone values ( 18,50 );
insert into objet_zone values ( 19,51 );
insert into objet_zone values ( 0,52 );
insert into objet_zone values ( 9,53 );
insert into objet_zone values ( 7,54 );
insert into objet_zone values ( 6,55 );
insert into objet_zone values ( 9,56 );
insert into objet_zone values ( 10,57 );
insert into objet_zone values ( 10,58 );
insert into objet_zone values ( 3,59 );
insert into objet_zone values ( 12,60 );
insert into objet_zone values ( 13,61 );
insert into objet_zone values ( 14,62 );
insert into objet_zone values ( 17,63 );
insert into objet_zone values ( 13,64 );
insert into objet_zone values ( 14,65 );
insert into objet_zone values ( 3,66 );
insert into objet_zone values ( 2,67 );
insert into objet_zone values ( 1,68 );
insert into objet_zone values ( 4,69 );
insert into objet_zone values ( 19,70 );
insert into objet_zone values ( 10,71 );
insert into objet_zone values ( 7,72 );
insert into objet_zone values ( 4,73 );
insert into objet_zone values ( 6,74 );
insert into objet_zone values ( 11,75 );
insert into objet_zone values ( 0,76 );
insert into objet_zone values ( 13,77 );
insert into objet_zone values ( 5,78 );
insert into objet_zone values ( 0,79 );
insert into espece_type values ( 0,8 );
insert into espece_type values ( 1,1 );
insert into espece_type values ( 2,4 );
insert into espece_type values ( 3,1 );
insert into espece_type values ( 4,16 );
insert into espece_type values ( 5,4 );
insert into espece_type values ( 6,13 );
insert into espece_type values ( 7,12 );
insert into espece_type values ( 8,15 );
insert into espece_type values ( 9,14 );
insert into espece_type values ( 10,11 );
insert into espece_type values ( 11,4 );
insert into espece_type values ( 12,2 );
insert into espece_type values ( 13,3 );
insert into espece_type values ( 14,4 );
insert into espece_type values ( 15,11 );
insert into espece_type values ( 16,12 );
insert into espece_type values ( 17,3 );
insert into espece_type values ( 18,13 );
insert into espece_type values ( 19,11 );
insert into espece_type values ( 20,3 );
insert into espece_type values ( 21,8 );
insert into espece_type values ( 22,5 );
insert into espece_type values ( 23,14 );
insert into espece_type values ( 24,16 );
insert into espece_type values ( 25,0 );
insert into espece_type values ( 26,7 );
insert into espece_type values ( 27,11 );
insert into espece_type values ( 28,11 );
insert into espece_type values ( 29,9 );
insert into espece_type values ( 30,8 );
insert into espece_type values ( 31,12 );
insert into espece_type values ( 32,10 );
insert into espece_type values ( 33,11 );
insert into espece_type values ( 34,8 );
insert into espece_type values ( 35,16 );
insert into espece_type values ( 36,15 );
insert into espece_type values ( 37,14 );
insert into espece_type values ( 38,16 );
insert into espece_type values ( 39,9 );
insert into espece_type values ( 40,14 );
insert into espece_type values ( 41,10 );
insert into espece_type values ( 42,2 );
insert into espece_type values ( 43,8 );
insert into espece_type values ( 44,2 );
insert into espece_type values ( 45,2 );
insert into espece_type values ( 46,11 );
insert into espece_type values ( 47,1 );
insert into espece_type values ( 48,15 );
insert into espece_type values ( 49,2 );
insert into espece_type values ( 50,14 );
insert into espece_type values ( 51,1 );
insert into espece_type values ( 52,4 );
insert into espece_type values ( 53,8 );
insert into espece_type values ( 54,6 );
insert into espece_type values ( 55,1 );
insert into espece_type values ( 56,7 );
insert into espece_type values ( 57,14 );
insert into espece_type values ( 58,1 );
insert into espece_type values ( 59,2 );
insert into espece_type values ( 60,9 );
insert into espece_type values ( 61,3 );
insert into espece_type values ( 62,8 );
insert into espece_type values ( 63,8 );
insert into espece_type values ( 64,9 );
insert into espece_type values ( 65,4 );
insert into espece_type values ( 66,3 );
insert into espece_type values ( 67,6 );
insert into espece_type values ( 68,3 );
insert into espece_type values ( 69,12 );
insert into espece_type values ( 70,7 );
insert into espece_type values ( 71,13 );
insert into espece_type values ( 72,8 );
insert into espece_type values ( 73,2 );
insert into espece_type values ( 74,4 );
insert into espece_type values ( 75,1 );
insert into espece_type values ( 76,1 );
insert into espece_type values ( 77,15 );
insert into espece_type values ( 78,13 );
insert into espece_type values ( 79,11 );
insert into espece_type values ( 80,8 );
insert into espece_type values ( 81,6 );
insert into espece_type values ( 82,14 );
insert into espece_type values ( 83,4 );
insert into espece_type values ( 84,2 );
insert into espece_type values ( 85,7 );
insert into espece_type values ( 86,16 );
insert into espece_type values ( 87,12 );
insert into espece_type values ( 88,5 );
insert into espece_type values ( 89,15 );
insert into espece_type values ( 90,8 );
insert into espece_type values ( 91,0 );
insert into espece_type values ( 92,6 );
insert into espece_type values ( 93,2 );
insert into espece_type values ( 94,14 );
insert into espece_type values ( 95,13 );
insert into espece_type values ( 96,6 );
insert into espece_type values ( 97,8 );
insert into espece_type values ( 98,11 );
insert into espece_type values ( 99,2 );
insert into espece_type values ( 100,10 );
insert into espece_type values ( 101,15 );
insert into espece_type values ( 102,6 );
insert into espece_type values ( 103,10 );
insert into espece_type values ( 104,16 );
insert into espece_type values ( 105,10 );
insert into espece_type values ( 106,8 );
insert into espece_type values ( 107,6 );
insert into espece_type values ( 108,2 );
insert into espece_type values ( 109,6 );
insert into espece_type values ( 110,3 );
insert into espece_type values ( 111,4 );
insert into espece_type values ( 112,1 );
insert into espece_type values ( 113,6 );
insert into espece_type values ( 114,8 );
insert into espece_type values ( 115,15 );
insert into espece_type values ( 116,7 );
insert into espece_type values ( 117,1 );
insert into espece_type values ( 118,2 );
insert into espece_type values ( 119,0 );
insert into espece_type values ( 120,6 );
insert into espece_type values ( 121,2 );
insert into espece_type values ( 122,8 );
insert into espece_type values ( 123,11 );
insert into espece_type values ( 124,13 );
insert into espece_type values ( 125,2 );
insert into espece_type values ( 126,3 );
insert into espece_type values ( 127,5 );
insert into espece_type values ( 128,9 );
insert into espece_type values ( 129,3 );
insert into espece_type values ( 130,13 );
insert into espece_type values ( 131,15 );
insert into espece_type values ( 132,8 );
insert into espece_type values ( 133,11 );
insert into espece_type values ( 134,1 );
insert into espece_type values ( 135,9 );
insert into espece_type values ( 136,10 );
insert into espece_type values ( 137,3 );
insert into espece_type values ( 138,7 );
insert into espece_type values ( 139,7 );
insert into espece_type values ( 140,16 );
insert into espece_type values ( 141,8 );
insert into espece_type values ( 3,0 );
insert into espece_type values ( 10,1 );
insert into espece_type values ( 116,2 );
insert into espece_type values ( 41,3 );
insert into espece_type values ( 81,4 );
insert into espece_type values ( 131,5 );
insert into espece_type values ( 24,6 );
insert into espece_type values ( 135,8 );
insert into espece_type values ( 3,9 );
insert into espece_type values ( 75,10 );
insert into espece_type values ( 137,11 );
insert into espece_type values ( 42,12 );
insert into espece_type values ( 98,13 );
insert into espece_type values ( 140,14 );
insert into espece_type values ( 121,15 );
insert into espece_type values ( 132,16 );
insert into espece_zone values ( 0,46 );
insert into espece_zone values ( 1,24 );
insert into espece_zone values ( 2,50 );
insert into espece_zone values ( 3,17 );
insert into espece_zone values ( 4,37 );
insert into espece_zone values ( 5,53 );
insert into espece_zone values ( 6,79 );
insert into espece_zone values ( 7,30 );
insert into espece_zone values ( 8,71 );
insert into espece_zone values ( 9,4 );
insert into espece_zone values ( 10,16 );
insert into espece_zone values ( 11,1 );
insert into espece_zone values ( 12,65 );
insert into espece_zone values ( 13,73 );
insert into espece_zone values ( 14,19 );
insert into espece_zone values ( 15,36 );
insert into espece_zone values ( 16,28 );
insert into espece_zone values ( 17,69 );
insert into espece_zone values ( 18,29 );
insert into espece_zone values ( 19,76 );
insert into espece_zone values ( 20,14 );
insert into espece_zone values ( 21,50 );
insert into espece_zone values ( 22,69 );
insert into espece_zone values ( 23,14 );
insert into espece_zone values ( 24,79 );
insert into espece_zone values ( 25,7 );
insert into espece_zone values ( 26,46 );
insert into espece_zone values ( 27,32 );
insert into espece_zone values ( 28,31 );
insert into espece_zone values ( 29,77 );
insert into espece_zone values ( 30,9 );
insert into espece_zone values ( 31,40 );
insert into espece_zone values ( 32,36 );
insert into espece_zone values ( 33,16 );
insert into espece_zone values ( 34,76 );
insert into espece_zone values ( 35,17 );
insert into espece_zone values ( 36,8 );
insert into espece_zone values ( 37,20 );
insert into espece_zone values ( 38,7 );
insert into espece_zone values ( 39,8 );
insert into espece_zone values ( 40,14 );
insert into espece_zone values ( 41,8 );
insert into espece_zone values ( 42,60 );
insert into espece_zone values ( 43,66 );
insert into espece_zone values ( 44,42 );
insert into espece_zone values ( 45,39 );
insert into espece_zone values ( 46,10 );
insert into espece_zone values ( 47,70 );
insert into espece_zone values ( 48,0 );
insert into espece_zone values ( 49,26 );
insert into espece_zone values ( 50,79 );
insert into espece_zone values ( 51,1 );
insert into espece_zone values ( 52,22 );
insert into espece_zone values ( 53,36 );
insert into espece_zone values ( 54,40 );
insert into espece_zone values ( 55,43 );
insert into espece_zone values ( 56,41 );
insert into espece_zone values ( 57,20 );
insert into espece_zone values ( 58,39 );
insert into espece_zone values ( 59,40 );
insert into espece_zone values ( 60,45 );
insert into espece_zone values ( 61,18 );
insert into espece_zone values ( 62,63 );
insert into espece_zone values ( 63,54 );
insert into espece_zone values ( 64,40 );
insert into espece_zone values ( 65,54 );
insert into espece_zone values ( 66,43 );
insert into espece_zone values ( 67,29 );
insert into espece_zone values ( 68,50 );
insert into espece_zone values ( 69,47 );
insert into espece_zone values ( 70,51 );
insert into espece_zone values ( 71,58 );
insert into espece_zone values ( 72,5 );
insert into espece_zone values ( 73,39 );
insert into espece_zone values ( 74,63 );
insert into espece_zone values ( 75,53 );
insert into espece_zone values ( 76,20 );
insert into espece_zone values ( 77,39 );
insert into espece_zone values ( 78,36 );
insert into espece_zone values ( 79,71 );
insert into espece_zone values ( 80,65 );
insert into espece_zone values ( 81,43 );
insert into espece_zone values ( 82,21 );
insert into espece_zone values ( 83,33 );
insert into espece_zone values ( 84,16 );
insert into espece_zone values ( 85,66 );
insert into espece_zone values ( 86,20 );
insert into espece_zone values ( 87,8 );
insert into espece_zone values ( 88,47 );
insert into espece_zone values ( 89,37 );
insert into espece_zone values ( 90,54 );
insert into espece_zone values ( 91,36 );
insert into espece_zone values ( 92,79 );
insert into espece_zone values ( 93,40 );
insert into espece_zone values ( 94,1 );
insert into espece_zone values ( 95,23 );
insert into espece_zone values ( 96,25 );
insert into espece_zone values ( 97,16 );
insert into espece_zone values ( 98,5 );
insert into espece_zone values ( 99,33 );
insert into espece_zone values ( 100,62 );
insert into espece_zone values ( 101,6 );
insert into espece_zone values ( 102,67 );
insert into espece_zone values ( 103,61 );
insert into espece_zone values ( 104,15 );
insert into espece_zone values ( 105,16 );
insert into espece_zone values ( 106,9 );
insert into espece_zone values ( 107,72 );
insert into espece_zone values ( 108,27 );
insert into espece_zone values ( 109,45 );
insert into espece_zone values ( 110,39 );
insert into espece_zone values ( 111,61 );
insert into espece_zone values ( 112,48 );
insert into espece_zone values ( 113,7 );
insert into espece_zone values ( 114,74 );
insert into espece_zone values ( 115,34 );
insert into espece_zone values ( 116,48 );
insert into espece_zone values ( 117,18 );
insert into espece_zone values ( 118,7 );
insert into espece_zone values ( 119,44 );
insert into espece_zone values ( 120,74 );
insert into espece_zone values ( 121,52 );
insert into espece_zone values ( 122,3 );
insert into espece_zone values ( 123,15 );
insert into espece_zone values ( 124,36 );
insert into espece_zone values ( 125,57 );
insert into espece_zone values ( 126,25 );
insert into espece_zone values ( 127,40 );
insert into espece_zone values ( 128,43 );
insert into espece_zone values ( 129,48 );
insert into espece_zone values ( 130,59 );
insert into espece_zone values ( 131,62 );
insert into espece_zone values ( 132,14 );
insert into espece_zone values ( 133,69 );
insert into espece_zone values ( 134,32 );
insert into espece_zone values ( 135,64 );
insert into espece_zone values ( 136,43 );
insert into espece_zone values ( 137,9 );
insert into espece_zone values ( 138,16 );
insert into espece_zone values ( 139,69 );
insert into espece_zone values ( 140,56 );
insert into espece_zone values ( 141,52 );
insert into espece_zone values ( 21,0 );
insert into espece_zone values ( 84,1 );
insert into espece_zone values ( 71,2 );
insert into espece_zone values ( 61,3 );
insert into espece_zone values ( 80,4 );
insert into espece_zone values ( 47,5 );
insert into espece_zone values ( 116,6 );
insert into espece_zone values ( 47,7 );
insert into espece_zone values ( 130,8 );
insert into espece_zone values ( 80,9 );
insert into espece_zone values ( 31,10 );
insert into espece_zone values ( 86,11 );
insert into espece_zone values ( 110,12 );
insert into espece_zone values ( 86,13 );
insert into espece_zone values ( 134,14 );
insert into espece_zone values ( 60,15 );
insert into espece_zone values ( 116,16 );
insert into espece_zone values ( 124,17 );
insert into espece_zone values ( 33,18 );
insert into espece_zone values ( 122,19 );
insert into espece_zone values ( 90,20 );
insert into espece_zone values ( 55,21 );
insert into espece_zone values ( 20,22 );
insert into espece_zone values ( 92,23 );
insert into espece_zone values ( 46,24 );
insert into espece_zone values ( 7,25 );
insert into espece_zone values ( 117,26 );
insert into espece_zone values ( 136,27 );
insert into espece_zone values ( 45,28 );
insert into espece_zone values ( 84,29 );
insert into espece_zone values ( 136,30 );
insert into espece_zone values ( 30,31 );
insert into espece_zone values ( 112,32 );
insert into espece_zone values ( 41,33 );
insert into espece_zone values ( 90,34 );
insert into espece_zone values ( 141,35 );
insert into espece_zone values ( 19,36 );
insert into espece_zone values ( 120,37 );
insert into espece_zone values ( 93,38 );
insert into espece_zone values ( 11,39 );
insert into espece_zone values ( 50,40 );
insert into espece_zone values ( 22,41 );
insert into espece_zone values ( 75,42 );
insert into espece_zone values ( 40,43 );
insert into espece_zone values ( 58,44 );
insert into espece_zone values ( 83,45 );
insert into espece_zone values ( 84,46 );
insert into espece_zone values ( 99,47 );
insert into espece_zone values ( 8,48 );
insert into espece_zone values ( 137,49 );
insert into espece_zone values ( 77,50 );
insert into espece_zone values ( 8,51 );
insert into espece_zone values ( 112,52 );
insert into espece_zone values ( 133,53 );
insert into espece_zone values ( 130,54 );
insert into espece_zone values ( 13,55 );
insert into espece_zone values ( 127,56 );
insert into espece_zone values ( 83,57 );
insert into espece_zone values ( 133,58 );
insert into espece_zone values ( 22,59 );
insert into espece_zone values ( 123,60 );
insert into espece_zone values ( 81,61 );
insert into espece_zone values ( 75,62 );
insert into espece_zone values ( 123,63 );
insert into espece_zone values ( 71,64 );
insert into espece_zone values ( 117,65 );
insert into espece_zone values ( 22,66 );
insert into espece_zone values ( 75,67 );
insert into espece_zone values ( 129,68 );
insert into espece_zone values ( 38,69 );
insert into espece_zone values ( 107,70 );
insert into espece_zone values ( 69,71 );
insert into espece_zone values ( 100,72 );
insert into espece_zone values ( 83,73 );
insert into espece_zone values ( 88,74 );
insert into espece_zone values ( 48,75 );
insert into espece_zone values ( 32,76 );
insert into espece_zone values ( 17,77 );
insert into espece_zone values ( 61,78 );
insert into espece_zone values ( 132,79 );
insert into monstropoche_attaque values ( 0,28 );
insert into monstropoche_attaque values ( 1,15 );
insert into monstropoche_attaque values ( 2,6 );
insert into monstropoche_attaque values ( 3,2 );
insert into monstropoche_attaque values ( 4,19 );
insert into monstropoche_attaque values ( 5,24 );
insert into monstropoche_attaque values ( 6,10 );
insert into monstropoche_attaque values ( 7,1 );
insert into monstropoche_attaque values ( 8,10 );
insert into monstropoche_attaque values ( 9,19 );
insert into monstropoche_attaque values ( 10,19 );
insert into monstropoche_attaque values ( 11,25 );
insert into monstropoche_attaque values ( 12,17 );
insert into monstropoche_attaque values ( 13,13 );
insert into monstropoche_attaque values ( 14,20 );
insert into monstropoche_attaque values ( 15,12 );
insert into monstropoche_attaque values ( 16,27 );
insert into monstropoche_attaque values ( 17,3 );
insert into monstropoche_attaque values ( 18,4 );
insert into monstropoche_attaque values ( 19,28 );
insert into monstropoche_attaque values ( 20,18 );
insert into monstropoche_attaque values ( 21,18 );
insert into monstropoche_attaque values ( 22,23 );
insert into monstropoche_attaque values ( 23,17 );
insert into monstropoche_attaque values ( 24,28 );
insert into monstropoche_attaque values ( 25,1 );
insert into monstropoche_attaque values ( 26,28 );
insert into monstropoche_attaque values ( 27,15 );
insert into monstropoche_attaque values ( 28,15 );
insert into monstropoche_attaque values ( 29,14 );
insert into monstropoche_attaque values ( 30,21 );
insert into monstropoche_attaque values ( 31,11 );
insert into monstropoche_attaque values ( 32,8 );
insert into monstropoche_attaque values ( 33,8 );
insert into monstropoche_attaque values ( 34,11 );
insert into monstropoche_attaque values ( 35,9 );
insert into monstropoche_attaque values ( 36,6 );
insert into monstropoche_attaque values ( 37,2 );
insert into monstropoche_attaque values ( 38,22 );
insert into monstropoche_attaque values ( 39,25 );
insert into monstropoche_attaque values ( 40,12 );
insert into monstropoche_attaque values ( 41,9 );
insert into monstropoche_attaque values ( 42,0 );
insert into monstropoche_attaque values ( 43,9 );
insert into monstropoche_attaque values ( 44,22 );
insert into monstropoche_attaque values ( 45,28 );
insert into monstropoche_attaque values ( 46,25 );
insert into monstropoche_attaque values ( 47,1 );
insert into monstropoche_attaque values ( 48,9 );
insert into monstropoche_attaque values ( 49,7 );
insert into monstropoche_attaque values ( 50,9 );
insert into monstropoche_attaque values ( 51,12 );
insert into monstropoche_attaque values ( 52,1 );
insert into monstropoche_attaque values ( 53,8 );
insert into monstropoche_attaque values ( 54,20 );
insert into monstropoche_attaque values ( 55,6 );
insert into monstropoche_attaque values ( 56,12 );
insert into monstropoche_attaque values ( 57,16 );
insert into monstropoche_attaque values ( 58,1 );
insert into monstropoche_attaque values ( 59,9 );
insert into monstropoche_attaque values ( 60,11 );
insert into monstropoche_attaque values ( 61,14 );
insert into monstropoche_attaque values ( 62,21 );
insert into monstropoche_attaque values ( 63,19 );
insert into monstropoche_attaque values ( 64,28 );
insert into monstropoche_attaque values ( 65,22 );
insert into monstropoche_attaque values ( 66,1 );
insert into monstropoche_attaque values ( 67,10 );
insert into monstropoche_attaque values ( 68,26 );
insert into monstropoche_attaque values ( 69,28 );
insert into monstropoche_attaque values ( 70,3 );
insert into monstropoche_attaque values ( 71,0 );
insert into monstropoche_attaque values ( 72,28 );
insert into monstropoche_attaque values ( 73,24 );
insert into monstropoche_attaque values ( 74,11 );
insert into monstropoche_attaque values ( 75,15 );
insert into monstropoche_attaque values ( 76,18 );
insert into monstropoche_attaque values ( 77,15 );
insert into monstropoche_attaque values ( 78,25 );
insert into monstropoche_attaque values ( 79,20 );
insert into monstropoche_attaque values ( 80,22 );
insert into monstropoche_attaque values ( 81,7 );
insert into monstropoche_attaque values ( 82,26 );
insert into monstropoche_attaque values ( 83,3 );
insert into monstropoche_attaque values ( 84,23 );
insert into monstropoche_attaque values ( 85,23 );
insert into monstropoche_attaque values ( 86,26 );
insert into monstropoche_attaque values ( 87,21 );
insert into monstropoche_attaque values ( 88,1 );
insert into monstropoche_attaque values ( 89,5 );
insert into monstropoche_attaque values ( 90,14 );
insert into monstropoche_attaque values ( 91,13 );
insert into monstropoche_attaque values ( 92,23 );
insert into monstropoche_attaque values ( 93,27 );
insert into monstropoche_attaque values ( 94,18 );
insert into monstropoche_attaque values ( 95,8 );
insert into monstropoche_attaque values ( 96,27 );
insert into monstropoche_attaque values ( 97,7 );
insert into monstropoche_attaque values ( 98,7 );
insert into monstropoche_attaque values ( 99,10 );
insert into monstropoche_attaque values ( 37,0 );
insert into monstropoche_attaque values ( 70,1 );
insert into monstropoche_attaque values ( 67,2 );
insert into monstropoche_attaque values ( 22,3 );
insert into monstropoche_attaque values ( 47,4 );
insert into monstropoche_attaque values ( 30,5 );
insert into monstropoche_attaque values ( 64,6 );
insert into monstropoche_attaque values ( 50,7 );
insert into monstropoche_attaque values ( 63,8 );
insert into monstropoche_attaque values ( 72,9 );
insert into monstropoche_attaque values ( 44,10 );
insert into monstropoche_attaque values ( 55,11 );
insert into monstropoche_attaque values ( 22,12 );
insert into monstropoche_attaque values ( 78,13 );
insert into monstropoche_attaque values ( 43,14 );
insert into monstropoche_attaque values ( 17,15 );
insert into monstropoche_attaque values ( 5,16 );
insert into monstropoche_attaque values ( 60,17 );
insert into monstropoche_attaque values ( 95,18 );
insert into monstropoche_attaque values ( 76,19 );
insert into monstropoche_attaque values ( 45,20 );
insert into monstropoche_attaque values ( 71,21 );
insert into monstropoche_attaque values ( 21,22 );
insert into monstropoche_attaque values ( 75,23 );
insert into monstropoche_attaque values ( 20,24 );
insert into monstropoche_attaque values ( 29,25 );
insert into monstropoche_attaque values ( 80,26 );
insert into monstropoche_attaque values ( 48,27 );
insert into monstropoche_attaque values ( 87,28 );
