drop table monstropoche_attaque;
drop table espece_zone;
drop table espece_type;
drop table objet_zone;
drop table monstropoche;
drop table espece;
drop table etat;
drop table genre;
drop table objet;
drop table zone;
drop table attaque;
drop table type;
drop table proprietaire;

create table proprietaire (id int not null, nom varchar(255) not null, primary key(id));
create table type (id int not null, nom varchar(255) not null, primary key(id));
create table attaque (id int not null, type_id int not null, nom varchar(255) not null, puissance int not null, perequis int not null, precizion int not null, constraint fk_attaque_type foreign key (type_id) references type(id), primary key(id));
create table zone (id int not null, nom varchar(255) not null, primary key(id));
create table objet (id int not null, nom varchar(255) not null, est_unique number(1) not null, est_defensif number(1), est_offensif number(1), primary key(id));
create table genre (id int not null, femelle number(1) not null, male number(1) not null, primary key(id));
create table etat (id int not null, nom varchar(255) not null, primary key(id));
create table espece (id int not null, objet_id int, source_id int, nom varchar(255) not null, constraint fk_espece_objet foreign key (objet_id) references objet(id), constraint fk_espece_espece foreign key (source_id) references espece(id), primary key(id));
create table monstropoche (id int not null, surnom varchar(255) not null, proprietaire_id int, genre_id int not null, etat_id int not null, objet_id int, espece_id int not null, pv int not null, pe int not null, pv_actuel int not null, constraint fk_monstropoche_proprietaire foreign key (proprietaire_id) references proprietaire(id), constraint fk_monstropoche_genre foreign key (genre_id) references genre(id), constraint fk_monstropoche_etat foreign key (etat_id) references etat(id), constraint fk_monstropoche_objet foreign key (objet_id) references objet(id), constraint fk_monstropoche_espece foreign key (espece_id) references espece(id), primary key(id));
create table objet_zone (objet_id int not null, zone_id int not null, constraint fk_objet_zone_objet foreign key (objet_id) references objet(id), constraint fk_objet_zone_zone foreign key (zone_id) references zone(id), primary key(objet_id, zone_id));
create table espece_type (espece_id int not null, type_id int not null, constraint fk_espece_type_espece foreign key (espece_id) references espece(id), constraint fk_espece_type_type foreign key (type_id) references type(id), primary key(espece_id, type_id));
create table espece_zone (espece_id int not null, zone_id int not null, constraint fk_espece_zone_espece foreign key (espece_id) references espece(id), constraint fk_espece_zone_zone foreign key (zone_id) references zone(id), primary key(espece_id, zone_id));
create table monstropoche_attaque (monstropoche_id int not null, attaque_id int not null, constraint fk_monstropoche_attaque_m foreign key (monstropoche_id) references monstropoche(id), constraint fk_monstropoche_attaque_a foreign key (attaque_id) references attaque(id), primary key(monstropoche_id, attaque_id));

delete from monstropoche_attaque;
delete from espece_zone;
delete from espece_type;
delete from objet_zone;
delete from monstropoche;
delete from espece;
delete from etat;
delete from type;
delete from genre;
delete from objet;
delete from attaque;
delete from zone;
delete from proprietaire;

insert into proprietaire values ( 0,'Océane Brun' );
insert into proprietaire values ( 1,'Mathéo Robin' );
insert into proprietaire values ( 2,'Marie Brunet' );
insert into proprietaire values ( 3,'Gabriel Durand' );
insert into proprietaire values ( 4,'Louis Rey' );
insert into proprietaire values ( 5,'Justine Julien' );
insert into proprietaire values ( 6,'Lou Lemoine' );
insert into proprietaire values ( 7,'Célia Moreau' );
insert into proprietaire values ( 8,'Mathis Poirier' );
insert into proprietaire values ( 9,'Justine Renaud II' );
insert into proprietaire values ( 10,'Antoine Aubry' );
insert into proprietaire values ( 11,'Kylian Lambert' );
insert into proprietaire values ( 12,'Maeva Carpentier' );
insert into proprietaire values ( 13,'Valentin Caron' );
insert into proprietaire values ( 14,'Louis Berger' );
insert into proprietaire values ( 15,'Carla Louis' );
insert into proprietaire values ( 16,'Prof Maxence Boyer' );
insert into proprietaire values ( 17,'Antoine Cousin' );
insert into proprietaire values ( 18,'Mlle Valentin Roche' );
insert into proprietaire values ( 19,'Alexandre Guillot' );
insert into proprietaire values ( 20,'Lisa Mercier' );
insert into proprietaire values ( 21,'Zoe Lefebvre V' );
insert into proprietaire values ( 22,'Alexis Roche' );
insert into proprietaire values ( 23,'Carla Laurent' );
insert into proprietaire values ( 24,'Sacha Richard' );
insert into proprietaire values ( 25,'Thomas Faure DVM' );
insert into proprietaire values ( 26,'Ethan Perrin' );
insert into proprietaire values ( 27,'Juliette Schneider' );
insert into proprietaire values ( 28,'Louis Legrand' );
insert into proprietaire values ( 29,'Mattéo Lecomte' );
insert into proprietaire values ( 30,'Lina Aubry PhD' );
insert into proprietaire values ( 31,'Dr Lucas Brunet' );
insert into proprietaire values ( 32,'Noa Renard' );
insert into proprietaire values ( 33,'Nicolas Aubert' );
insert into proprietaire values ( 34,'Jules Roger' );
insert into proprietaire values ( 35,'Louna Dupuy' );
insert into proprietaire values ( 36,'Sarah Brun PhD' );
insert into proprietaire values ( 37,'Nathan Brunet' );
insert into proprietaire values ( 38,'Océane Vasseur' );
insert into proprietaire values ( 39,'Noah Guyot' );
insert into proprietaire values ( 40,'Antoine Rolland' );
insert into proprietaire values ( 41,'Valentin Carre' );
insert into proprietaire values ( 42,'Gabriel Meyer' );
insert into proprietaire values ( 43,'Evan Thomas' );
insert into proprietaire values ( 44,'Jules Blanc' );
insert into proprietaire values ( 45,'Lisa Bourgeois' );
insert into proprietaire values ( 46,'Arthur Pierre' );
insert into proprietaire values ( 47,'Carla Deschamps' );
insert into proprietaire values ( 48,'Lola Dupuy' );
insert into proprietaire values ( 49,'Louis Baron IV' );
insert into proprietaire values ( 50,'Lina Fleury' );
insert into proprietaire values ( 51,'M Mathéo Lemoine' );
insert into proprietaire values ( 52,'Alice Dupuy' );
insert into proprietaire values ( 53,'Ines Mercier' );
insert into proprietaire values ( 54,'Prof Antoine Brun' );
insert into proprietaire values ( 55,'Nathan Le gall' );
insert into proprietaire values ( 56,'Ambre Lopez' );
insert into proprietaire values ( 57,'Mathéo Renault' );
insert into proprietaire values ( 58,'Camille Denis' );
insert into proprietaire values ( 59,'Axel Huet' );
insert into proprietaire values ( 60,'Mme Mélissa Gauthier' );
insert into proprietaire values ( 61,'Benjamin Guerin' );
insert into proprietaire values ( 62,'Marie Perez' );
insert into proprietaire values ( 63,'Tom Morin' );
insert into proprietaire values ( 64,'Théo Schneider' );
insert into proprietaire values ( 65,'Rayan Dufour' );
insert into proprietaire values ( 66,'Quentin Lacroix' );
insert into proprietaire values ( 67,'Nicolas Andre' );
insert into proprietaire values ( 68,'Lucie Girard' );
insert into proprietaire values ( 69,'Louna Leroux' );
insert into proprietaire values ( 70,'Julie Meunier' );
insert into proprietaire values ( 71,'Romane Riviere' );
insert into proprietaire values ( 72,'Lola Vasseur' );
insert into proprietaire values ( 73,'Mlle Yanis Fontaine' );
insert into proprietaire values ( 74,'Charlotte Legrand Jr.' );
insert into proprietaire values ( 75,'Mlle Enzo Bernard' );
insert into proprietaire values ( 76,'Raphaël Jacquet' );
insert into proprietaire values ( 77,'Nicolas Robert' );
insert into proprietaire values ( 78,'Alice Boyer' );
insert into proprietaire values ( 79,'Mohamed Muller' );
insert into proprietaire values ( 80,'M Thomas Louis' );
insert into proprietaire values ( 81,'Léa Moulin' );
insert into proprietaire values ( 82,'Charlotte Leclerc' );
insert into proprietaire values ( 83,'Lilou Lefebvre' );
insert into proprietaire values ( 84,'M Célia Richard' );
insert into proprietaire values ( 85,'Emilie Andre' );
insert into proprietaire values ( 86,'Baptiste Charpentier PhD' );
insert into proprietaire values ( 87,'Romane Maillard' );
insert into proprietaire values ( 88,'Zoe Roy' );
insert into proprietaire values ( 89,'Chloé Muller' );
insert into proprietaire values ( 90,'Arthur Joly' );
insert into proprietaire values ( 91,'Jules Leroy' );
insert into proprietaire values ( 92,'Océane Bourgeois' );
insert into proprietaire values ( 93,'Anaïs Guerin' );
insert into proprietaire values ( 94,'Arthur Perrot' );
insert into proprietaire values ( 95,'Gabriel Barre' );
insert into proprietaire values ( 96,'Océane Fleury' );
insert into proprietaire values ( 97,'Enzo Bourgeois' );
insert into proprietaire values ( 98,'Evan Renault' );
insert into proprietaire values ( 99,'Eva Meyer' );
insert into type values ( 0,'Glace' );
insert into type values ( 1,'Dragon' );
insert into type values ( 2,'Sol' );
insert into type values ( 3,'Plante' );
insert into type values ( 4,'Feu' );
insert into type values ( 5,'Eau' );
insert into type values ( 6,'Électrique' );
insert into type values ( 7,'Psy' );
insert into type values ( 8,'Spectre' );
insert into type values ( 9,'Ténèbre' );
insert into type values ( 10,'Fée' );
insert into type values ( 11,'Acier' );
insert into type values ( 12,'Poison' );
insert into type values ( 13,'Roche' );
insert into type values ( 14,'Combat' );
insert into type values ( 15,'Insecte' );
insert into type values ( 16,'Normal' );
insert into attaque values ( 0,4,'Triplattaque',24,27,64 );
insert into attaque values ( 1,12,'Escalade',20,19,43 );
insert into attaque values ( 2,5,'Morphing',166,72,38 );
insert into attaque values ( 3,10,'Vœu',96,26,90 );
insert into attaque values ( 4,6,'Grobisou',19,70,49 );
insert into attaque values ( 5,7,'Pilonnage',83,57,59 );
insert into attaque values ( 6,13,'Recyclage',214,81,19 );
insert into attaque values ( 7,0,'Regard Médusant',206,11,48 );
insert into attaque values ( 8,0,'E-Coque',70,98,37 );
insert into attaque values ( 9,9,'Constriction',193,28,99 );
insert into attaque values ( 10,3,'Picanon',16,39,19 );
insert into attaque values ( 11,14,'Uppercut',89,69,95 );
insert into attaque values ( 12,2,'Coup de Main',181,48,86 );
insert into attaque values ( 13,8,'Flash',151,14,61 );
insert into attaque values ( 14,8,'Conversion',211,68,45 );
insert into attaque values ( 15,12,'Affûtage',186,48,9 );
insert into attaque values ( 16,13,'Croc de Mort',188,35,36 );
insert into attaque values ( 17,16,'Par Ici',142,11,48 );
insert into attaque values ( 18,1,'Attrition',68,97,30 );
insert into attaque values ( 19,14,'Force-Nature',14,99,77 );
insert into attaque values ( 20,10,'Combo-Griffe',205,84,95 );
insert into attaque values ( 21,11,'Explosion',66,35,56 );
insert into attaque values ( 22,3,'Trempette',29,76,22 );
insert into attaque values ( 23,12,'Exuviation',90,100,52 );
insert into attaque values ( 24,10,'CoudKrâne',234,27,90 );
insert into attaque values ( 25,2,'Météores',175,21,46 );
insert into attaque values ( 26,1,'Relais',245,77,21 );
insert into attaque values ( 27,0,'Rengorgement',202,81,32 );
insert into attaque values ( 28,5,'BoulArmure',174,57,60 );
insert into zone values ( 0,'Virgin Islands, British' );
insert into zone values ( 1,'Christmas Island' );
insert into zone values ( 2,'Saint Vincent and the Grenadines' );
insert into zone values ( 3,'South Georgia and the South Sandwich Islands' );
insert into zone values ( 4,'Panama' );
insert into zone values ( 5,'Guernsey' );
insert into zone values ( 6,'Guinea' );
insert into zone values ( 7,'Mongolia' );
insert into zone values ( 8,'Djibouti' );
insert into zone values ( 9,'Iraq' );
insert into zone values ( 10,'Senegal' );
insert into zone values ( 11,'Bouvet Island (Bouvetoya)' );
insert into zone values ( 12,'Czech Republic' );
insert into zone values ( 13,'Japan' );
insert into zone values ( 14,'Bahrain' );
insert into zone values ( 15,'Cyprus' );
insert into zone values ( 16,'Jersey' );
insert into zone values ( 17,'Honduras' );
insert into zone values ( 18,'Romania' );
insert into zone values ( 19,'Togo' );
insert into zone values ( 20,'Saint Kitts and Nevis' );
insert into zone values ( 21,'Kyrgyz Republic' );
insert into zone values ( 22,'Hungary' );
insert into zone values ( 23,'San Marino' );
insert into zone values ( 24,'Saint Martin' );
insert into zone values ( 25,'Sri Lanka' );
insert into zone values ( 26,'Luxembourg' );
insert into zone values ( 27,'Solomon Islands' );
insert into zone values ( 28,'Turkmenistan' );
insert into zone values ( 29,'Reunion' );
insert into zone values ( 30,'Malaysia' );
insert into zone values ( 31,'Slovakia (Slovak Republic)' );
insert into zone values ( 32,'Slovenia' );
insert into zone values ( 33,'American Samoa' );
insert into zone values ( 34,'French Guiana' );
insert into zone values ( 35,'Montenegro' );
insert into zone values ( 36,'Germany' );
insert into zone values ( 37,'Chad' );
insert into zone values ( 38,'Isle of Man' );
insert into zone values ( 39,'Holy See (Vatican City State)' );
insert into zone values ( 40,'Switzerland' );
insert into zone values ( 41,'Portugal' );
insert into zone values ( 42,'Georgia' );
insert into zone values ( 43,'Macao' );
insert into zone values ( 44,'Western Sahara' );
insert into zone values ( 45,'Gambia' );
insert into zone values ( 46,'Jamaica' );
insert into zone values ( 47,'Angola' );
insert into zone values ( 48,'Taiwan' );
insert into zone values ( 49,'Iceland' );
insert into zone values ( 50,'Guadeloupe' );
insert into zone values ( 51,'Guam' );
insert into zone values ( 52,'Gabon' );
insert into zone values ( 53,'Sierra Leone' );
insert into zone values ( 54,'Saint Barthelemy' );
insert into zone values ( 55,'Norfolk Island' );
insert into zone values ( 56,'Maldives' );
insert into zone values ( 57,'Australia' );
insert into zone values ( 58,'Antarctica (the territory South of 60 deg S)' );
insert into zone values ( 59,'Equatorial Guinea' );
insert into zone values ( 60,'Netherlands Antilles' );
insert into zone values ( 61,'Cote dIvoire' );
insert into zone values ( 62,'Turkey' );
insert into zone values ( 63,'Philippines' );
insert into zone values ( 64,'Peru' );
insert into zone values ( 65,'Martinique' );
insert into zone values ( 66,'Timor-Leste' );
insert into zone values ( 67,'Indonesia' );
insert into zone values ( 68,'Oman' );
insert into zone values ( 69,'Cape Verde' );
insert into zone values ( 70,'Guinea-Bissau' );
insert into zone values ( 71,'Croatia' );
insert into zone values ( 72,'Lebanon' );
insert into zone values ( 73,'Sudan' );
insert into zone values ( 74,'Moldova' );
insert into zone values ( 75,'Tajikistan' );
insert into zone values ( 76,'United States Minor Outlying Islands' );
insert into zone values ( 77,'Monaco' );
insert into zone values ( 78,'Nicaragua' );
insert into zone values ( 79,'Bulgaria' );
insert into objet values ( 0,'Défense +',0,1,1 );
insert into objet values ( 1,'Muscle +',1,0,0 );
insert into objet values ( 2,'Défense Spéc',0,0,0 );
insert into objet values ( 3,'Déf. Spé. +',1,0,0 );
insert into objet values ( 4,'Attaque +',0,0,1 );
insert into objet values ( 5,'Spécial +',0,0,1 );
insert into objet values ( 6,'Précision +',0,1,1 );
insert into objet values ( 7,'Vitesse +',1,1,1 );
insert into objet values ( 8,'Baie Tamato',0,1,1 );
insert into objet values ( 9,'Baie Résin',0,1,0 );
insert into objet values ( 10,'Baie Lonme',1,1,0 );
insert into objet values ( 11,'Baie Qualot',0,1,1 );
insert into objet values ( 12,'Baie Alga',1,0,1 );
insert into objet values ( 13,'Baie Grena',1,1,1 );
insert into objet values ( 14,'Baie Mepo',1,0,0 );
insert into objet values ( 15,'Baie Willia',1,1,1 );
insert into objet values ( 16,'Baie Fraive',1,0,1 );
insert into objet values ( 17,'Baie Pêcha',0,1,0 );
insert into objet values ( 18,'Baie Maron',0,0,1 );
insert into objet values ( 19,'Baie Oran',1,1,0 );
insert into genre values ( 0,0,0 );
insert into genre values ( 1,0,1 );
insert into genre values ( 2,1,1 );
insert into genre values ( 3,1,0 );
insert into etat values ( 0,'Mission' );
insert into etat values ( 1,'Repos' );
insert into etat values ( 2,'Reproduction' );
insert into espece values ( 0,9,null,'Bulbizarre' );
insert into espece values ( 1,null,null,'Chenipan' );
insert into espece values ( 2,6,null,'Voltorbe' );
insert into espece values ( 3,5,null,'Électrode' );
insert into espece values ( 4,14,null,'Nœunœuf' );
insert into espece values ( 5,15,null,'Noadkoko' );
insert into espece values ( 6,0,null,'Osselait' );
insert into espece values ( 7,null,null,'Ossatueur' );
insert into espece values ( 8,9,null,'Kicklee' );
insert into espece values ( 9,3,null,'Tygnon' );
insert into espece values ( 10,19,null,'Excelangue' );
insert into espece values ( 11,8,null,'Smogo' );
insert into espece values ( 12,1,null,'Chrysacier' );
insert into espece values ( 13,14,null,'Smogogo' );
insert into espece values ( 14,null,null,'Rhinocorne' );
insert into espece values ( 15,17,11,'Rhinoféros' );
insert into espece values ( 16,8,null,'Leveinard' );
insert into espece values ( 17,1,null,'Saquedeneu' );
insert into espece values ( 18,15,null,'Kangourex' );
insert into espece values ( 19,0,null,'Hypotrempe' );
insert into espece values ( 20,19,null,'Hypocéan' );
insert into espece values ( 21,5,null,'Poissirène' );
insert into espece values ( 22,15,null,'Poissoroy' );
insert into espece values ( 23,19,null,'Papilusion' );
insert into espece values ( 24,11,13,'Stari' );
insert into espece values ( 25,4,null,'Staross' );
insert into espece values ( 26,9,null,'M.Mime' );
insert into espece values ( 27,null,null,'Insécateur' );
insert into espece values ( 28,18,null,'Lippoutou' );
insert into espece values ( 29,10,null,'Élektek' );
insert into espece values ( 30,1,null,'Magmar' );
insert into espece values ( 31,11,9,'Scarabrute' );
insert into espece values ( 32,7,null,'Tauros' );
insert into espece values ( 33,5,null,'Magicarpe' );
insert into espece values ( 34,17,null,'Aspicot' );
insert into espece values ( 35,1,null,'Léviator' );
insert into espece values ( 36,null,null,'Lokhlass' );
insert into espece values ( 37,12,null,'Métamorph' );
insert into espece values ( 38,9,null,'Évoli' );
insert into espece values ( 39,12,null,'Aquali' );
insert into espece values ( 40,5,null,'Voltali' );
insert into espece values ( 41,14,null,'Pyroli' );
insert into espece values ( 42,11,null,'Porygon' );
insert into espece values ( 43,8,4,'Amonita' );
insert into espece values ( 44,7,null,'Amonistar' );
insert into espece values ( 45,null,null,'Coconfort' );
insert into espece values ( 46,7,35,'Kabuto' );
insert into espece values ( 47,11,null,'Kabutops' );
insert into espece values ( 48,15,null,'Ptéra' );
insert into espece values ( 49,16,27,'Ronflex' );
insert into espece values ( 50,1,null,'Artikodin' );
insert into espece values ( 51,18,16,'Électhor' );
insert into espece values ( 52,null,null,'Sulfura' );
insert into espece values ( 53,19,null,'Minidraco' );
insert into espece values ( 54,null,null,'Draco' );
insert into espece values ( 55,null,null,'Dracolosse' );
insert into espece values ( 56,null,null,'Dardargnan' );
insert into espece values ( 57,17,null,'Mewtwo' );
insert into espece values ( 58,18,null,'Mew' );
insert into espece values ( 59,17,null,'Roucool' );
insert into espece values ( 60,9,null,'Roucoups' );
insert into espece values ( 61,19,null,'Roucarnage' );
insert into espece values ( 62,10,null,'Rattata' );
insert into espece values ( 63,null,null,'Herbizarre' );
insert into espece values ( 64,null,null,'Rattatac' );
insert into espece values ( 65,17,null,'Piafabec' );
insert into espece values ( 66,14,null,'Rapasdepic' );
insert into espece values ( 67,1,null,'Abo' );
insert into espece values ( 68,6,null,'Arbok' );
insert into espece values ( 69,3,null,'Pikachu' );
insert into espece values ( 70,13,null,'Raichu' );
insert into espece values ( 71,6,null,'Sabelette' );
insert into espece values ( 72,null,null,'Sablaireau' );
insert into espece values ( 73,3,null,'Nidoran♀' );
insert into espece values ( 74,16,null,'Florizarre' );
insert into espece values ( 75,15,null,'Nidorina' );
insert into espece values ( 76,13,38,'Nidoqueen' );
insert into espece values ( 77,1,null,'Nidoran♂' );
insert into espece values ( 78,11,null,'Nidorino' );
insert into espece values ( 79,16,41,'Nidoking' );
insert into espece values ( 80,5,null,'Mélofée' );
insert into espece values ( 81,1,null,'Mélodelfe' );
insert into espece values ( 82,10,null,'Feunard' );
insert into espece values ( 83,4,null,'Rondoudou' );
insert into espece values ( 84,9,null,'Salamèche' );
insert into espece values ( 85,7,null,'Grodoudou' );
insert into espece values ( 86,1,null,'Nosferapti' );
insert into espece values ( 87,1,null,'Nosferalto' );
insert into espece values ( 88,3,null,'Mystherbe' );
insert into espece values ( 89,1,null,'Ortide' );
insert into espece values ( 90,16,null,'Rafflesia' );
insert into espece values ( 91,9,null,'Paras' );
insert into espece values ( 92,6,null,'Parasect' );
insert into espece values ( 93,4,null,'Mimitoss' );
insert into espece values ( 94,19,null,'Aéromite' );
insert into espece values ( 95,4,null,'Reptincel' );
insert into espece values ( 96,6,null,'Taupiqueur' );
insert into espece values ( 97,2,null,'Triopikeur' );
insert into espece values ( 98,17,34,'Miaouss' );
insert into espece values ( 99,1,null,'Persian' );
insert into espece values ( 100,18,null,'Psykokwak' );
insert into espece values ( 101,15,null,'Akwakwak' );
insert into espece values ( 102,18,null,'Férosinge' );
insert into espece values ( 103,5,null,'Colossinge' );
insert into espece values ( 104,14,null,'Caninos' );
insert into espece values ( 105,14,59,'Arcanin' );
insert into espece values ( 106,1,null,'Dracaufeu' );
insert into espece values ( 107,10,null,'Ptitard' );
insert into espece values ( 108,17,null,'Têtarte' );
insert into espece values ( 109,17,null,'Tartard' );
insert into espece values ( 110,14,null,'Abra' );
insert into espece values ( 111,2,null,'Kadabra' );
insert into espece values ( 112,null,null,'Alakazam' );
insert into espece values ( 113,16,52,'Machoc' );
insert into espece values ( 114,3,null,'Machopeur' );
insert into espece values ( 115,10,null,'Mackogneur' );
insert into espece values ( 116,0,null,'Chétiflor' );
insert into espece values ( 117,18,null,'Carapuce' );
insert into espece values ( 118,null,59,'Boustiflor' );
insert into espece values ( 119,9,null,'Empiflor' );
insert into espece values ( 120,0,null,'Tentacool' );
insert into espece values ( 121,13,4,'Tentacruel' );
insert into espece values ( 122,4,null,'Racaillou' );
insert into espece values ( 123,6,null,'Gravalanch' );
insert into espece values ( 124,6,null,'Grolem' );
insert into espece values ( 125,19,null,'Ponyta' );
insert into espece values ( 126,4,null,'Galopa' );
insert into espece values ( 127,19,null,'Carabaffe' );
insert into espece values ( 128,1,null,'Flagadoss' );
insert into espece values ( 129,9,null,'Magnéton' );
insert into espece values ( 130,11,null,'Canarticho' );
insert into espece values ( 131,null,null,'Dodrio' );
insert into espece values ( 132,15,null,'Otaria' );
insert into espece values ( 133,2,null,'Tadmorv' );
insert into espece values ( 134,11,null,'Grotadmorv' );
insert into espece values ( 135,17,null,'Kokiyas' );
insert into espece values ( 136,4,null,'Crustabri' );
insert into espece values ( 137,null,null,'Spectrum' );
insert into espece values ( 138,9,null,'Ectoplasma' );
insert into espece values ( 139,18,null,'Soporifik' );
insert into espece values ( 140,5,16,'Hypnomade' );
insert into espece values ( 141,14,null,'Krabboss' );
insert into monstropoche values ( 0,'Hilton_Luettgen81',null,3,0,2,58,0,90,0 );
insert into monstropoche values ( 1,'Cassie.Wisoky41',null,2,1,5,80,22,72,3 );
insert into monstropoche values ( 2,'Abdul.Ratke75',null,2,2,17,66,40,63,23 );
insert into monstropoche values ( 3,'Elbert91',null,0,1,12,25,83,18,70 );
insert into monstropoche values ( 4,'Glennie_Crona16',17,3,0,15,35,88,18,32 );
insert into monstropoche values ( 5,'Shaun.Eichmann4',null,3,1,6,82,52,79,15 );
insert into monstropoche values ( 6,'Jillian_Little',66,1,0,3,87,57,47,52 );
insert into monstropoche values ( 7,'Norris2',null,3,1,13,20,74,88,2 );
insert into monstropoche values ( 8,'Rory.McCullough78',null,3,2,2,47,76,82,49 );
insert into monstropoche values ( 9,'Lawson_Hayes72',92,1,1,8,130,81,6,26 );
insert into monstropoche values ( 10,'Magdalen7',null,3,1,15,27,2,68,1 );
insert into monstropoche values ( 11,'Deshaun_Schmidt55',null,1,2,12,2,63,91,37 );
insert into monstropoche values ( 12,'Ernie.Wehner42',null,1,0,16,98,95,54,33 );
insert into monstropoche values ( 13,'Claire.Schamberger13',36,2,0,6,124,56,57,46 );
insert into monstropoche values ( 14,'Andre.Gislason',0,1,0,19,18,74,68,58 );
insert into monstropoche values ( 15,'Lindsey_Crooks74',null,1,2,12,79,91,68,40 );
insert into monstropoche values ( 16,'Myrtie37',85,0,0,6,100,37,53,27 );
insert into monstropoche values ( 17,'Craig92',97,0,1,19,9,80,32,73 );
insert into monstropoche values ( 18,'Jonathan.Oberbrunner',null,1,2,8,68,84,48,2 );
insert into monstropoche values ( 19,'Pat_Mertz22',null,3,2,2,11,56,48,45 );
insert into monstropoche values ( 20,'Brannon_Olson29',null,2,1,8,6,97,59,30 );
insert into monstropoche values ( 21,'Dayton_Grady',50,2,0,7,19,90,23,73 );
insert into monstropoche values ( 22,'Ross_Hilpert',null,2,2,15,80,52,33,16 );
insert into monstropoche values ( 23,'Jerry.Kiehn',null,3,1,14,127,28,71,0 );
insert into monstropoche values ( 24,'Viola96',94,1,1,18,5,9,21,7 );
insert into monstropoche values ( 25,'Jovan.Ondricka68',7,0,0,1,83,63,73,59 );
insert into monstropoche values ( 26,'Elenora20',9,2,2,2,20,18,40,18 );
insert into monstropoche values ( 27,'Steve.Gutkowski9',null,3,2,8,69,13,23,2 );
insert into monstropoche values ( 28,'Jarrod36',28,2,0,19,106,40,82,31 );
insert into monstropoche values ( 29,'Eliezer_Beer85',null,3,2,1,49,0,72,0 );
insert into monstropoche values ( 30,'Megane33',null,0,2,11,29,16,85,4 );
insert into monstropoche values ( 31,'Reese_Fay',null,2,0,3,110,84,87,14 );
insert into monstropoche values ( 32,'Ali_Thompson50',49,0,0,18,31,86,86,48 );
insert into monstropoche values ( 33,'Khalid_Mraz',97,1,1,12,72,23,31,21 );
insert into monstropoche values ( 34,'Anthony_Cronin11',56,0,1,6,44,0,13,0 );
insert into monstropoche values ( 35,'Marlene_Kunze',null,0,1,7,18,69,18,1 );
insert into monstropoche values ( 36,'Elnora47',null,3,0,14,63,70,64,4 );
insert into monstropoche values ( 37,'Litzy_Ruecker93',2,3,2,3,99,6,27,2 );
insert into monstropoche values ( 38,'Betty67',null,2,1,14,78,0,92,0 );
insert into monstropoche values ( 39,'Margie_Roob89',null,0,1,4,130,5,33,0 );
insert into monstropoche values ( 40,'Toy26',null,3,0,5,83,52,43,14 );
insert into monstropoche values ( 41,'Adrien.Moore',88,0,1,11,22,21,45,4 );
insert into monstropoche values ( 42,'Clemmie_Ferry28',25,0,1,2,99,93,62,54 );
insert into monstropoche values ( 43,'Keshaun.Wisoky43',null,0,2,10,87,83,40,53 );
insert into monstropoche values ( 44,'Mauricio_Wyman32',null,1,0,8,16,94,59,54 );
insert into monstropoche values ( 45,'Ona.Carroll8',57,1,0,12,127,39,87,14 );
insert into monstropoche values ( 46,'Omari_Medhurst67',null,1,1,3,15,75,10,14 );
insert into monstropoche values ( 47,'Melvina.Vandervort18',null,1,1,15,72,79,74,73 );
insert into monstropoche values ( 48,'Linnea.Adams36',81,0,1,1,104,19,55,10 );
insert into monstropoche values ( 49,'Hiram50',97,0,0,11,120,76,8,19 );
insert into monstropoche values ( 50,'Laurence_Schaden',77,3,0,6,31,85,31,55 );
insert into monstropoche values ( 51,'Mariam46',11,0,1,14,24,67,53,37 );
insert into monstropoche values ( 52,'Carissa28',21,2,0,15,83,11,6,10 );
insert into monstropoche values ( 53,'Kevon.Treutel',null,0,1,19,107,20,94,4 );
insert into monstropoche values ( 54,'Luisa.Rogahn',null,2,2,18,131,8,1,7 );
insert into monstropoche values ( 55,'Gavin_Denesik',null,2,2,3,59,85,8,58 );
insert into monstropoche values ( 56,'Irwin33',null,2,1,18,3,55,100,46 );
insert into monstropoche values ( 57,'Magnus.Douglas65',null,3,0,14,95,7,48,1 );
insert into monstropoche values ( 58,'Stephen61',null,3,1,8,33,49,15,44 );
insert into monstropoche values ( 59,'Avery.Rempel10',null,1,0,19,73,2,57,0 );
insert into monstropoche values ( 60,'Cristopher83',null,2,1,6,131,66,92,2 );
insert into monstropoche values ( 61,'Rene66',32,2,0,11,3,63,88,26 );
insert into monstropoche values ( 62,'Fanny_McLaughlin15',null,2,1,11,14,32,15,0 );
insert into monstropoche values ( 63,'Trever69',94,3,0,5,72,73,82,52 );
insert into monstropoche values ( 64,'Ted90',null,2,1,19,114,73,30,4 );
insert into monstropoche values ( 65,'Connor14',76,2,0,17,101,6,66,4 );
insert into monstropoche values ( 66,'Valerie52',74,1,0,7,116,89,36,47 );
insert into monstropoche values ( 67,'Kay_Waelchi48',null,0,1,15,117,35,78,3 );
insert into monstropoche values ( 68,'Jayde.Stanton48',20,1,0,1,81,14,52,4 );
insert into monstropoche values ( 69,'Abbie.Schinner53',66,2,1,4,129,41,37,5 );
insert into monstropoche values ( 70,'Garrick45',11,3,1,17,127,20,62,3 );
insert into monstropoche values ( 71,'Krystal67',32,3,2,12,29,42,85,30 );
insert into monstropoche values ( 72,'Jedidiah_Kilback11',null,1,0,12,86,84,21,22 );
insert into monstropoche values ( 73,'Domenico.Stamm81',null,2,2,14,39,44,2,4 );
insert into monstropoche values ( 74,'Sebastian45',93,2,2,12,4,72,71,30 );
insert into monstropoche values ( 75,'Anika.Wiegand',null,0,0,6,9,57,45,30 );
insert into monstropoche values ( 76,'Aurelie.Herzog15',32,3,1,17,127,77,63,14 );
insert into monstropoche values ( 77,'Garfield_Crona',null,3,2,0,123,12,90,11 );
insert into monstropoche values ( 78,'Lisette_Ratke',11,0,0,15,108,71,76,51 );
insert into monstropoche values ( 79,'Kaley.Cartwright',22,0,1,15,96,46,27,29 );
insert into monstropoche values ( 80,'Kyle_Runolfsdottir72',null,0,1,0,16,34,84,18 );
insert into monstropoche values ( 81,'Cora76',7,1,0,11,128,68,75,45 );
insert into monstropoche values ( 82,'Earnestine.Becker83',30,3,0,14,68,94,40,87 );
insert into monstropoche values ( 83,'Mina98',null,3,2,0,37,54,10,34 );
insert into monstropoche values ( 84,'Harmon98',null,1,0,18,97,53,15,12 );
insert into monstropoche values ( 85,'Georgette.Gusikowski',94,0,0,6,88,58,20,40 );
insert into monstropoche values ( 86,'Terrill.Paucek',52,1,1,7,139,38,97,11 );
insert into monstropoche values ( 87,'Gage.Sipes76',null,1,0,11,68,21,64,6 );
insert into monstropoche values ( 88,'Carol.Rowe67',null,3,1,13,53,14,17,13 );
insert into monstropoche values ( 89,'Judd.Yundt59',57,1,2,14,119,42,19,34 );
insert into monstropoche values ( 90,'Sabina_Haag',7,3,2,2,68,52,53,11 );
insert into monstropoche values ( 91,'Alta49',91,0,0,2,69,88,41,54 );
insert into monstropoche values ( 92,'Dallas88',null,1,1,15,127,74,53,33 );
insert into monstropoche values ( 93,'Chelsea.Shanahan',70,3,0,3,129,46,13,26 );
insert into monstropoche values ( 94,'Noemie.Rogahn66',43,0,2,12,8,48,45,20 );
insert into monstropoche values ( 95,'Emmalee99',null,0,2,1,25,26,57,8 );
insert into monstropoche values ( 96,'Mohammad.Powlowski23',25,3,1,3,104,77,40,53 );
insert into monstropoche values ( 97,'Aaron.Baumbach',20,3,1,19,140,59,0,47 );
insert into monstropoche values ( 98,'Jazmyn_Wiegand',null,2,2,8,120,48,81,15 );
insert into monstropoche values ( 99,'Brianne.Gerhold',null,2,1,7,35,60,85,22 );
insert into objet_zone values ( 0,56 );
insert into objet_zone values ( 1,37 );
insert into objet_zone values ( 2,50 );
insert into objet_zone values ( 3,48 );
insert into objet_zone values ( 4,76 );
insert into objet_zone values ( 5,44 );
insert into objet_zone values ( 6,27 );
insert into objet_zone values ( 7,1 );
insert into objet_zone values ( 8,27 );
insert into objet_zone values ( 9,13 );
insert into objet_zone values ( 10,10 );
insert into objet_zone values ( 11,49 );
insert into objet_zone values ( 12,40 );
insert into objet_zone values ( 13,56 );
insert into objet_zone values ( 14,54 );
insert into objet_zone values ( 15,77 );
insert into objet_zone values ( 16,38 );
insert into objet_zone values ( 17,2 );
insert into objet_zone values ( 18,64 );
insert into objet_zone values ( 19,44 );
insert into objet_zone values ( 13,0 );
insert into objet_zone values ( 1,1 );
insert into objet_zone values ( 11,2 );
insert into objet_zone values ( 11,3 );
insert into objet_zone values ( 2,4 );
insert into objet_zone values ( 12,5 );
insert into objet_zone values ( 8,6 );
insert into objet_zone values ( 15,7 );
insert into objet_zone values ( 4,8 );
insert into objet_zone values ( 3,9 );
insert into objet_zone values ( 17,10 );
insert into objet_zone values ( 6,11 );
insert into objet_zone values ( 4,12 );
insert into objet_zone values ( 17,13 );
insert into objet_zone values ( 10,14 );
insert into objet_zone values ( 8,15 );
insert into objet_zone values ( 13,16 );
insert into objet_zone values ( 0,17 );
insert into objet_zone values ( 3,18 );
insert into objet_zone values ( 10,19 );
insert into objet_zone values ( 13,20 );
insert into objet_zone values ( 1,21 );
insert into objet_zone values ( 18,22 );
insert into objet_zone values ( 12,23 );
insert into objet_zone values ( 4,24 );
insert into objet_zone values ( 7,25 );
insert into objet_zone values ( 15,26 );
insert into objet_zone values ( 11,27 );
insert into objet_zone values ( 3,28 );
insert into objet_zone values ( 5,29 );
insert into objet_zone values ( 12,30 );
insert into objet_zone values ( 2,31 );
insert into objet_zone values ( 11,32 );
insert into objet_zone values ( 7,33 );
insert into objet_zone values ( 6,34 );
insert into objet_zone values ( 2,35 );
insert into objet_zone values ( 15,36 );
insert into objet_zone values ( 18,37 );
insert into objet_zone values ( 13,38 );
insert into objet_zone values ( 2,39 );
insert into objet_zone values ( 10,40 );
insert into objet_zone values ( 6,41 );
insert into objet_zone values ( 18,42 );
insert into objet_zone values ( 14,43 );
insert into objet_zone values ( 9,44 );
insert into objet_zone values ( 11,45 );
insert into objet_zone values ( 4,46 );
insert into objet_zone values ( 3,47 );
insert into objet_zone values ( 8,48 );
insert into objet_zone values ( 10,49 );
insert into objet_zone values ( 9,50 );
insert into objet_zone values ( 12,51 );
insert into objet_zone values ( 0,52 );
insert into objet_zone values ( 15,53 );
insert into objet_zone values ( 10,54 );
insert into objet_zone values ( 0,55 );
insert into objet_zone values ( 16,56 );
insert into objet_zone values ( 14,57 );
insert into objet_zone values ( 13,58 );
insert into objet_zone values ( 4,59 );
insert into objet_zone values ( 1,60 );
insert into objet_zone values ( 17,61 );
insert into objet_zone values ( 1,62 );
insert into objet_zone values ( 6,63 );
insert into objet_zone values ( 1,64 );
insert into objet_zone values ( 4,65 );
insert into objet_zone values ( 0,66 );
insert into objet_zone values ( 12,67 );
insert into objet_zone values ( 1,68 );
insert into objet_zone values ( 17,69 );
insert into objet_zone values ( 12,70 );
insert into objet_zone values ( 9,71 );
insert into objet_zone values ( 10,72 );
insert into objet_zone values ( 19,73 );
insert into objet_zone values ( 1,74 );
insert into objet_zone values ( 8,75 );
insert into objet_zone values ( 10,76 );
insert into objet_zone values ( 12,77 );
insert into objet_zone values ( 1,78 );
insert into objet_zone values ( 4,79 );
insert into espece_type values ( 0,16 );
insert into espece_type values ( 1,6 );
insert into espece_type values ( 2,7 );
insert into espece_type values ( 3,4 );
insert into espece_type values ( 4,6 );
insert into espece_type values ( 5,8 );
insert into espece_type values ( 6,16 );
insert into espece_type values ( 7,2 );
insert into espece_type values ( 8,10 );
insert into espece_type values ( 9,1 );
insert into espece_type values ( 10,3 );
insert into espece_type values ( 11,15 );
insert into espece_type values ( 12,4 );
insert into espece_type values ( 13,8 );
insert into espece_type values ( 14,1 );
insert into espece_type values ( 15,4 );
insert into espece_type values ( 16,3 );
insert into espece_type values ( 17,8 );
insert into espece_type values ( 18,3 );
insert into espece_type values ( 19,14 );
insert into espece_type values ( 20,10 );
insert into espece_type values ( 21,1 );
insert into espece_type values ( 22,2 );
insert into espece_type values ( 23,13 );
insert into espece_type values ( 24,9 );
insert into espece_type values ( 25,0 );
insert into espece_type values ( 26,16 );
insert into espece_type values ( 27,8 );
insert into espece_type values ( 28,2 );
insert into espece_type values ( 29,15 );
insert into espece_type values ( 30,2 );
insert into espece_type values ( 31,7 );
insert into espece_type values ( 32,8 );
insert into espece_type values ( 33,11 );
insert into espece_type values ( 34,9 );
insert into espece_type values ( 35,2 );
insert into espece_type values ( 36,11 );
insert into espece_type values ( 37,0 );
insert into espece_type values ( 38,8 );
insert into espece_type values ( 39,12 );
insert into espece_type values ( 40,10 );
insert into espece_type values ( 41,8 );
insert into espece_type values ( 42,16 );
insert into espece_type values ( 43,8 );
insert into espece_type values ( 44,12 );
insert into espece_type values ( 45,3 );
insert into espece_type values ( 46,3 );
insert into espece_type values ( 47,6 );
insert into espece_type values ( 48,0 );
insert into espece_type values ( 49,7 );
insert into espece_type values ( 50,10 );
insert into espece_type values ( 51,14 );
insert into espece_type values ( 52,0 );
insert into espece_type values ( 53,4 );
insert into espece_type values ( 54,10 );
insert into espece_type values ( 55,10 );
insert into espece_type values ( 56,6 );
insert into espece_type values ( 57,12 );
insert into espece_type values ( 58,12 );
insert into espece_type values ( 59,14 );
insert into espece_type values ( 60,14 );
insert into espece_type values ( 61,9 );
insert into espece_type values ( 62,16 );
insert into espece_type values ( 63,9 );
insert into espece_type values ( 64,8 );
insert into espece_type values ( 65,8 );
insert into espece_type values ( 66,9 );
insert into espece_type values ( 67,12 );
insert into espece_type values ( 68,1 );
insert into espece_type values ( 69,4 );
insert into espece_type values ( 70,7 );
insert into espece_type values ( 71,1 );
insert into espece_type values ( 72,11 );
insert into espece_type values ( 73,2 );
insert into espece_type values ( 74,15 );
insert into espece_type values ( 75,1 );
insert into espece_type values ( 76,8 );
insert into espece_type values ( 77,6 );
insert into espece_type values ( 78,6 );
insert into espece_type values ( 79,16 );
insert into espece_type values ( 80,6 );
insert into espece_type values ( 81,7 );
insert into espece_type values ( 82,9 );
insert into espece_type values ( 83,15 );
insert into espece_type values ( 84,6 );
insert into espece_type values ( 85,1 );
insert into espece_type values ( 86,14 );
insert into espece_type values ( 87,7 );
insert into espece_type values ( 88,13 );
insert into espece_type values ( 89,8 );
insert into espece_type values ( 90,2 );
insert into espece_type values ( 91,3 );
insert into espece_type values ( 92,10 );
insert into espece_type values ( 93,8 );
insert into espece_type values ( 94,3 );
insert into espece_type values ( 95,5 );
insert into espece_type values ( 96,16 );
insert into espece_type values ( 97,9 );
insert into espece_type values ( 98,0 );
insert into espece_type values ( 99,3 );
insert into espece_type values ( 100,9 );
insert into espece_type values ( 101,3 );
insert into espece_type values ( 102,0 );
insert into espece_type values ( 103,1 );
insert into espece_type values ( 104,1 );
insert into espece_type values ( 105,15 );
insert into espece_type values ( 106,1 );
insert into espece_type values ( 107,9 );
insert into espece_type values ( 108,11 );
insert into espece_type values ( 109,5 );
insert into espece_type values ( 110,7 );
insert into espece_type values ( 111,1 );
insert into espece_type values ( 112,13 );
insert into espece_type values ( 113,7 );
insert into espece_type values ( 114,14 );
insert into espece_type values ( 115,13 );
insert into espece_type values ( 116,1 );
insert into espece_type values ( 117,1 );
insert into espece_type values ( 118,9 );
insert into espece_type values ( 119,13 );
insert into espece_type values ( 120,4 );
insert into espece_type values ( 121,13 );
insert into espece_type values ( 122,0 );
insert into espece_type values ( 123,7 );
insert into espece_type values ( 124,1 );
insert into espece_type values ( 125,8 );
insert into espece_type values ( 126,15 );
insert into espece_type values ( 127,3 );
insert into espece_type values ( 128,2 );
insert into espece_type values ( 129,4 );
insert into espece_type values ( 130,6 );
insert into espece_type values ( 131,6 );
insert into espece_type values ( 132,1 );
insert into espece_type values ( 133,4 );
insert into espece_type values ( 134,0 );
insert into espece_type values ( 135,14 );
insert into espece_type values ( 136,11 );
insert into espece_type values ( 137,0 );
insert into espece_type values ( 138,7 );
insert into espece_type values ( 139,12 );
insert into espece_type values ( 140,2 );
insert into espece_type values ( 141,0 );
insert into espece_type values ( 50,0 );
insert into espece_type values ( 105,2 );
insert into espece_type values ( 123,3 );
insert into espece_type values ( 122,4 );
insert into espece_type values ( 37,5 );
insert into espece_type values ( 50,6 );
insert into espece_type values ( 55,7 );
insert into espece_type values ( 97,8 );
insert into espece_type values ( 76,9 );
insert into espece_type values ( 122,10 );
insert into espece_type values ( 77,11 );
insert into espece_type values ( 48,12 );
insert into espece_type values ( 78,13 );
insert into espece_type values ( 136,14 );
insert into espece_type values ( 113,15 );
insert into espece_type values ( 98,16 );
insert into espece_zone values ( 0,9 );
insert into espece_zone values ( 1,64 );
insert into espece_zone values ( 2,5 );
insert into espece_zone values ( 3,4 );
insert into espece_zone values ( 4,0 );
insert into espece_zone values ( 5,78 );
insert into espece_zone values ( 6,61 );
insert into espece_zone values ( 7,6 );
insert into espece_zone values ( 8,18 );
insert into espece_zone values ( 9,66 );
insert into espece_zone values ( 10,32 );
insert into espece_zone values ( 11,75 );
insert into espece_zone values ( 12,7 );
insert into espece_zone values ( 13,3 );
insert into espece_zone values ( 14,54 );
insert into espece_zone values ( 15,24 );
insert into espece_zone values ( 16,3 );
insert into espece_zone values ( 17,21 );
insert into espece_zone values ( 18,63 );
insert into espece_zone values ( 19,66 );
insert into espece_zone values ( 20,16 );
insert into espece_zone values ( 21,13 );
insert into espece_zone values ( 22,43 );
insert into espece_zone values ( 23,48 );
insert into espece_zone values ( 24,0 );
insert into espece_zone values ( 25,50 );
insert into espece_zone values ( 26,32 );
insert into espece_zone values ( 27,55 );
insert into espece_zone values ( 28,23 );
insert into espece_zone values ( 29,15 );
insert into espece_zone values ( 30,70 );
insert into espece_zone values ( 31,3 );
insert into espece_zone values ( 32,64 );
insert into espece_zone values ( 33,73 );
insert into espece_zone values ( 34,29 );
insert into espece_zone values ( 35,65 );
insert into espece_zone values ( 36,74 );
insert into espece_zone values ( 37,10 );
insert into espece_zone values ( 38,6 );
insert into espece_zone values ( 39,32 );
insert into espece_zone values ( 40,22 );
insert into espece_zone values ( 41,38 );
insert into espece_zone values ( 42,7 );
insert into espece_zone values ( 43,26 );
insert into espece_zone values ( 44,6 );
insert into espece_zone values ( 45,44 );
insert into espece_zone values ( 46,23 );
insert into espece_zone values ( 47,54 );
insert into espece_zone values ( 48,36 );
insert into espece_zone values ( 49,23 );
insert into espece_zone values ( 50,35 );
insert into espece_zone values ( 51,25 );
insert into espece_zone values ( 52,1 );
insert into espece_zone values ( 53,24 );
insert into espece_zone values ( 54,17 );
insert into espece_zone values ( 55,70 );
insert into espece_zone values ( 56,50 );
insert into espece_zone values ( 57,28 );
insert into espece_zone values ( 58,10 );
insert into espece_zone values ( 59,69 );
insert into espece_zone values ( 60,77 );
insert into espece_zone values ( 61,20 );
insert into espece_zone values ( 62,57 );
insert into espece_zone values ( 63,72 );
insert into espece_zone values ( 64,39 );
insert into espece_zone values ( 65,6 );
insert into espece_zone values ( 66,66 );
insert into espece_zone values ( 67,56 );
insert into espece_zone values ( 68,64 );
insert into espece_zone values ( 69,30 );
insert into espece_zone values ( 70,55 );
insert into espece_zone values ( 71,57 );
insert into espece_zone values ( 72,22 );
insert into espece_zone values ( 73,11 );
insert into espece_zone values ( 74,56 );
insert into espece_zone values ( 75,53 );
insert into espece_zone values ( 76,0 );
insert into espece_zone values ( 77,40 );
insert into espece_zone values ( 78,47 );
insert into espece_zone values ( 79,60 );
insert into espece_zone values ( 80,79 );
insert into espece_zone values ( 81,11 );
insert into espece_zone values ( 82,14 );
insert into espece_zone values ( 83,34 );
insert into espece_zone values ( 84,3 );
insert into espece_zone values ( 85,0 );
insert into espece_zone values ( 86,76 );
insert into espece_zone values ( 87,35 );
insert into espece_zone values ( 88,4 );
insert into espece_zone values ( 89,16 );
insert into espece_zone values ( 90,60 );
insert into espece_zone values ( 91,51 );
insert into espece_zone values ( 92,48 );
insert into espece_zone values ( 93,29 );
insert into espece_zone values ( 94,34 );
insert into espece_zone values ( 95,2 );
insert into espece_zone values ( 96,55 );
insert into espece_zone values ( 97,16 );
insert into espece_zone values ( 98,70 );
insert into espece_zone values ( 99,28 );
insert into espece_zone values ( 100,13 );
insert into espece_zone values ( 101,70 );
insert into espece_zone values ( 102,20 );
insert into espece_zone values ( 103,65 );
insert into espece_zone values ( 104,34 );
insert into espece_zone values ( 105,1 );
insert into espece_zone values ( 106,61 );
insert into espece_zone values ( 107,0 );
insert into espece_zone values ( 108,68 );
insert into espece_zone values ( 109,79 );
insert into espece_zone values ( 110,41 );
insert into espece_zone values ( 111,21 );
insert into espece_zone values ( 112,6 );
insert into espece_zone values ( 113,76 );
insert into espece_zone values ( 114,37 );
insert into espece_zone values ( 115,75 );
insert into espece_zone values ( 116,74 );
insert into espece_zone values ( 117,54 );
insert into espece_zone values ( 118,34 );
insert into espece_zone values ( 119,27 );
insert into espece_zone values ( 120,51 );
insert into espece_zone values ( 121,79 );
insert into espece_zone values ( 122,17 );
insert into espece_zone values ( 123,65 );
insert into espece_zone values ( 124,32 );
insert into espece_zone values ( 125,36 );
insert into espece_zone values ( 126,78 );
insert into espece_zone values ( 127,2 );
insert into espece_zone values ( 128,1 );
insert into espece_zone values ( 129,74 );
insert into espece_zone values ( 130,7 );
insert into espece_zone values ( 131,72 );
insert into espece_zone values ( 132,17 );
insert into espece_zone values ( 133,32 );
insert into espece_zone values ( 134,30 );
insert into espece_zone values ( 135,35 );
insert into espece_zone values ( 136,29 );
insert into espece_zone values ( 137,56 );
insert into espece_zone values ( 138,11 );
insert into espece_zone values ( 139,27 );
insert into espece_zone values ( 140,58 );
insert into espece_zone values ( 141,25 );
insert into espece_zone values ( 79,0 );
insert into espece_zone values ( 14,1 );
insert into espece_zone values ( 118,2 );
insert into espece_zone values ( 73,3 );
insert into espece_zone values ( 1,4 );
insert into espece_zone values ( 101,5 );
insert into espece_zone values ( 138,6 );
insert into espece_zone values ( 112,7 );
insert into espece_zone values ( 106,8 );
insert into espece_zone values ( 124,10 );
insert into espece_zone values ( 76,11 );
insert into espece_zone values ( 85,12 );
insert into espece_zone values ( 22,13 );
insert into espece_zone values ( 19,14 );
insert into espece_zone values ( 99,15 );
insert into espece_zone values ( 99,16 );
insert into espece_zone values ( 124,17 );
insert into espece_zone values ( 50,18 );
insert into espece_zone values ( 131,19 );
insert into espece_zone values ( 20,20 );
insert into espece_zone values ( 139,21 );
insert into espece_zone values ( 85,22 );
insert into espece_zone values ( 48,23 );
insert into espece_zone values ( 118,24 );
insert into espece_zone values ( 110,25 );
insert into espece_zone values ( 3,26 );
insert into espece_zone values ( 120,27 );
insert into espece_zone values ( 59,28 );
insert into espece_zone values ( 120,29 );
insert into espece_zone values ( 52,30 );
insert into espece_zone values ( 74,31 );
insert into espece_zone values ( 69,32 );
insert into espece_zone values ( 10,33 );
insert into espece_zone values ( 124,34 );
insert into espece_zone values ( 92,35 );
insert into espece_zone values ( 63,36 );
insert into espece_zone values ( 20,37 );
insert into espece_zone values ( 94,38 );
insert into espece_zone values ( 96,39 );
insert into espece_zone values ( 9,40 );
insert into espece_zone values ( 44,41 );
insert into espece_zone values ( 138,42 );
insert into espece_zone values ( 53,43 );
insert into espece_zone values ( 101,44 );
insert into espece_zone values ( 44,45 );
insert into espece_zone values ( 87,46 );
insert into espece_zone values ( 53,47 );
insert into espece_zone values ( 115,48 );
insert into espece_zone values ( 127,49 );
insert into espece_zone values ( 97,50 );
insert into espece_zone values ( 111,51 );
insert into espece_zone values ( 110,52 );
insert into espece_zone values ( 8,53 );
insert into espece_zone values ( 80,54 );
insert into espece_zone values ( 57,55 );
insert into espece_zone values ( 141,56 );
insert into espece_zone values ( 118,58 );
insert into espece_zone values ( 131,59 );
insert into espece_zone values ( 119,60 );
insert into espece_zone values ( 47,61 );
insert into espece_zone values ( 47,62 );
insert into espece_zone values ( 22,63 );
insert into espece_zone values ( 124,64 );
insert into espece_zone values ( 59,65 );
insert into espece_zone values ( 115,66 );
insert into espece_zone values ( 32,67 );
insert into espece_zone values ( 62,68 );
insert into espece_zone values ( 27,69 );
insert into espece_zone values ( 34,70 );
insert into espece_zone values ( 56,71 );
insert into espece_zone values ( 22,72 );
insert into espece_zone values ( 134,73 );
insert into espece_zone values ( 69,74 );
insert into espece_zone values ( 32,75 );
insert into espece_zone values ( 35,76 );
insert into espece_zone values ( 32,77 );
insert into espece_zone values ( 121,78 );
insert into espece_zone values ( 70,79 );
insert into monstropoche_attaque values ( 0,21 );
insert into monstropoche_attaque values ( 1,23 );
insert into monstropoche_attaque values ( 2,8 );
insert into monstropoche_attaque values ( 3,25 );
insert into monstropoche_attaque values ( 4,26 );
insert into monstropoche_attaque values ( 5,17 );
insert into monstropoche_attaque values ( 6,6 );
insert into monstropoche_attaque values ( 7,25 );
insert into monstropoche_attaque values ( 8,26 );
insert into monstropoche_attaque values ( 9,22 );
insert into monstropoche_attaque values ( 10,7 );
insert into monstropoche_attaque values ( 11,20 );
insert into monstropoche_attaque values ( 12,24 );
insert into monstropoche_attaque values ( 13,3 );
insert into monstropoche_attaque values ( 14,20 );
insert into monstropoche_attaque values ( 15,3 );
insert into monstropoche_attaque values ( 16,7 );
insert into monstropoche_attaque values ( 17,27 );
insert into monstropoche_attaque values ( 18,0 );
insert into monstropoche_attaque values ( 19,18 );
insert into monstropoche_attaque values ( 20,8 );
insert into monstropoche_attaque values ( 21,19 );
insert into monstropoche_attaque values ( 22,17 );
insert into monstropoche_attaque values ( 23,14 );
insert into monstropoche_attaque values ( 24,27 );
insert into monstropoche_attaque values ( 25,13 );
insert into monstropoche_attaque values ( 26,5 );
insert into monstropoche_attaque values ( 27,1 );
insert into monstropoche_attaque values ( 28,27 );
insert into monstropoche_attaque values ( 29,28 );
insert into monstropoche_attaque values ( 30,4 );
insert into monstropoche_attaque values ( 31,15 );
insert into monstropoche_attaque values ( 32,19 );
insert into monstropoche_attaque values ( 33,19 );
insert into monstropoche_attaque values ( 34,10 );
insert into monstropoche_attaque values ( 35,19 );
insert into monstropoche_attaque values ( 36,9 );
insert into monstropoche_attaque values ( 37,12 );
insert into monstropoche_attaque values ( 38,26 );
insert into monstropoche_attaque values ( 39,19 );
insert into monstropoche_attaque values ( 40,2 );
insert into monstropoche_attaque values ( 41,0 );
insert into monstropoche_attaque values ( 42,7 );
insert into monstropoche_attaque values ( 43,21 );
insert into monstropoche_attaque values ( 44,12 );
insert into monstropoche_attaque values ( 45,16 );
insert into monstropoche_attaque values ( 46,22 );
insert into monstropoche_attaque values ( 47,26 );
insert into monstropoche_attaque values ( 48,18 );
insert into monstropoche_attaque values ( 49,2 );
insert into monstropoche_attaque values ( 50,10 );
insert into monstropoche_attaque values ( 51,9 );
insert into monstropoche_attaque values ( 52,23 );
insert into monstropoche_attaque values ( 53,9 );
insert into monstropoche_attaque values ( 54,28 );
insert into monstropoche_attaque values ( 55,15 );
insert into monstropoche_attaque values ( 56,10 );
insert into monstropoche_attaque values ( 57,2 );
insert into monstropoche_attaque values ( 58,4 );
insert into monstropoche_attaque values ( 59,4 );
insert into monstropoche_attaque values ( 60,15 );
insert into monstropoche_attaque values ( 61,13 );
insert into monstropoche_attaque values ( 62,17 );
insert into monstropoche_attaque values ( 63,16 );
insert into monstropoche_attaque values ( 64,14 );
insert into monstropoche_attaque values ( 65,22 );
insert into monstropoche_attaque values ( 66,17 );
insert into monstropoche_attaque values ( 67,16 );
insert into monstropoche_attaque values ( 68,13 );
insert into monstropoche_attaque values ( 69,18 );
insert into monstropoche_attaque values ( 70,21 );
insert into monstropoche_attaque values ( 71,25 );
insert into monstropoche_attaque values ( 72,0 );
insert into monstropoche_attaque values ( 73,23 );
insert into monstropoche_attaque values ( 74,24 );
insert into monstropoche_attaque values ( 75,8 );
insert into monstropoche_attaque values ( 76,8 );
insert into monstropoche_attaque values ( 77,3 );
insert into monstropoche_attaque values ( 78,4 );
insert into monstropoche_attaque values ( 79,25 );
insert into monstropoche_attaque values ( 80,22 );
insert into monstropoche_attaque values ( 81,1 );
insert into monstropoche_attaque values ( 82,19 );
insert into monstropoche_attaque values ( 83,8 );
insert into monstropoche_attaque values ( 84,1 );
insert into monstropoche_attaque values ( 85,23 );
insert into monstropoche_attaque values ( 86,7 );
insert into monstropoche_attaque values ( 87,12 );
insert into monstropoche_attaque values ( 88,3 );
insert into monstropoche_attaque values ( 89,22 );
insert into monstropoche_attaque values ( 90,5 );
insert into monstropoche_attaque values ( 91,9 );
insert into monstropoche_attaque values ( 92,11 );
insert into monstropoche_attaque values ( 93,27 );
insert into monstropoche_attaque values ( 94,0 );
insert into monstropoche_attaque values ( 95,15 );
insert into monstropoche_attaque values ( 96,20 );
insert into monstropoche_attaque values ( 97,8 );
insert into monstropoche_attaque values ( 98,13 );
insert into monstropoche_attaque values ( 99,4 );
insert into monstropoche_attaque values ( 81,0 );
insert into monstropoche_attaque values ( 83,1 );
insert into monstropoche_attaque values ( 99,2 );
insert into monstropoche_attaque values ( 66,3 );
insert into monstropoche_attaque values ( 14,4 );
insert into monstropoche_attaque values ( 57,6 );
insert into monstropoche_attaque values ( 14,7 );
insert into monstropoche_attaque values ( 82,8 );
insert into monstropoche_attaque values ( 11,9 );
insert into monstropoche_attaque values ( 51,10 );
insert into monstropoche_attaque values ( 67,11 );
insert into monstropoche_attaque values ( 24,12 );
insert into monstropoche_attaque values ( 5,13 );
insert into monstropoche_attaque values ( 20,14 );
insert into monstropoche_attaque values ( 7,15 );
insert into monstropoche_attaque values ( 99,16 );
insert into monstropoche_attaque values ( 38,17 );
insert into monstropoche_attaque values ( 22,18 );
insert into monstropoche_attaque values ( 72,20 );
insert into monstropoche_attaque values ( 18,21 );
insert into monstropoche_attaque values ( 17,22 );
insert into monstropoche_attaque values ( 98,23 );
insert into monstropoche_attaque values ( 66,24 );
insert into monstropoche_attaque values ( 66,25 );
insert into monstropoche_attaque values ( 72,26 );
insert into monstropoche_attaque values ( 39,27 );
insert into monstropoche_attaque values ( 47,28 );
