drop table monstropoche_attaque;
drop table espece_zone;
drop table espece_type;
drop table objet_zone;
drop table monstropoche;
drop table espece;
drop table etat;
drop table genre;
drop table objet;
drop table zone;
drop table attaque;
drop table type;
drop table proprietaire;

create table proprietaire (
  id int not null,
  nom varchar(255) not null,
  primary key(id)
);
create table type (
  id int not null,
  nom varchar(255) not null,
  primary key(id)
);
create table attaque (
  id int not null,
  type_id int not null,
  nom varchar(255) not null,
  puissance int not null,
  perequis int not null,
  precizion int not null,
  constraint fk_attaque_type foreign key (type_id) references type(id),
  primary key(id)
);
create table zone (id int not null,
  nom varchar(255) not null,
  primary key(id)
);
create table objet (id int not null,
  nom varchar(255) not null,
  est_unique number(1) not null,
  est_defensif number(1),
  est_offensif number(1),
  primary key(id)
);
create table genre (id int not null,
  femelle number(1) not null,
  male number(1) not null,
  primary key(id)
);
create table etat (id int not null,
  nom varchar(255) not null,
  primary key(id)
);
create table espece (
  id int not null,
  objet_id int,
  source_id int,
  nom varchar(255) not null,
  constraint fk_espece_objet foreign key (objet_id) references objet(id),
  constraint fk_espece_espece foreign key (source_id) references espece(id),
  primary key(id)
);
create table monstropoche (id int not null,
  surnom varchar(255) not null,
  proprietaire_id int,
  genre_id int not null,
  etat_id int not null,
  objet_id int,
  espece_id int not null,
  pv int not null,
  pe int not null,
  pv_actuel int not null,
  constraint fk_monstropoche_proprietaire foreign key (proprietaire_id) references proprietaire(id),
  constraint fk_monstropoche_genre foreign key (genre_id) references genre(id),
  constraint fk_monstropoche_etat foreign key (etat_id) references etat(id),
  constraint fk_monstropoche_objet foreign key (objet_id) references objet(id),
  constraint fk_monstropoche_espece foreign key (espece_id) references espece(id),
  primary key(id)
);
create table objet_zone (objet_id int not null,
  zone_id int not null,
  constraint fk_objet_zone_objet foreign key (objet_id) references objet(id),
  constraint fk_objet_zone_zone foreign key (zone_id) references zone(id),
  primary key(objet_id,
  zone_id)
);
create table espece_type (espece_id int not null,
  type_id int not null,
  constraint fk_espece_type_espece foreign key (espece_id) references espece(id),
  constraint fk_espece_type_type foreign key (type_id) references type(id),
  primary key(espece_id,
  type_id)
);
create table espece_zone (espece_id int not null,
  zone_id int not null,
  constraint fk_espece_zone_espece foreign key (espece_id) references espece(id),
  constraint fk_espece_zone_zone foreign key (zone_id) references zone(id),
  primary key(espece_id,
  zone_id)
);
create table monstropoche_attaque (monstropoche_id int not null,
  attaque_id int not null,
  constraint fk_monstropoche_attaque_m foreign key (monstropoche_id) references monstropoche(id),
  constraint fk_monstropoche_attaque_a foreign key (attaque_id) references attaque(id),
  primary key(monstropoche_id,
  attaque_id)
);

delete from monstropoche_attaque;
delete from espece_zone;
delete from espece_type;
delete from objet_zone;
delete from monstropoche;
delete from espece;
delete from etat;
delete from type;
delete from genre;
delete from objet;
delete from attaque;
delete from zone;
delete from proprietaire;
delete from monstropoche_attaque;
delete from espece_zone;
delete from espece_type;
delete from objet_zone;
delete from monstropoche;
delete from espece;
delete from etat;
delete from type;
delete from genre;
delete from objet;
delete from attaque;
delete from zone;
delete from proprietaire;

insert into proprietaire values ( 0,'Alice Clement' );
insert into proprietaire values ( 1,'Maëlys Menard' );
insert into proprietaire values ( 2,'Maxence Duval' );
insert into proprietaire values ( 3,'Charlotte Leclercq' );
insert into proprietaire values ( 4,'Romain Guyot' );
insert into proprietaire values ( 5,'Hugo Marie' );
insert into proprietaire values ( 6,'Jules Guillot' );
insert into proprietaire values ( 7,'Alicia Rousseau' );
insert into proprietaire values ( 8,'Mme Justine Aubry' );
insert into proprietaire values ( 9,'Axel Cousin' );
insert into proprietaire values ( 10,'Adam Gaillard' );
insert into proprietaire values ( 11,'Mohamed Martinez' );
insert into proprietaire values ( 12,'Clara Jacquet' );
insert into proprietaire values ( 13,'Noémie Royer' );
insert into proprietaire values ( 14,'Mael Carre' );
insert into proprietaire values ( 15,'Ethan Duval' );
insert into proprietaire values ( 16,'Romain Legrand' );
insert into proprietaire values ( 17,'Alexandre Maillard' );
insert into proprietaire values ( 18,'Mohamed Rousseau' );
insert into proprietaire values ( 19,'Mme Lola Adam' );
insert into proprietaire values ( 20,'Ines Mathieu' );
insert into proprietaire values ( 21,'M Léa Gonzalez' );
insert into proprietaire values ( 22,'Alice Muller' );
insert into proprietaire values ( 23,'Clara Thomas MD' );
insert into proprietaire values ( 24,'Ambre Leclerc' );
insert into proprietaire values ( 25,'Chloé Dumas' );
insert into proprietaire values ( 26,'Romane Sanchez IV' );
insert into proprietaire values ( 27,'Romane Vincent' );
insert into proprietaire values ( 28,'Ines Girard' );
insert into proprietaire values ( 29,'Mlle Lisa Blanchard' );
insert into proprietaire values ( 30,'Alicia Leclerc I' );
insert into proprietaire values ( 31,'Arthur Jacquet IV' );
insert into proprietaire values ( 32,'Alicia Menard' );
insert into proprietaire values ( 33,'Mathilde David' );
insert into proprietaire values ( 34,'Dr Anaïs Charles' );
insert into proprietaire values ( 35,'Carla Clement' );
insert into proprietaire values ( 36,'Jade Menard I' );
insert into proprietaire values ( 37,'Théo Barbier' );
insert into proprietaire values ( 38,'Justine Fabre' );
insert into proprietaire values ( 39,'Dr Julien Barre' );
insert into proprietaire values ( 40,'Mattéo Robert' );
insert into proprietaire values ( 41,'Quentin Fernandez MD' );
insert into proprietaire values ( 42,'Manon Picard' );
insert into proprietaire values ( 43,'Elisa Dubois' );
insert into proprietaire values ( 44,'Kylian Nicolas' );
insert into proprietaire values ( 45,'Mohamed Legrand' );
insert into proprietaire values ( 46,'Sacha Remy V' );
insert into proprietaire values ( 47,'Ambre Baron' );
insert into proprietaire values ( 48,'Sarah Bonnet I' );
insert into proprietaire values ( 49,'Lucie Legrand' );
insert into proprietaire values ( 50,'Lilou Robert' );
insert into proprietaire values ( 51,'Rayan Noel' );
insert into proprietaire values ( 52,'Mme Zoe Andre' );
insert into proprietaire values ( 53,'Maëlys Breton IV' );
insert into proprietaire values ( 54,'Mathis Dufour' );
insert into proprietaire values ( 55,'Chloé Gaillard' );
insert into proprietaire values ( 56,'Ines Dufour II' );
insert into proprietaire values ( 57,'Ethan Deschamps' );
insert into proprietaire values ( 58,'Noa Martinez' );
insert into proprietaire values ( 59,'Lucie Garnier' );
insert into proprietaire values ( 60,'Maxence Caron' );
insert into proprietaire values ( 61,'Eva Marchand' );
insert into proprietaire values ( 62,'Thomas Marchand' );
insert into proprietaire values ( 63,'Thomas Nguyen V' );
insert into proprietaire values ( 64,'Mattéo Rodriguez PhD' );
insert into proprietaire values ( 65,'Thomas Garcia' );
insert into proprietaire values ( 66,'Ambre Barre' );
insert into proprietaire values ( 67,'Prof Noa Gaillard' );
insert into proprietaire values ( 68,'Manon Remy Sr.' );
insert into proprietaire values ( 69,'Jeanne Bonnet V' );
insert into proprietaire values ( 70,'Evan Martinez' );
insert into proprietaire values ( 71,'Mattéo Roche' );
insert into proprietaire values ( 72,'Mohamed Bonnet' );
insert into proprietaire values ( 73,'Axel Da silva' );
insert into proprietaire values ( 74,'Mathis Benoit' );
insert into proprietaire values ( 75,'Léo Dupuy DDS' );
insert into proprietaire values ( 76,'Alicia Olivier I' );
insert into proprietaire values ( 77,'Nicolas Lecomte' );
insert into proprietaire values ( 78,'Laura Martinez' );
insert into proprietaire values ( 79,'Romain Petit' );
insert into proprietaire values ( 80,'Alicia Pierre' );
insert into proprietaire values ( 81,'Maëlle Marty' );
insert into proprietaire values ( 82,'Océane Aubert' );
insert into proprietaire values ( 83,'Maëlle Schneider' );
insert into proprietaire values ( 84,'Lola Poirier' );
insert into proprietaire values ( 85,'Noah Durand' );
insert into proprietaire values ( 86,'Noa Brun' );
insert into proprietaire values ( 87,'Jules Pons' );
insert into proprietaire values ( 88,'Mathilde Laurent' );
insert into proprietaire values ( 89,'Carla Guerin' );
insert into proprietaire values ( 90,'Dr Elisa Simon' );
insert into proprietaire values ( 91,'Léa Guillot' );
insert into proprietaire values ( 92,'Louis Olivier' );
insert into proprietaire values ( 93,'Romane Simon' );
insert into proprietaire values ( 94,'Carla Collet' );
insert into proprietaire values ( 95,'Nathan Leroux' );
insert into proprietaire values ( 96,'Laura Renault' );
insert into proprietaire values ( 97,'Théo Gauthier' );
insert into proprietaire values ( 98,'Lola Bourgeois' );
insert into proprietaire values ( 99,'Raphaël Lecomte V' );
insert into type values ( 0,'Glace' );
insert into type values ( 1,'Dragon' );
insert into type values ( 2,'Sol' );
insert into type values ( 3,'Plante' );
insert into type values ( 4,'Feu' );
insert into type values ( 5,'Eau' );
insert into type values ( 6,'Électrique' );
insert into type values ( 7,'Psy' );
insert into type values ( 8,'Spectre' );
insert into type values ( 9,'Ténèbre' );
insert into type values ( 10,'Fée' );
insert into type values ( 11,'Acier' );
insert into type values ( 12,'Poison' );
insert into type values ( 13,'Roche' );
insert into type values ( 14,'Combat' );
insert into type values ( 15,'Insecte' );
insert into type values ( 16,'Normal' );
insert into attaque values ( 0,6,'Triplattaque',195,42,46 );
insert into attaque values ( 1,2,'Escalade',145,54,95 );
insert into attaque values ( 2,15,'Morphing',166,64,93 );
insert into attaque values ( 3,12,'Vœu',93,9,0 );
insert into attaque values ( 4,6,'Grobisou',84,4,23 );
insert into attaque values ( 5,14,'Pilonnage',209,54,50 );
insert into attaque values ( 6,13,'Recyclage',23,90,83 );
insert into attaque values ( 7,7,'Regard Médusant',150,68,8 );
insert into attaque values ( 8,5,'E-Coque',105,48,53 );
insert into attaque values ( 9,12,'Constriction',175,3,48 );
insert into attaque values ( 10,11,'Picanon',83,51,47 );
insert into attaque values ( 11,6,'Uppercut',184,93,19 );
insert into attaque values ( 12,1,'Coup de Main',111,13,82 );
insert into attaque values ( 13,10,'Flash',52,24,63 );
insert into attaque values ( 14,15,'Conversion',250,8,92 );
insert into attaque values ( 15,9,'Affûtage',3,13,34 );
insert into attaque values ( 16,8,'Croc de Mort',189,37,12 );
insert into attaque values ( 17,4,'Par Ici',239,0,56 );
insert into attaque values ( 18,2,'Attrition',149,35,36 );
insert into attaque values ( 19,16,'Force-Nature',159,8,51 );
insert into attaque values ( 20,13,'Combo-Griffe',192,59,73 );
insert into attaque values ( 21,10,'Explosion',80,77,89 );
insert into attaque values ( 22,16,'Trempette',161,74,37 );
insert into attaque values ( 23,12,'Exuviation',2,19,30 );
insert into attaque values ( 24,14,'CoudKrâne',98,37,13 );
insert into attaque values ( 25,5,'Météores',56,46,52 );
insert into attaque values ( 26,13,'Relais',159,56,11 );
insert into attaque values ( 27,10,'Rengorgement',27,61,14 );
insert into attaque values ( 28,14,'BoulArmure',0,58,42 );
insert into zone values ( 0,'Czech Republic' );
insert into zone values ( 1,'Aruba' );
insert into zone values ( 2,'Sudan' );
insert into zone values ( 3,'Turks and Caicos Islands' );
insert into zone values ( 4,'Australia' );
insert into zone values ( 5,'Honduras' );
insert into zone values ( 6,'Japan' );
insert into zone values ( 7,'French Southern Territories' );
insert into zone values ( 8,'Mongolia' );
insert into zone values ( 9,'Thailand' );
insert into zone values ( 10,'Iceland' );
insert into zone values ( 11,'Bosnia and Herzegovina' );
insert into zone values ( 12,'Saint Martin' );
insert into zone values ( 13,'Andorra' );
insert into zone values ( 14,'Isle of Man' );
insert into zone values ( 15,'Colombia' );
insert into zone values ( 16,'Micronesia' );
insert into zone values ( 17,'Switzerland' );
insert into zone values ( 18,'Jordan' );
insert into zone values ( 19,'Argentina' );
insert into zone values ( 20,'Virgin Islands, U.S.' );
insert into zone values ( 21,'Slovakia (Slovak Republic)' );
insert into zone values ( 22,'Macao' );
insert into zone values ( 23,'Ecuador' );
insert into zone values ( 24,'Montserrat' );
insert into zone values ( 25,'Palau' );
insert into zone values ( 26,'Tonga' );
insert into zone values ( 27,'Swaziland' );
insert into zone values ( 28,'Comoros' );
insert into zone values ( 29,'Peru' );
insert into zone values ( 30,'Malawi' );
insert into zone values ( 31,'Nepal' );
insert into zone values ( 32,'Martinique' );
insert into zone values ( 33,'Netherlands' );
insert into zone values ( 34,'Turkmenistan' );
insert into zone values ( 35,'New Zealand' );
insert into zone values ( 36,'Niger' );
insert into zone values ( 37,'Germany' );
insert into zone values ( 38,'Armenia' );
insert into zone values ( 39,'Anguilla' );
insert into zone values ( 40,'Tanzania' );
insert into zone values ( 41,'Mozambique' );
insert into zone values ( 42,'Russian Federation' );
insert into zone values ( 43,'Morocco' );
insert into zone values ( 44,'India' );
insert into zone values ( 45,'Cameroon' );
insert into zone values ( 46,'Poland' );
insert into zone values ( 47,'Congo' );
insert into zone values ( 48,'Israel' );
insert into zone values ( 49,'Ethiopia' );
insert into zone values ( 50,'Gambia' );
insert into zone values ( 51,'Bulgaria' );
insert into zone values ( 52,'Holy See (Vatican City State)' );
insert into zone values ( 53,'Guinea' );
insert into zone values ( 54,'Lithuania' );
insert into zone values ( 55,'Saint Pierre and Miquelon' );
insert into zone values ( 56,'Tuvalu' );
insert into zone values ( 57,'Azerbaijan' );
insert into zone values ( 58,'El Salvador' );
insert into zone values ( 59,'Cyprus' );
insert into zone values ( 60,'Afghanistan' );
insert into zone values ( 61,'United Arab Emirates' );
insert into zone values ( 62,'Republic of Korea' );
insert into zone values ( 63,'Albania' );
insert into zone values ( 64,'Yemen' );
insert into zone values ( 65,'Chile' );
insert into zone values ( 66,'Serbia' );
insert into zone values ( 67,'China' );
insert into zone values ( 68,'Qatar' );
insert into zone values ( 69,'United States of America' );
insert into zone values ( 70,'Maldives' );
insert into zone values ( 71,'San Marino' );
insert into zone values ( 72,'Guatemala' );
insert into objet values ( 0,'Défense +',0,0,0 );
insert into objet values ( 1,'Muscle +',1,1,1 );
insert into objet values ( 2,'Défense Spéc',0,0,0 );
insert into objet values ( 3,'Déf. Spé. +',1,0,1 );
insert into objet values ( 4,'Attaque +',0,1,0 );
insert into objet values ( 5,'Spécial +',0,0,0 );
insert into objet values ( 6,'Précision +',0,1,1 );
insert into objet values ( 7,'Vitesse +',1,1,1 );
insert into objet values ( 8,'Baie Tamato',0,1,1 );
insert into objet values ( 9,'Baie Résin',1,1,1 );
insert into objet values ( 10,'Baie Lonme',0,0,1 );
insert into objet values ( 11,'Baie Qualot',0,0,1 );
insert into objet values ( 12,'Baie Alga',0,1,1 );
insert into objet values ( 13,'Baie Grena',0,0,0 );
insert into objet values ( 14,'Baie Mepo',0,0,1 );
insert into objet values ( 15,'Baie Willia',1,1,0 );
insert into objet values ( 16,'Baie Fraive',0,0,0 );
insert into objet values ( 17,'Baie Pêcha',1,1,1 );
insert into objet values ( 18,'Baie Maron',0,1,1 );
insert into objet values ( 19,'Baie Oran',1,0,0 );
insert into genre values ( 0,0,0 );
insert into genre values ( 1,0,1 );
insert into genre values ( 2,1,1 );
insert into genre values ( 3,1,0 );
insert into etat values ( 0,'Mission' );
insert into etat values ( 1,'Repos' );
insert into etat values ( 2,'Reproduction' );
insert into espece values ( 0,null,null,'Bulbizarre' );
insert into espece values ( 1,null,0,'Chenipan' );
insert into espece values ( 2,null,null,'Voltorbe' );
insert into espece values ( 3,null,2,'Électrode' );
insert into espece values ( 4,null,null,'Nœunœuf' );
insert into espece values ( 5,null,null,'Noadkoko' );
insert into espece values ( 6,null,null,'Osselait' );
insert into espece values ( 7,null,null,'Ossatueur' );
insert into espece values ( 8,null,null,'Kicklee' );
insert into espece values ( 9,5,null,'Tygnon' );
insert into espece values ( 10,null,null,'Excelangue' );
insert into espece values ( 11,3,null,'Smogo' );
insert into espece values ( 12,null,null,'Chrysacier' );
insert into espece values ( 13,null,null,'Smogogo' );
insert into espece values ( 14,null,null,'Rhinocorne' );
insert into espece values ( 15,7,null,'Rhinoféros' );
insert into espece values ( 16,null,null,'Leveinard' );
insert into espece values ( 17,null,null,'Saquedeneu' );
insert into espece values ( 18,null,null,'Kangourex' );
insert into espece values ( 19,null,4,'Hypotrempe' );
insert into espece values ( 20,null,null,'Hypocéan' );
insert into espece values ( 21,null,null,'Poissirène' );
insert into espece values ( 22,null,null,'Poissoroy' );
insert into espece values ( 23,13,null,'Papilusion' );
insert into espece values ( 24,null,null,'Stari' );
insert into espece values ( 25,null,null,'Staross' );
insert into espece values ( 26,null,null,'M.Mime' );
insert into espece values ( 27,null,null,'Insécateur' );
insert into espece values ( 28,null,null,'Lippoutou' );
insert into espece values ( 29,null,null,'Élektek' );
insert into espece values ( 30,null,null,'Magmar' );
insert into espece values ( 31,null,null,'Scarabrute' );
insert into espece values ( 32,null,null,'Tauros' );
insert into espece values ( 33,null,18,'Magicarpe' );
insert into espece values ( 34,null,null,'Aspicot' );
insert into espece values ( 35,null,null,'Léviator' );
insert into espece values ( 36,null,null,'Lokhlass' );
insert into espece values ( 37,null,null,'Métamorph' );
insert into espece values ( 38,null,null,'Évoli' );
insert into espece values ( 39,null,null,'Aquali' );
insert into espece values ( 40,null,null,'Voltali' );
insert into espece values ( 41,null,null,'Pyroli' );
insert into espece values ( 42,null,null,'Porygon' );
insert into espece values ( 43,null,null,'Amonita' );
insert into espece values ( 44,null,null,'Amonistar' );
insert into espece values ( 45,13,null,'Coconfort' );
insert into espece values ( 46,null,null,'Kabuto' );
insert into espece values ( 47,null,null,'Kabutops' );
insert into espece values ( 48,null,null,'Ptéra' );
insert into espece values ( 49,null,null,'Ronflex' );
insert into espece values ( 50,16,null,'Artikodin' );
insert into espece values ( 51,null,null,'Électhor' );
insert into espece values ( 52,null,null,'Sulfura' );
insert into espece values ( 53,null,null,'Minidraco' );
insert into espece values ( 54,null,null,'Draco' );
insert into espece values ( 55,null,null,'Dracolosse' );
insert into espece values ( 56,null,null,'Dardargnan' );
insert into espece values ( 57,null,null,'Mewtwo' );
insert into espece values ( 58,null,null,'Mew' );
insert into espece values ( 59,null,null,'Roucool' );
insert into espece values ( 60,null,null,'Roucoups' );
insert into espece values ( 61,null,null,'Roucarnage' );
insert into espece values ( 62,null,null,'Rattata' );
insert into espece values ( 63,null,null,'Herbizarre' );
insert into espece values ( 64,null,46,'Rattatac' );
insert into espece values ( 65,null,null,'Piafabec' );
insert into espece values ( 66,null,null,'Rapasdepic' );
insert into espece values ( 67,0,null,'Abo' );
insert into espece values ( 68,1,null,'Arbok' );
insert into espece values ( 69,null,null,'Pikachu' );
insert into espece values ( 70,null,null,'Raichu' );
insert into espece values ( 71,null,null,'Sabelette' );
insert into espece values ( 72,null,null,'Sablaireau' );
insert into espece values ( 73,null,null,'Nidoran♀' );
insert into espece values ( 74,10,null,'Florizarre' );
insert into espece values ( 75,null,null,'Nidorina' );
insert into espece values ( 76,null,null,'Nidoqueen' );
insert into espece values ( 77,null,null,'Nidoran♂' );
insert into espece values ( 78,null,null,'Nidorino' );
insert into espece values ( 79,null,null,'Nidoking' );
insert into espece values ( 80,null,null,'Mélofée' );
insert into espece values ( 81,null,null,'Mélodelfe' );
insert into espece values ( 82,19,79,'Feunard' );
insert into espece values ( 83,null,null,'Rondoudou' );
insert into espece values ( 84,null,null,'Salamèche' );
insert into espece values ( 85,1,null,'Grodoudou' );
insert into espece values ( 86,8,null,'Nosferapti' );
insert into espece values ( 87,null,null,'Nosferalto' );
insert into espece values ( 88,null,null,'Mystherbe' );
insert into espece values ( 89,null,null,'Ortide' );
insert into espece values ( 90,null,null,'Rafflesia' );
insert into espece values ( 91,null,3,'Paras' );
insert into espece values ( 92,null,77,'Parasect' );
insert into espece values ( 93,null,null,'Mimitoss' );
insert into espece values ( 94,null,null,'Aéromite' );
insert into espece values ( 95,null,null,'Reptincel' );
insert into espece values ( 96,null,null,'Taupiqueur' );
insert into espece values ( 97,null,null,'Triopikeur' );
insert into espece values ( 98,null,null,'Miaouss' );
insert into espece values ( 99,null,null,'Persian' );
insert into espece values ( 100,null,null,'Psykokwak' );
insert into espece values ( 101,null,null,'Akwakwak' );
insert into espece values ( 102,8,null,'Férosinge' );
insert into espece values ( 103,null,null,'Colossinge' );
insert into espece values ( 104,null,null,'Caninos' );
insert into espece values ( 105,null,null,'Arcanin' );
insert into espece values ( 106,null,null,'Dracaufeu' );
insert into espece values ( 107,null,null,'Ptitard' );
insert into espece values ( 108,null,null,'Têtarte' );
insert into espece values ( 109,null,null,'Tartard' );
insert into espece values ( 110,null,null,'Abra' );
insert into espece values ( 111,null,106,'Kadabra' );
insert into espece values ( 112,null,null,'Alakazam' );
insert into espece values ( 113,null,null,'Machoc' );
insert into espece values ( 114,null,null,'Machopeur' );
insert into espece values ( 115,null,null,'Mackogneur' );
insert into espece values ( 116,null,null,'Chétiflor' );
insert into espece values ( 117,null,null,'Carapuce' );
insert into espece values ( 118,null,null,'Boustiflor' );
insert into espece values ( 119,null,null,'Empiflor' );
insert into espece values ( 120,null,null,'Tentacool' );
insert into espece values ( 121,null,null,'Tentacruel' );
insert into espece values ( 122,null,59,'Racaillou' );
insert into espece values ( 123,16,null,'Gravalanch' );
insert into espece values ( 124,null,null,'Grolem' );
insert into espece values ( 125,null,null,'Ponyta' );
insert into espece values ( 126,null,null,'Galopa' );
insert into espece values ( 127,null,59,'Carabaffe' );
insert into espece values ( 128,null,null,'Flagadoss' );
insert into espece values ( 129,null,null,'Magnéton' );
insert into espece values ( 130,null,null,'Canarticho' );
insert into espece values ( 131,null,null,'Dodrio' );
insert into espece values ( 132,null,null,'Otaria' );
insert into espece values ( 133,null,null,'Tadmorv' );
insert into espece values ( 134,null,null,'Grotadmorv' );
insert into espece values ( 135,null,null,'Kokiyas' );
insert into espece values ( 136,null,null,'Crustabri' );
insert into espece values ( 137,null,null,'Spectrum' );
insert into espece values ( 138,null,null,'Ectoplasma' );
insert into espece values ( 139,null,null,'Soporifik' );
insert into espece values ( 140,null,null,'Hypnomade' );
insert into espece values ( 141,null,null,'Krabboss' );
insert into monstropoche values ( 0,'Herta60',null,2,0,8,86,0,15,0 );
insert into monstropoche values ( 1,'Antonia_Dickens12',20,3,0,3,63,39,39,35 );
insert into monstropoche values ( 2,'Anastasia.Klocko',null,3,2,13,0,8,86,2 );
insert into monstropoche values ( 3,'Otho_Turcotte69',41,1,0,16,70,71,1,19 );
insert into monstropoche values ( 4,'Rhianna_Stokes',95,1,2,18,34,82,77,15 );
insert into monstropoche values ( 5,'Ross14',68,2,2,11,66,79,68,61 );
insert into monstropoche values ( 6,'Germaine46',9,2,0,2,18,46,100,11 );
insert into monstropoche values ( 7,'Bryce42',12,1,1,11,101,86,70,78 );
insert into monstropoche values ( 8,'Telly_Hane11',57,1,2,16,96,50,51,28 );
insert into monstropoche values ( 9,'Lon_Dach40',null,2,2,18,10,77,71,41 );
insert into monstropoche values ( 10,'Duane_Dickinson25',null,3,1,13,25,41,48,21 );
insert into monstropoche values ( 11,'Efrain88',null,2,1,12,121,86,7,36 );
insert into monstropoche values ( 12,'Candace37',null,0,0,7,50,18,28,5 );
insert into monstropoche values ( 13,'Lamont7',52,0,2,11,127,18,51,1 );
insert into monstropoche values ( 14,'Camren31',79,3,0,18,10,70,17,25 );
insert into monstropoche values ( 15,'Porter98',7,1,0,9,29,46,12,12 );
insert into monstropoche values ( 16,'Orrin10',52,3,0,5,109,61,0,38 );
insert into monstropoche values ( 17,'Judd_Rodriguez',null,0,1,19,140,6,28,2 );
insert into monstropoche values ( 18,'Kellen_Zboncak42',57,3,2,16,63,69,28,56 );
insert into monstropoche values ( 19,'Lavon54',81,3,2,0,58,68,16,20 );
insert into monstropoche values ( 20,'Patience.Hilpert',5,0,0,3,134,90,46,79 );
insert into monstropoche values ( 21,'Mollie39',null,2,2,16,30,10,63,7 );
insert into monstropoche values ( 22,'Junior17',null,2,1,19,77,84,28,67 );
insert into monstropoche values ( 23,'Blake_Erdman54',null,0,1,9,26,73,89,33 );
insert into monstropoche values ( 24,'Neha_Kessler13',null,2,0,13,26,27,46,8 );
insert into monstropoche values ( 25,'Noemi_Ernser89',null,0,2,9,66,56,29,43 );
insert into monstropoche values ( 26,'Rhianna_Brekke',null,0,0,17,0,88,14,40 );
insert into monstropoche values ( 27,'Ida_Ullrich',28,0,2,1,75,26,5,13 );
insert into monstropoche values ( 28,'Felton.Jacobs79',19,1,0,12,90,10,4,2 );
insert into monstropoche values ( 29,'Kacey.Sanford',86,3,2,11,35,21,23,21 );
insert into monstropoche values ( 30,'Eugenia_Mohr88',null,3,1,19,42,57,10,57 );
insert into monstropoche values ( 31,'Fabian.OKon',null,2,0,14,39,1,60,0 );
insert into monstropoche values ( 32,'Deangelo.Keebler81',7,2,2,18,71,70,0,39 );
insert into monstropoche values ( 33,'Jeremy_Sporer',null,2,0,8,49,28,57,26 );
insert into monstropoche values ( 34,'Rosalia73',null,1,1,18,120,14,48,14 );
insert into monstropoche values ( 35,'Maverick_Walter',null,0,2,17,135,87,51,59 );
insert into monstropoche values ( 36,'Ignacio.Waters37',10,1,2,19,83,88,88,26 );
insert into monstropoche values ( 37,'Alfreda.Kihn',17,2,0,12,76,32,40,3 );
insert into monstropoche values ( 38,'Bailey.Schuster72',55,1,0,3,103,35,38,10 );
insert into monstropoche values ( 39,'Aric.Grady89',88,1,2,12,3,63,66,63 );
insert into monstropoche values ( 40,'Gregory25',58,0,2,18,39,37,96,13 );
insert into monstropoche values ( 41,'Gino.Nitzsche83',47,3,1,12,62,60,73,25 );
insert into monstropoche values ( 42,'Jada.Sawayn',null,0,0,16,102,52,84,27 );
insert into monstropoche values ( 43,'Gladyce.Fisher',null,3,2,5,7,60,78,15 );
insert into monstropoche values ( 44,'Blaze_Gerlach',6,0,0,10,126,96,54,92 );
insert into monstropoche values ( 45,'Raven_Volkman',28,1,2,15,65,45,58,10 );
insert into monstropoche values ( 46,'Diego15',24,1,2,4,49,25,7,14 );
insert into monstropoche values ( 47,'Orin88',null,0,2,10,122,4,94,1 );
insert into monstropoche values ( 48,'Raul36',null,3,0,1,64,15,26,5 );
insert into monstropoche values ( 49,'Landen_Wintheiser',null,3,2,3,83,20,98,11 );
insert into monstropoche values ( 50,'Deven.Feeney',null,1,2,16,137,58,43,31 );
insert into monstropoche values ( 51,'Leopold_Botsford',31,1,0,17,54,60,92,32 );
insert into monstropoche values ( 52,'Joanne36',75,1,0,19,76,20,73,11 );
insert into monstropoche values ( 53,'Quinten_Wolf53',74,1,1,9,44,95,1,27 );
insert into monstropoche values ( 54,'Marlen88',null,1,1,19,90,67,35,41 );
insert into monstropoche values ( 55,'Rosa_Terry63',10,3,2,8,24,55,96,17 );
insert into monstropoche values ( 56,'Viviane_Denesik99',30,3,2,6,86,10,46,7 );
insert into monstropoche values ( 57,'Chyna19',null,1,1,6,30,77,39,37 );
insert into monstropoche values ( 58,'Retta.Smitham4',83,3,1,6,6,59,64,16 );
insert into monstropoche values ( 59,'Addie58',null,2,2,8,105,25,61,20 );
insert into monstropoche values ( 60,'Dannie_Maggio1',38,3,2,0,39,1,46,1 );
insert into monstropoche values ( 61,'Jerrold.Jones94',null,2,2,7,113,45,6,39 );
insert into monstropoche values ( 62,'Hugh50',null,3,1,9,38,6,96,5 );
insert into monstropoche values ( 63,'Elisa.Larkin5',null,2,2,16,45,50,54,26 );
insert into monstropoche values ( 64,'Floy_Weissnat69',null,3,2,13,31,22,71,14 );
insert into monstropoche values ( 65,'Gerda57',null,3,2,5,62,65,5,21 );
insert into monstropoche values ( 66,'Alycia_Lowe',null,2,2,12,26,99,14,99 );
insert into monstropoche values ( 67,'Olaf.Smith62',null,3,0,11,118,91,80,18 );
insert into monstropoche values ( 68,'Vincenza32',null,3,0,18,96,43,76,36 );
insert into monstropoche values ( 69,'Haven.Roberts98',null,0,2,5,140,10,69,9 );
insert into monstropoche values ( 70,'Vida_Powlowski27',1,3,2,4,6,35,39,31 );
insert into monstropoche values ( 71,'Lucas51',38,0,1,0,97,67,81,3 );
insert into monstropoche values ( 72,'Whitney.MacGyver84',null,0,0,19,53,9,23,8 );
insert into monstropoche values ( 73,'Nayeli73',null,0,0,19,27,32,86,28 );
insert into monstropoche values ( 74,'Mona_Ward88',22,2,1,6,123,33,8,8 );
insert into monstropoche values ( 75,'Paige_Pollich',null,3,2,1,28,62,71,30 );
insert into monstropoche values ( 76,'Laurianne_Feest57',14,1,2,4,34,23,53,9 );
insert into monstropoche values ( 77,'Zoe.Price18',8,2,1,11,141,81,69,51 );
insert into monstropoche values ( 78,'April_Stanton85',66,1,2,4,92,77,8,9 );
insert into monstropoche values ( 79,'Vern.Jaskolski94',18,2,1,18,53,18,24,10 );
insert into monstropoche values ( 80,'Irma.Kovacek99',51,2,2,19,123,82,79,20 );
insert into monstropoche values ( 81,'Danial17',null,0,1,12,14,33,34,3 );
insert into monstropoche values ( 82,'Will.Flatley90',null,0,1,7,115,7,100,3 );
insert into monstropoche values ( 83,'Declan46',98,3,2,13,83,8,32,6 );
insert into monstropoche values ( 84,'Nestor7',null,2,0,4,132,24,19,15 );
insert into monstropoche values ( 85,'Orland12',49,0,0,6,52,41,13,1 );
insert into monstropoche values ( 86,'Shannon.OConner97',null,1,0,17,127,40,2,0 );
insert into monstropoche values ( 87,'Rasheed.Brekke',null,3,2,4,55,26,46,26 );
insert into monstropoche values ( 88,'Marquise_Dicki',null,1,2,0,31,66,41,18 );
insert into monstropoche values ( 89,'Earlene_Marvin',21,3,1,17,14,24,60,14 );
insert into monstropoche values ( 90,'Mose.Moen23',29,1,1,15,42,59,64,6 );
insert into monstropoche values ( 91,'Travon_Monahan46',7,2,1,9,76,18,87,6 );
insert into monstropoche values ( 92,'Jerrold.Macejkovic72',null,0,0,12,22,7,68,3 );
insert into monstropoche values ( 93,'Madisen_Herman',null,2,0,14,57,32,75,30 );
insert into monstropoche values ( 94,'Annetta44',null,2,1,6,61,70,12,8 );
insert into monstropoche values ( 95,'Orin.Jerde',null,0,0,19,75,22,21,2 );
insert into monstropoche values ( 96,'Ova.Heaney',14,0,0,11,63,26,32,21 );
insert into monstropoche values ( 97,'Lorenz_Schmidt',95,0,0,1,129,25,84,8 );
insert into monstropoche values ( 98,'Gordon_Kassulke41',null,0,2,5,60,41,70,36 );
insert into monstropoche values ( 99,'Jacklyn_Murray',14,3,2,0,111,78,49,27 );
insert into monstropoche values ( 100,'Domenico14',0,2,1,10,'Bulbizarre',100,22,69 );
insert into monstropoche values ( 101,'Isaiah_Hansen32',0,3,0,3,'Bulbizarre',100,62,77 );
insert into objet_zone values ( 0,4 );
insert into objet_zone values ( 1,56 );
insert into objet_zone values ( 2,5 );
insert into objet_zone values ( 3,68 );
insert into objet_zone values ( 4,62 );
insert into objet_zone values ( 5,15 );
insert into objet_zone values ( 6,40 );
insert into objet_zone values ( 7,65 );
insert into objet_zone values ( 8,57 );
insert into objet_zone values ( 9,6 );
insert into objet_zone values ( 10,39 );
insert into objet_zone values ( 11,52 );
insert into objet_zone values ( 12,33 );
insert into objet_zone values ( 13,51 );
insert into objet_zone values ( 14,36 );
insert into objet_zone values ( 15,27 );
insert into objet_zone values ( 16,63 );
insert into objet_zone values ( 17,10 );
insert into objet_zone values ( 18,71 );
insert into objet_zone values ( 19,1 );
insert into objet_zone values ( 16,0 );
insert into objet_zone values ( 5,1 );
insert into objet_zone values ( 9,2 );
insert into objet_zone values ( 12,3 );
insert into objet_zone values ( 13,4 );
insert into objet_zone values ( 18,5 );
insert into objet_zone values ( 2,6 );
insert into objet_zone values ( 5,7 );
insert into objet_zone values ( 9,8 );
insert into objet_zone values ( 15,9 );
insert into objet_zone values ( 16,10 );
insert into objet_zone values ( 15,11 );
insert into objet_zone values ( 12,12 );
insert into objet_zone values ( 16,13 );
insert into objet_zone values ( 12,14 );
insert into objet_zone values ( 15,15 );
insert into objet_zone values ( 8,16 );
insert into objet_zone values ( 3,17 );
insert into objet_zone values ( 3,18 );
insert into objet_zone values ( 10,19 );
insert into objet_zone values ( 13,20 );
insert into objet_zone values ( 6,21 );
insert into objet_zone values ( 4,22 );
insert into objet_zone values ( 0,23 );
insert into objet_zone values ( 3,24 );
insert into objet_zone values ( 8,25 );
insert into objet_zone values ( 13,26 );
insert into objet_zone values ( 11,27 );
insert into objet_zone values ( 13,28 );
insert into objet_zone values ( 19,29 );
insert into objet_zone values ( 12,30 );
insert into objet_zone values ( 9,31 );
insert into objet_zone values ( 16,32 );
insert into objet_zone values ( 1,33 );
insert into objet_zone values ( 10,34 );
insert into objet_zone values ( 11,35 );
insert into objet_zone values ( 12,36 );
insert into objet_zone values ( 14,37 );
insert into objet_zone values ( 5,38 );
insert into objet_zone values ( 0,39 );
insert into objet_zone values ( 13,40 );
insert into objet_zone values ( 1,41 );
insert into objet_zone values ( 11,42 );
insert into objet_zone values ( 16,43 );
insert into objet_zone values ( 16,44 );
insert into objet_zone values ( 19,45 );
insert into objet_zone values ( 1,46 );
insert into objet_zone values ( 14,47 );
insert into objet_zone values ( 18,48 );
insert into objet_zone values ( 18,49 );
insert into objet_zone values ( 0,50 );
insert into objet_zone values ( 11,51 );
insert into objet_zone values ( 0,52 );
insert into objet_zone values ( 4,53 );
insert into objet_zone values ( 7,54 );
insert into objet_zone values ( 19,55 );
insert into objet_zone values ( 14,56 );
insert into objet_zone values ( 19,57 );
insert into objet_zone values ( 8,58 );
insert into objet_zone values ( 15,59 );
insert into objet_zone values ( 7,60 );
insert into objet_zone values ( 6,61 );
insert into objet_zone values ( 17,62 );
insert into objet_zone values ( 19,63 );
insert into objet_zone values ( 7,64 );
insert into objet_zone values ( 11,65 );
insert into objet_zone values ( 8,66 );
insert into objet_zone values ( 17,67 );
insert into objet_zone values ( 13,69 );
insert into objet_zone values ( 4,70 );
insert into objet_zone values ( 19,71 );
insert into objet_zone values ( 11,72 );
insert into espece_type values ( 0,3 );
insert into espece_type values ( 1,10 );
insert into espece_type values ( 2,2 );
insert into espece_type values ( 3,13 );
insert into espece_type values ( 4,8 );
insert into espece_type values ( 5,4 );
insert into espece_type values ( 6,7 );
insert into espece_type values ( 7,4 );
insert into espece_type values ( 8,14 );
insert into espece_type values ( 9,3 );
insert into espece_type values ( 10,2 );
insert into espece_type values ( 11,14 );
insert into espece_type values ( 12,6 );
insert into espece_type values ( 13,2 );
insert into espece_type values ( 14,9 );
insert into espece_type values ( 15,10 );
insert into espece_type values ( 16,15 );
insert into espece_type values ( 17,0 );
insert into espece_type values ( 18,1 );
insert into espece_type values ( 19,10 );
insert into espece_type values ( 20,13 );
insert into espece_type values ( 21,9 );
insert into espece_type values ( 22,3 );
insert into espece_type values ( 23,11 );
insert into espece_type values ( 24,15 );
insert into espece_type values ( 25,0 );
insert into espece_type values ( 26,0 );
insert into espece_type values ( 27,11 );
insert into espece_type values ( 28,16 );
insert into espece_type values ( 29,6 );
insert into espece_type values ( 30,13 );
insert into espece_type values ( 31,4 );
insert into espece_type values ( 32,4 );
insert into espece_type values ( 33,14 );
insert into espece_type values ( 34,13 );
insert into espece_type values ( 35,6 );
insert into espece_type values ( 36,9 );
insert into espece_type values ( 37,0 );
insert into espece_type values ( 38,10 );
insert into espece_type values ( 39,6 );
insert into espece_type values ( 40,2 );
insert into espece_type values ( 41,8 );
insert into espece_type values ( 42,12 );
insert into espece_type values ( 43,3 );
insert into espece_type values ( 44,14 );
insert into espece_type values ( 45,10 );
insert into espece_type values ( 46,6 );
insert into espece_type values ( 47,11 );
insert into espece_type values ( 48,10 );
insert into espece_type values ( 49,2 );
insert into espece_type values ( 50,11 );
insert into espece_type values ( 51,2 );
insert into espece_type values ( 52,15 );
insert into espece_type values ( 53,2 );
insert into espece_type values ( 54,14 );
insert into espece_type values ( 55,16 );
insert into espece_type values ( 56,11 );
insert into espece_type values ( 57,14 );
insert into espece_type values ( 58,1 );
insert into espece_type values ( 59,0 );
insert into espece_type values ( 60,12 );
insert into espece_type values ( 61,1 );
insert into espece_type values ( 62,13 );
insert into espece_type values ( 63,12 );
insert into espece_type values ( 64,4 );
insert into espece_type values ( 65,16 );
insert into espece_type values ( 66,0 );
insert into espece_type values ( 67,14 );
insert into espece_type values ( 68,10 );
insert into espece_type values ( 69,2 );
insert into espece_type values ( 70,15 );
insert into espece_type values ( 71,13 );
insert into espece_type values ( 72,8 );
insert into espece_type values ( 73,0 );
insert into espece_type values ( 74,14 );
insert into espece_type values ( 75,1 );
insert into espece_type values ( 76,5 );
insert into espece_type values ( 77,15 );
insert into espece_type values ( 78,1 );
insert into espece_type values ( 79,8 );
insert into espece_type values ( 80,6 );
insert into espece_type values ( 81,14 );
insert into espece_type values ( 82,12 );
insert into espece_type values ( 83,7 );
insert into espece_type values ( 84,4 );
insert into espece_type values ( 85,14 );
insert into espece_type values ( 86,11 );
insert into espece_type values ( 87,0 );
insert into espece_type values ( 88,16 );
insert into espece_type values ( 89,0 );
insert into espece_type values ( 90,14 );
insert into espece_type values ( 91,14 );
insert into espece_type values ( 92,4 );
insert into espece_type values ( 93,2 );
insert into espece_type values ( 94,16 );
insert into espece_type values ( 95,15 );
insert into espece_type values ( 96,9 );
insert into espece_type values ( 97,6 );
insert into espece_type values ( 98,14 );
insert into espece_type values ( 99,16 );
insert into espece_type values ( 100,14 );
insert into espece_type values ( 101,5 );
insert into espece_type values ( 102,11 );
insert into espece_type values ( 103,5 );
insert into espece_type values ( 104,14 );
insert into espece_type values ( 105,4 );
insert into espece_type values ( 106,3 );
insert into espece_type values ( 107,13 );
insert into espece_type values ( 108,5 );
insert into espece_type values ( 109,3 );
insert into espece_type values ( 110,6 );
insert into espece_type values ( 111,8 );
insert into espece_type values ( 112,16 );
insert into espece_type values ( 113,6 );
insert into espece_type values ( 114,16 );
insert into espece_type values ( 115,12 );
insert into espece_type values ( 116,6 );
insert into espece_type values ( 117,14 );
insert into espece_type values ( 118,16 );
insert into espece_type values ( 119,13 );
insert into espece_type values ( 120,2 );
insert into espece_type values ( 121,8 );
insert into espece_type values ( 122,10 );
insert into espece_type values ( 123,11 );
insert into espece_type values ( 124,5 );
insert into espece_type values ( 125,0 );
insert into espece_type values ( 126,7 );
insert into espece_type values ( 127,5 );
insert into espece_type values ( 128,4 );
insert into espece_type values ( 129,16 );
insert into espece_type values ( 130,14 );
insert into espece_type values ( 131,11 );
insert into espece_type values ( 132,14 );
insert into espece_type values ( 133,15 );
insert into espece_type values ( 134,1 );
insert into espece_type values ( 135,5 );
insert into espece_type values ( 136,8 );
insert into espece_type values ( 137,1 );
insert into espece_type values ( 138,5 );
insert into espece_type values ( 139,6 );
insert into espece_type values ( 140,13 );
insert into espece_type values ( 141,8 );
insert into espece_type values ( 0,0 );
insert into espece_type values ( 139,1 );
insert into espece_type values ( 64,2 );
insert into espece_type values ( 127,3 );
insert into espece_type values ( 111,4 );
insert into espece_type values ( 16,5 );
insert into espece_type values ( 140,6 );
insert into espece_type values ( 81,7 );
insert into espece_type values ( 101,8 );
insert into espece_type values ( 55,9 );
insert into espece_type values ( 141,10 );
insert into espece_type values ( 128,11 );
insert into espece_type values ( 52,12 );
insert into espece_type values ( 44,13 );
insert into espece_type values ( 43,14 );
insert into espece_type values ( 21,15 );
insert into espece_type values ( 121,16 );
insert into espece_zone values ( 0,57 );
insert into espece_zone values ( 1,15 );
insert into espece_zone values ( 2,52 );
insert into espece_zone values ( 3,16 );
insert into espece_zone values ( 4,58 );
insert into espece_zone values ( 5,46 );
insert into espece_zone values ( 6,10 );
insert into espece_zone values ( 7,15 );
insert into espece_zone values ( 8,56 );
insert into espece_zone values ( 9,13 );
insert into espece_zone values ( 10,50 );
insert into espece_zone values ( 11,40 );
insert into espece_zone values ( 12,25 );
insert into espece_zone values ( 13,9 );
insert into espece_zone values ( 14,33 );
insert into espece_zone values ( 15,3 );
insert into espece_zone values ( 16,31 );
insert into espece_zone values ( 17,6 );
insert into espece_zone values ( 18,46 );
insert into espece_zone values ( 19,61 );
insert into espece_zone values ( 20,55 );
insert into espece_zone values ( 21,5 );
insert into espece_zone values ( 22,6 );
insert into espece_zone values ( 23,12 );
insert into espece_zone values ( 24,35 );
insert into espece_zone values ( 25,1 );
insert into espece_zone values ( 26,31 );
insert into espece_zone values ( 27,27 );
insert into espece_zone values ( 28,63 );
insert into espece_zone values ( 29,22 );
insert into espece_zone values ( 30,39 );
insert into espece_zone values ( 31,62 );
insert into espece_zone values ( 32,53 );
insert into espece_zone values ( 33,20 );
insert into espece_zone values ( 34,20 );
insert into espece_zone values ( 35,42 );
insert into espece_zone values ( 36,71 );
insert into espece_zone values ( 37,38 );
insert into espece_zone values ( 38,33 );
insert into espece_zone values ( 39,58 );
insert into espece_zone values ( 40,66 );
insert into espece_zone values ( 41,5 );
insert into espece_zone values ( 42,25 );
insert into espece_zone values ( 43,27 );
insert into espece_zone values ( 44,59 );
insert into espece_zone values ( 45,9 );
insert into espece_zone values ( 46,58 );
insert into espece_zone values ( 47,59 );
insert into espece_zone values ( 48,30 );
insert into espece_zone values ( 49,18 );
insert into espece_zone values ( 50,37 );
insert into espece_zone values ( 51,26 );
insert into espece_zone values ( 52,64 );
insert into espece_zone values ( 53,47 );
insert into espece_zone values ( 54,28 );
insert into espece_zone values ( 55,55 );
insert into espece_zone values ( 56,42 );
insert into espece_zone values ( 57,35 );
insert into espece_zone values ( 58,23 );
insert into espece_zone values ( 59,50 );
insert into espece_zone values ( 60,60 );
insert into espece_zone values ( 61,20 );
insert into espece_zone values ( 62,13 );
insert into espece_zone values ( 63,2 );
insert into espece_zone values ( 64,68 );
insert into espece_zone values ( 65,9 );
insert into espece_zone values ( 66,10 );
insert into espece_zone values ( 67,2 );
insert into espece_zone values ( 68,41 );
insert into espece_zone values ( 69,63 );
insert into espece_zone values ( 70,13 );
insert into espece_zone values ( 71,67 );
insert into espece_zone values ( 72,4 );
insert into espece_zone values ( 73,2 );
insert into espece_zone values ( 74,32 );
insert into espece_zone values ( 75,55 );
insert into espece_zone values ( 76,49 );
insert into espece_zone values ( 77,41 );
insert into espece_zone values ( 78,70 );
insert into espece_zone values ( 79,3 );
insert into espece_zone values ( 80,52 );
insert into espece_zone values ( 81,35 );
insert into espece_zone values ( 82,3 );
insert into espece_zone values ( 83,36 );
insert into espece_zone values ( 84,63 );
insert into espece_zone values ( 85,68 );
insert into espece_zone values ( 86,19 );
insert into espece_zone values ( 87,16 );
insert into espece_zone values ( 88,16 );
insert into espece_zone values ( 89,37 );
insert into espece_zone values ( 90,29 );
insert into espece_zone values ( 91,41 );
insert into espece_zone values ( 92,0 );
insert into espece_zone values ( 93,72 );
insert into espece_zone values ( 94,52 );
insert into espece_zone values ( 95,31 );
insert into espece_zone values ( 96,54 );
insert into espece_zone values ( 97,2 );
insert into espece_zone values ( 98,16 );
insert into espece_zone values ( 99,5 );
insert into espece_zone values ( 100,37 );
insert into espece_zone values ( 101,46 );
insert into espece_zone values ( 102,51 );
insert into espece_zone values ( 103,48 );
insert into espece_zone values ( 104,44 );
insert into espece_zone values ( 105,69 );
insert into espece_zone values ( 106,56 );
insert into espece_zone values ( 107,1 );
insert into espece_zone values ( 108,44 );
insert into espece_zone values ( 109,5 );
insert into espece_zone values ( 110,26 );
insert into espece_zone values ( 111,30 );
insert into espece_zone values ( 112,52 );
insert into espece_zone values ( 113,56 );
insert into espece_zone values ( 114,52 );
insert into espece_zone values ( 115,31 );
insert into espece_zone values ( 116,49 );
insert into espece_zone values ( 117,25 );
insert into espece_zone values ( 118,49 );
insert into espece_zone values ( 119,55 );
insert into espece_zone values ( 120,51 );
insert into espece_zone values ( 121,55 );
insert into espece_zone values ( 122,8 );
insert into espece_zone values ( 123,52 );
insert into espece_zone values ( 124,8 );
insert into espece_zone values ( 125,62 );
insert into espece_zone values ( 126,25 );
insert into espece_zone values ( 127,21 );
insert into espece_zone values ( 128,29 );
insert into espece_zone values ( 129,11 );
insert into espece_zone values ( 130,3 );
insert into espece_zone values ( 131,70 );
insert into espece_zone values ( 132,32 );
insert into espece_zone values ( 133,68 );
insert into espece_zone values ( 134,23 );
insert into espece_zone values ( 135,71 );
insert into espece_zone values ( 136,22 );
insert into espece_zone values ( 137,7 );
insert into espece_zone values ( 138,1 );
insert into espece_zone values ( 139,59 );
insert into espece_zone values ( 140,54 );
insert into espece_zone values ( 141,22 );
insert into espece_zone values ( 105,0 );
insert into espece_zone values ( 33,1 );
insert into espece_zone values ( 45,2 );
insert into espece_zone values ( 11,3 );
insert into espece_zone values ( 97,4 );
insert into espece_zone values ( 100,5 );
insert into espece_zone values ( 92,6 );
insert into espece_zone values ( 57,7 );
insert into espece_zone values ( 103,9 );
insert into espece_zone values ( 10,10 );
insert into espece_zone values ( 78,11 );
insert into espece_zone values ( 28,12 );
insert into espece_zone values ( 113,13 );
insert into espece_zone values ( 82,14 );
insert into espece_zone values ( 14,15 );
insert into espece_zone values ( 114,16 );
insert into espece_zone values ( 119,17 );
insert into espece_zone values ( 29,18 );
insert into espece_zone values ( 110,19 );
insert into espece_zone values ( 62,20 );
insert into espece_zone values ( 107,21 );
insert into espece_zone values ( 20,22 );
insert into espece_zone values ( 71,23 );
insert into espece_zone values ( 31,24 );
insert into espece_zone values ( 29,25 );
insert into espece_zone values ( 56,26 );
insert into espece_zone values ( 37,27 );
insert into espece_zone values ( 120,28 );
insert into espece_zone values ( 52,29 );
insert into espece_zone values ( 57,31 );
insert into espece_zone values ( 92,32 );
insert into espece_zone values ( 59,33 );
insert into espece_zone values ( 47,34 );
insert into espece_zone values ( 82,35 );
insert into espece_zone values ( 61,36 );
insert into espece_zone values ( 140,37 );
insert into espece_zone values ( 120,38 );
insert into espece_zone values ( 34,39 );
insert into espece_zone values ( 139,40 );
insert into espece_zone values ( 25,41 );
insert into espece_zone values ( 61,42 );
insert into espece_zone values ( 17,43 );
insert into espece_zone values ( 63,44 );
insert into espece_zone values ( 36,45 );
insert into espece_zone values ( 67,46 );
insert into espece_zone values ( 97,47 );
insert into espece_zone values ( 7,48 );
insert into espece_zone values ( 51,49 );
insert into espece_zone values ( 125,50 );
insert into espece_zone values ( 55,51 );
insert into espece_zone values ( 33,52 );
insert into espece_zone values ( 82,53 );
insert into espece_zone values ( 36,54 );
insert into espece_zone values ( 125,55 );
insert into espece_zone values ( 61,56 );
insert into espece_zone values ( 65,57 );
insert into espece_zone values ( 22,58 );
insert into espece_zone values ( 17,59 );
insert into espece_zone values ( 79,60 );
insert into espece_zone values ( 133,61 );
insert into espece_zone values ( 130,62 );
insert into espece_zone values ( 118,63 );
insert into espece_zone values ( 20,64 );
insert into espece_zone values ( 49,65 );
insert into espece_zone values ( 27,66 );
insert into espece_zone values ( 20,67 );
insert into espece_zone values ( 81,68 );
insert into espece_zone values ( 119,69 );
insert into espece_zone values ( 53,70 );
insert into espece_zone values ( 14,71 );
insert into espece_zone values ( 61,72 );
insert into monstropoche_attaque values ( 0,18 );
insert into monstropoche_attaque values ( 1,4 );
insert into monstropoche_attaque values ( 2,3 );
insert into monstropoche_attaque values ( 3,7 );
insert into monstropoche_attaque values ( 4,19 );
insert into monstropoche_attaque values ( 5,28 );
insert into monstropoche_attaque values ( 6,4 );
insert into monstropoche_attaque values ( 7,18 );
insert into monstropoche_attaque values ( 8,0 );
insert into monstropoche_attaque values ( 9,2 );
insert into monstropoche_attaque values ( 10,0 );
insert into monstropoche_attaque values ( 11,15 );
insert into monstropoche_attaque values ( 12,1 );
insert into monstropoche_attaque values ( 13,21 );
insert into monstropoche_attaque values ( 14,16 );
insert into monstropoche_attaque values ( 15,16 );
insert into monstropoche_attaque values ( 16,7 );
insert into monstropoche_attaque values ( 17,20 );
insert into monstropoche_attaque values ( 18,18 );
insert into monstropoche_attaque values ( 19,25 );
insert into monstropoche_attaque values ( 20,11 );
insert into monstropoche_attaque values ( 21,9 );
insert into monstropoche_attaque values ( 22,27 );
insert into monstropoche_attaque values ( 23,11 );
insert into monstropoche_attaque values ( 24,17 );
insert into monstropoche_attaque values ( 25,23 );
insert into monstropoche_attaque values ( 26,25 );
insert into monstropoche_attaque values ( 27,19 );
insert into monstropoche_attaque values ( 28,17 );
insert into monstropoche_attaque values ( 29,13 );
insert into monstropoche_attaque values ( 30,24 );
insert into monstropoche_attaque values ( 31,5 );
insert into monstropoche_attaque values ( 32,16 );
insert into monstropoche_attaque values ( 33,12 );
insert into monstropoche_attaque values ( 34,24 );
insert into monstropoche_attaque values ( 35,14 );
insert into monstropoche_attaque values ( 36,25 );
insert into monstropoche_attaque values ( 37,0 );
insert into monstropoche_attaque values ( 38,5 );
insert into monstropoche_attaque values ( 39,26 );
insert into monstropoche_attaque values ( 40,10 );
insert into monstropoche_attaque values ( 41,21 );
insert into monstropoche_attaque values ( 42,1 );
insert into monstropoche_attaque values ( 43,8 );
insert into monstropoche_attaque values ( 44,22 );
insert into monstropoche_attaque values ( 45,21 );
insert into monstropoche_attaque values ( 46,26 );
insert into monstropoche_attaque values ( 47,2 );
insert into monstropoche_attaque values ( 48,8 );
insert into monstropoche_attaque values ( 49,5 );
insert into monstropoche_attaque values ( 50,27 );
insert into monstropoche_attaque values ( 51,27 );
insert into monstropoche_attaque values ( 52,12 );
insert into monstropoche_attaque values ( 53,19 );
insert into monstropoche_attaque values ( 54,1 );
insert into monstropoche_attaque values ( 55,27 );
insert into monstropoche_attaque values ( 56,6 );
insert into monstropoche_attaque values ( 57,3 );
insert into monstropoche_attaque values ( 58,0 );
insert into monstropoche_attaque values ( 59,16 );
insert into monstropoche_attaque values ( 60,2 );
insert into monstropoche_attaque values ( 61,10 );
insert into monstropoche_attaque values ( 62,4 );
insert into monstropoche_attaque values ( 63,21 );
insert into monstropoche_attaque values ( 64,3 );
insert into monstropoche_attaque values ( 65,28 );
insert into monstropoche_attaque values ( 66,22 );
insert into monstropoche_attaque values ( 67,26 );
insert into monstropoche_attaque values ( 68,11 );
insert into monstropoche_attaque values ( 69,7 );
insert into monstropoche_attaque values ( 70,9 );
insert into monstropoche_attaque values ( 71,19 );
insert into monstropoche_attaque values ( 72,18 );
insert into monstropoche_attaque values ( 73,9 );
insert into monstropoche_attaque values ( 74,14 );
insert into monstropoche_attaque values ( 75,14 );
insert into monstropoche_attaque values ( 76,9 );
insert into monstropoche_attaque values ( 77,24 );
insert into monstropoche_attaque values ( 78,7 );
insert into monstropoche_attaque values ( 79,13 );
insert into monstropoche_attaque values ( 80,3 );
insert into monstropoche_attaque values ( 81,24 );
insert into monstropoche_attaque values ( 82,11 );
insert into monstropoche_attaque values ( 83,8 );
insert into monstropoche_attaque values ( 84,2 );
insert into monstropoche_attaque values ( 85,24 );
insert into monstropoche_attaque values ( 86,7 );
insert into monstropoche_attaque values ( 87,1 );
insert into monstropoche_attaque values ( 88,16 );
insert into monstropoche_attaque values ( 89,17 );
insert into monstropoche_attaque values ( 90,6 );
insert into monstropoche_attaque values ( 91,6 );
insert into monstropoche_attaque values ( 92,28 );
insert into monstropoche_attaque values ( 93,13 );
insert into monstropoche_attaque values ( 94,9 );
insert into monstropoche_attaque values ( 95,11 );
insert into monstropoche_attaque values ( 96,15 );
insert into monstropoche_attaque values ( 97,24 );
insert into monstropoche_attaque values ( 98,25 );
insert into monstropoche_attaque values ( 99,14 );
insert into monstropoche_attaque values ( 47,0 );
insert into monstropoche_attaque values ( 55,1 );
insert into monstropoche_attaque values ( 43,2 );
insert into monstropoche_attaque values ( 66,3 );
insert into monstropoche_attaque values ( 53,4 );
insert into monstropoche_attaque values ( 37,5 );
insert into monstropoche_attaque values ( 86,6 );
insert into monstropoche_attaque values ( 77,7 );
insert into monstropoche_attaque values ( 71,8 );
insert into monstropoche_attaque values ( 20,9 );
insert into monstropoche_attaque values ( 87,10 );
insert into monstropoche_attaque values ( 37,11 );
insert into monstropoche_attaque values ( 34,12 );
insert into monstropoche_attaque values ( 53,13 );
insert into monstropoche_attaque values ( 8,14 );
insert into monstropoche_attaque values ( 14,15 );
insert into monstropoche_attaque values ( 99,16 );
insert into monstropoche_attaque values ( 11,17 );
insert into monstropoche_attaque values ( 14,18 );
insert into monstropoche_attaque values ( 30,19 );
insert into monstropoche_attaque values ( 46,20 );
insert into monstropoche_attaque values ( 59,21 );
insert into monstropoche_attaque values ( 51,22 );
insert into monstropoche_attaque values ( 29,23 );
insert into monstropoche_attaque values ( 29,24 );
insert into monstropoche_attaque values ( 3,25 );
insert into monstropoche_attaque values ( 80,26 );
insert into monstropoche_attaque values ( 92,27 );
insert into monstropoche_attaque values ( 82,28 );
