drop table monstropoche_attaque;
drop table espece_zone;
drop table espece_type;
drop table objet_zone;
drop table monstropoche;
drop table espece;
drop table etat;
drop table genre;
drop table objet;
drop table zone;
drop table attaque;
drop table type;
drop table proprietaire;

create table proprietaire (
  id int not null,
  nom varchar(255) not null,
  primary key(id)
);
create table type (
  id int not null,
  nom varchar(255) not null,
  primary key(id)
);
create table attaque (
  id int not null,
  type_id int not null,
  nom varchar(255) not null,
  puissance int not null,
  perequis int not null,
  precizion int not null,
  constraint fk_attaque_type foreign key (type_id) references type(id),
  primary key(id)
);
create table zone (id int not null,
  nom varchar(255) not null,
  primary key(id)
);
create table objet (id int not null,
  nom varchar(255) not null,
  est_unique number(1) not null,
  est_defensif number(1),
  est_offensif number(1),
  primary key(id)
);
create table genre (id int not null,
  femelle number(1) not null,
  male number(1) not null,
  primary key(id)
);
create table etat (id int not null,
  nom varchar(255) not null,
  primary key(id)
);
create table espece (
  id int not null,
  objet_id int,
  source_id int,
  nom varchar(255) not null,
  constraint fk_espece_objet foreign key (objet_id) references objet(id),
  constraint fk_espece_espece foreign key (source_id) references espece(id),
  primary key(id)
);
create table monstropoche (id int not null,
  surnom varchar(255) not null,
  proprietaire_id int,
  genre_id int not null,
  etat_id int not null,
  objet_id int,
  espece_id int not null,
  pv int not null,
  pe int not null,
  pv_actuel int not null,
  constraint fk_monstropoche_proprietaire foreign key (proprietaire_id) references proprietaire(id),
  constraint fk_monstropoche_genre foreign key (genre_id) references genre(id),
  constraint fk_monstropoche_etat foreign key (etat_id) references etat(id),
  constraint fk_monstropoche_objet foreign key (objet_id) references objet(id),
  constraint fk_monstropoche_espece foreign key (espece_id) references espece(id),
  primary key(id)
);
create table objet_zone (objet_id int not null,
  zone_id int not null,
  constraint fk_objet_zone_objet foreign key (objet_id) references objet(id),
  constraint fk_objet_zone_zone foreign key (zone_id) references zone(id),
  primary key(objet_id,
  zone_id)
);
create table espece_type (espece_id int not null,
  type_id int not null,
  constraint fk_espece_type_espece foreign key (espece_id) references espece(id),
  constraint fk_espece_type_type foreign key (type_id) references type(id),
  primary key(espece_id,
  type_id)
);
create table espece_zone (espece_id int not null,
  zone_id int not null,
  constraint fk_espece_zone_espece foreign key (espece_id) references espece(id),
  constraint fk_espece_zone_zone foreign key (zone_id) references zone(id),
  primary key(espece_id,
  zone_id)
);
create table monstropoche_attaque (monstropoche_id int not null,
  attaque_id int not null,
  constraint fk_monstropoche_attaque_m foreign key (monstropoche_id) references monstropoche(id),
  constraint fk_monstropoche_attaque_a foreign key (attaque_id) references attaque(id),
  primary key(monstropoche_id,
  attaque_id)
);

delete from monstropoche_attaque;
delete from espece_zone;
delete from espece_type;
delete from objet_zone;
delete from monstropoche;
delete from espece;
delete from etat;
delete from type;
delete from genre;
delete from objet;
delete from attaque;
delete from zone;
delete from proprietaire;
delete from monstropoche_attaque;
delete from espece_zone;
delete from espece_type;
delete from objet_zone;
delete from monstropoche;
delete from espece;
delete from etat;
delete from type;
delete from genre;
delete from objet;
delete from attaque;
delete from zone;
delete from proprietaire;

insert into proprietaire values ( 0,'Yanis Richard II' );
insert into proprietaire values ( 1,'Maëlle Le roux' );
insert into proprietaire values ( 2,'Mathéo Lacroix' );
insert into proprietaire values ( 3,'Victor Deschamps' );
insert into proprietaire values ( 4,'Ines Nguyen' );
insert into proprietaire values ( 5,'Léo Adam' );
insert into proprietaire values ( 6,'Antoine Meunier' );
insert into proprietaire values ( 7,'Dr Lena Gerard' );
insert into proprietaire values ( 8,'M Baptiste Laine' );
insert into proprietaire values ( 9,'Prof Adrien Faure' );
insert into proprietaire values ( 10,'Prof Mael Fernandez' );
insert into proprietaire values ( 11,'Sarah Robert Sr.' );
insert into proprietaire values ( 12,'Sarah Giraud' );
insert into proprietaire values ( 13,'Manon Colin' );
insert into proprietaire values ( 14,'Mattéo Fernandez Sr.' );
insert into proprietaire values ( 15,'Tom Benoit' );
insert into proprietaire values ( 16,'Lucie Simon' );
insert into proprietaire values ( 17,'Clara Muller' );
insert into proprietaire values ( 18,'Dr Victor Paris' );
insert into proprietaire values ( 19,'Lena Rodriguez' );
insert into proprietaire values ( 20,'Marie Roy' );
insert into proprietaire values ( 21,'Anaïs Bonnet' );
insert into proprietaire values ( 22,'Océane Petit' );
insert into proprietaire values ( 23,'Alexandre Leclerc' );
insert into proprietaire values ( 24,'Yanis Moreau II' );
insert into proprietaire values ( 25,'Victor Picard' );
insert into proprietaire values ( 26,'Julie Adam' );
insert into proprietaire values ( 27,'Noa Aubry' );
insert into proprietaire values ( 28,'Thomas Renaud' );
insert into proprietaire values ( 29,'Léo Roussel' );
insert into proprietaire values ( 30,'Rayan Bonnet I' );
insert into proprietaire values ( 31,'Adrien Guerin' );
insert into proprietaire values ( 32,'Gabriel Girard' );
insert into proprietaire values ( 33,'Louna Lucas III' );
insert into proprietaire values ( 34,'Lisa Arnaud' );
insert into proprietaire values ( 35,'Baptiste Martin' );
insert into proprietaire values ( 36,'Noa Menard' );
insert into proprietaire values ( 37,'Lena Bonnet' );
insert into proprietaire values ( 38,'Ambre Rey' );
insert into proprietaire values ( 39,'Enzo Lecomte' );
insert into proprietaire values ( 40,'Kylian Maillard' );
insert into proprietaire values ( 41,'Mael Bourgeois' );
insert into proprietaire values ( 42,'Valentin Petit' );
insert into proprietaire values ( 43,'Juliette Duval' );
insert into proprietaire values ( 44,'Sacha Andre' );
insert into proprietaire values ( 45,'Julie Carpentier' );
insert into proprietaire values ( 46,'Alicia Marchand' );
insert into proprietaire values ( 47,'Kylian Benoit' );
insert into proprietaire values ( 48,'Benjamin Riviere' );
insert into proprietaire values ( 49,'Mme Sacha Huet' );
insert into proprietaire values ( 50,'Alice Barbier' );
insert into proprietaire values ( 51,'Jules Barre' );
insert into proprietaire values ( 52,'Mathilde Lecomte' );
insert into proprietaire values ( 53,'Laura Marchal' );
insert into proprietaire values ( 54,'Prof Chloé Chevalier' );
insert into proprietaire values ( 55,'Lena Laurent' );
insert into proprietaire values ( 56,'Mélissa Bernard' );
insert into proprietaire values ( 57,'Yanis Perrin' );
insert into proprietaire values ( 58,'Ines Aubert' );
insert into proprietaire values ( 59,'Alicia Jean' );
insert into proprietaire values ( 60,'Arthur Marie' );
insert into proprietaire values ( 61,'Victor Marty' );
insert into proprietaire values ( 62,'Océane Remy II' );
insert into proprietaire values ( 63,'Mme Mael Bernard' );
insert into proprietaire values ( 64,'Evan Fournier' );
insert into proprietaire values ( 65,'Clara Barre' );
insert into proprietaire values ( 66,'Lilou Vasseur' );
insert into proprietaire values ( 67,'Baptiste Girard' );
insert into proprietaire values ( 68,'Thomas Carpentier' );
insert into proprietaire values ( 69,'Clara Masson' );
insert into proprietaire values ( 70,'Lou Carre' );
insert into proprietaire values ( 71,'Ethan Laurent' );
insert into proprietaire values ( 72,'Eva Le roux' );
insert into proprietaire values ( 73,'Noa Lemoine' );
insert into proprietaire values ( 74,'Chloé Roger' );
insert into proprietaire values ( 75,'Océane Gauthier' );
insert into proprietaire values ( 76,'Thomas Roussel' );
insert into proprietaire values ( 77,'Prof Lucie Renard' );
insert into proprietaire values ( 78,'Axel Lecomte' );
insert into proprietaire values ( 79,'Noémie Nguyen' );
insert into proprietaire values ( 80,'Justine Robin' );
insert into proprietaire values ( 81,'Rayan Francois' );
insert into proprietaire values ( 82,'Evan Dubois' );
insert into proprietaire values ( 83,'Lina Meyer' );
insert into proprietaire values ( 84,'Maxence Lemaire' );
insert into proprietaire values ( 85,'Jeanne Guyot' );
insert into proprietaire values ( 86,'Laura Breton' );
insert into proprietaire values ( 87,'Marie Bourgeois V' );
insert into proprietaire values ( 88,'Romain Guyot' );
insert into proprietaire values ( 89,'Anaïs Roger' );
insert into proprietaire values ( 90,'Prof Maëlle Joly' );
insert into proprietaire values ( 91,'Célia Garnier DDS' );
insert into proprietaire values ( 92,'Maeva Roger' );
insert into proprietaire values ( 93,'Océane Denis' );
insert into proprietaire values ( 94,'Alexandre Cousin' );
insert into proprietaire values ( 95,'Mattéo Huet' );
insert into proprietaire values ( 96,'Tom Berger' );
insert into proprietaire values ( 97,'Adrien Arnaud' );
insert into proprietaire values ( 98,'Kylian Martin' );
insert into type values ( 0,'Glace' );
insert into type values ( 1,'Dragon' );
insert into type values ( 2,'Sol' );
insert into type values ( 3,'Plante' );
insert into type values ( 4,'Feu' );
insert into type values ( 5,'Eau' );
insert into type values ( 6,'Électrique' );
insert into type values ( 7,'Psy' );
insert into type values ( 8,'Spectre' );
insert into type values ( 9,'Ténèbre' );
insert into type values ( 10,'Fée' );
insert into type values ( 11,'Acier' );
insert into type values ( 12,'Poison' );
insert into type values ( 13,'Roche' );
insert into type values ( 14,'Combat' );
insert into type values ( 15,'Insecte' );
insert into type values ( 16,'Normal' );
insert into attaque values ( 0,16,'Triplattaque',154,0,40 );
insert into attaque values ( 1,12,'Escalade',18,84,64 );
insert into attaque values ( 2,11,'Morphing',141,84,71 );
insert into attaque values ( 3,0,'Vœu',30,24,73 );
insert into attaque values ( 4,2,'Grobisou',105,9,26 );
insert into attaque values ( 5,14,'Pilonnage',204,71,80 );
insert into attaque values ( 6,1,'Recyclage',116,85,88 );
insert into attaque values ( 7,1,'Regard Médusant',57,38,33 );
insert into attaque values ( 8,8,'E-Coque',185,86,33 );
insert into attaque values ( 9,2,'Constriction',213,89,85 );
insert into attaque values ( 10,5,'Picanon',180,98,29 );
insert into attaque values ( 11,11,'Uppercut',15,71,85 );
insert into attaque values ( 12,5,'Coup de Main',92,91,43 );
insert into attaque values ( 13,14,'Flash',110,60,54 );
insert into attaque values ( 14,4,'Conversion',163,37,52 );
insert into attaque values ( 15,1,'Affûtage',70,65,79 );
insert into attaque values ( 16,4,'Croc de Mort',124,88,47 );
insert into attaque values ( 17,4,'Par Ici',56,92,27 );
insert into attaque values ( 18,8,'Attrition',198,18,89 );
insert into attaque values ( 19,9,'Force-Nature',55,41,72 );
insert into attaque values ( 20,6,'Combo-Griffe',118,54,52 );
insert into attaque values ( 21,12,'Explosion',162,73,7 );
insert into attaque values ( 22,1,'Trempette',13,52,82 );
insert into attaque values ( 23,14,'Exuviation',158,10,80 );
insert into attaque values ( 24,14,'CoudKrâne',147,24,100 );
insert into attaque values ( 25,0,'Météores',22,52,74 );
insert into attaque values ( 26,12,'Relais',123,91,61 );
insert into attaque values ( 27,10,'Rengorgement',212,20,16 );
insert into attaque values ( 28,2,'BoulArmure',83,66,71 );
insert into zone values ( 0,'Greece' );
insert into zone values ( 1,'Chad' );
insert into zone values ( 2,'Tanzania' );
insert into zone values ( 3,'Martinique' );
insert into zone values ( 4,'Kiribati' );
insert into zone values ( 5,'Maldives' );
insert into zone values ( 6,'Madagascar' );
insert into zone values ( 7,'Saint Vincent and the Grenadines' );
insert into zone values ( 8,'Norfolk Island' );
insert into zone values ( 9,'Lesotho' );
insert into zone values ( 10,'Timor-Leste' );
insert into zone values ( 11,'Netherlands Antilles' );
insert into zone values ( 12,'Cambodia' );
insert into zone values ( 13,'Greenland' );
insert into zone values ( 14,'Cape Verde' );
insert into zone values ( 15,'Democratic Peoples Republic of Korea' );
insert into zone values ( 16,'Saint Barthelemy' );
insert into zone values ( 17,'Solomon Islands' );
insert into zone values ( 18,'Niue' );
insert into zone values ( 19,'United Kingdom' );
insert into zone values ( 20,'Macedonia' );
insert into zone values ( 21,'Gabon' );
insert into zone values ( 22,'Hong Kong' );
insert into zone values ( 23,'Namibia' );
insert into zone values ( 24,'Paraguay' );
insert into zone values ( 25,'Cote dIvoire' );
insert into zone values ( 26,'Micronesia' );
insert into zone values ( 27,'Anguilla' );
insert into zone values ( 28,'Sudan' );
insert into zone values ( 29,'Israel' );
insert into zone values ( 30,'New Caledonia' );
insert into zone values ( 31,'Moldova' );
insert into zone values ( 32,'Canada' );
insert into zone values ( 33,'Guernsey' );
insert into zone values ( 34,'Papua New Guinea' );
insert into zone values ( 35,'Spain' );
insert into zone values ( 36,'Monaco' );
insert into zone values ( 37,'Estonia' );
insert into zone values ( 38,'Malawi' );
insert into zone values ( 39,'Nauru' );
insert into zone values ( 40,'Algeria' );
insert into zone values ( 41,'Czech Republic' );
insert into zone values ( 42,'Gambia' );
insert into zone values ( 43,'Lebanon' );
insert into zone values ( 44,'Italy' );
insert into zone values ( 45,'Togo' );
insert into zone values ( 46,'Honduras' );
insert into zone values ( 47,'Portugal' );
insert into zone values ( 48,'France' );
insert into zone values ( 49,'Saudi Arabia' );
insert into zone values ( 50,'Turkmenistan' );
insert into zone values ( 51,'Central African Republic' );
insert into zone values ( 52,'Guam' );
insert into zone values ( 53,'Uzbekistan' );
insert into zone values ( 54,'Costa Rica' );
insert into zone values ( 55,'Antigua and Barbuda' );
insert into zone values ( 56,'Myanmar' );
insert into zone values ( 57,'Saint Lucia' );
insert into zone values ( 58,'India' );
insert into zone values ( 59,'Hungary' );
insert into zone values ( 60,'Guadeloupe' );
insert into zone values ( 61,'Grenada' );
insert into zone values ( 62,'Guyana' );
insert into zone values ( 63,'Cuba' );
insert into zone values ( 64,'Albania' );
insert into zone values ( 65,'Norway' );
insert into zone values ( 66,'Gibraltar' );
insert into zone values ( 67,'Christmas Island' );
insert into zone values ( 68,'Ukraine' );
insert into zone values ( 69,'Fiji' );
insert into zone values ( 70,'Tonga' );
insert into zone values ( 71,'Serbia' );
insert into zone values ( 72,'Pakistan' );
insert into zone values ( 73,'Switzerland' );
insert into zone values ( 74,'Liberia' );
insert into zone values ( 75,'Macao' );
insert into zone values ( 76,'Egypt' );
insert into zone values ( 77,'Netherlands' );
insert into zone values ( 78,'Russian Federation' );
insert into zone values ( 79,'Isle of Man' );
insert into zone values ( 80,'Barbados' );
insert into zone values ( 81,'French Southern Territories' );
insert into zone values ( 82,'Saint Helena' );
insert into zone values ( 83,'Comoros' );
insert into zone values ( 84,'Libyan Arab Jamahiriya' );
insert into objet values ( 0,'Défense +',0,1,0 );
insert into objet values ( 1,'Muscle +',1,1,0 );
insert into objet values ( 2,'Défense Spéc',0,0,0 );
insert into objet values ( 3,'Déf. Spé. +',1,0,0 );
insert into objet values ( 4,'Attaque +',1,0,1 );
insert into objet values ( 5,'Spécial +',0,1,0 );
insert into objet values ( 6,'Précision +',1,1,0 );
insert into objet values ( 7,'Vitesse +',0,0,1 );
insert into objet values ( 8,'Baie Tamato',0,1,0 );
insert into objet values ( 9,'Baie Résin',0,0,1 );
insert into objet values ( 10,'Baie Lonme',1,0,0 );
insert into objet values ( 11,'Baie Qualot',0,1,0 );
insert into objet values ( 12,'Baie Alga',0,0,0 );
insert into objet values ( 13,'Baie Grena',0,0,0 );
insert into objet values ( 14,'Baie Mepo',1,0,0 );
insert into objet values ( 15,'Baie Willia',0,0,0 );
insert into objet values ( 16,'Baie Fraive',1,0,1 );
insert into objet values ( 17,'Baie Pêcha',1,0,0 );
insert into objet values ( 18,'Baie Maron',0,1,0 );
insert into objet values ( 19,'Baie Oran',0,1,1 );
insert into genre values ( 0,0,0 );
insert into genre values ( 1,0,1 );
insert into genre values ( 2,1,1 );
insert into genre values ( 3,1,0 );
insert into etat values ( 0,'Mission' );
insert into etat values ( 1,'Repos' );
insert into etat values ( 2,'Reproduction' );
insert into espece values ( 0,null,null,'Bulbizarre' );
insert into espece values ( 1,null,null,'Chenipan' );
insert into espece values ( 2,null,null,'Voltorbe' );
insert into espece values ( 3,3,null,'Électrode' );
insert into espece values ( 4,null,null,'Nœunœuf' );
insert into espece values ( 5,null,null,'Noadkoko' );
insert into espece values ( 6,null,null,'Osselait' );
insert into espece values ( 7,null,null,'Ossatueur' );
insert into espece values ( 8,null,6,'Kicklee' );
insert into espece values ( 9,null,3,'Tygnon' );
insert into espece values ( 10,null,3,'Excelangue' );
insert into espece values ( 11,null,null,'Smogo' );
insert into espece values ( 12,null,null,'Chrysacier' );
insert into espece values ( 13,null,null,'Smogogo' );
insert into espece values ( 14,null,null,'Rhinocorne' );
insert into espece values ( 15,null,null,'Rhinoféros' );
insert into espece values ( 16,null,null,'Leveinard' );
insert into espece values ( 17,null,null,'Saquedeneu' );
insert into espece values ( 18,null,null,'Kangourex' );
insert into espece values ( 19,null,null,'Hypotrempe' );
insert into espece values ( 20,null,null,'Hypocéan' );
insert into espece values ( 21,null,null,'Poissirène' );
insert into espece values ( 22,null,null,'Poissoroy' );
insert into espece values ( 23,null,null,'Papilusion' );
insert into espece values ( 24,null,null,'Stari' );
insert into espece values ( 25,null,null,'Staross' );
insert into espece values ( 26,null,17,'M.Mime' );
insert into espece values ( 27,null,null,'Insécateur' );
insert into espece values ( 28,null,null,'Lippoutou' );
insert into espece values ( 29,null,null,'Élektek' );
insert into espece values ( 30,null,null,'Magmar' );
insert into espece values ( 31,null,null,'Scarabrute' );
insert into espece values ( 32,null,null,'Tauros' );
insert into espece values ( 33,null,null,'Magicarpe' );
insert into espece values ( 34,null,null,'Aspicot' );
insert into espece values ( 35,null,null,'Léviator' );
insert into espece values ( 36,null,null,'Lokhlass' );
insert into espece values ( 37,null,null,'Métamorph' );
insert into espece values ( 38,null,null,'Évoli' );
insert into espece values ( 39,null,null,'Aquali' );
insert into espece values ( 40,null,null,'Voltali' );
insert into espece values ( 41,null,null,'Pyroli' );
insert into espece values ( 42,null,null,'Porygon' );
insert into espece values ( 43,null,null,'Amonita' );
insert into espece values ( 44,null,null,'Amonistar' );
insert into espece values ( 45,null,null,'Coconfort' );
insert into espece values ( 46,null,null,'Kabuto' );
insert into espece values ( 47,null,null,'Kabutops' );
insert into espece values ( 48,null,null,'Ptéra' );
insert into espece values ( 49,null,null,'Ronflex' );
insert into espece values ( 50,null,null,'Artikodin' );
insert into espece values ( 51,0,null,'Électhor' );
insert into espece values ( 52,null,null,'Sulfura' );
insert into espece values ( 53,14,null,'Minidraco' );
insert into espece values ( 54,null,null,'Draco' );
insert into espece values ( 55,null,null,'Dracolosse' );
insert into espece values ( 56,null,55,'Dardargnan' );
insert into espece values ( 57,null,null,'Mewtwo' );
insert into espece values ( 58,null,null,'Mew' );
insert into espece values ( 59,null,null,'Roucool' );
insert into espece values ( 60,null,null,'Roucoups' );
insert into espece values ( 61,null,null,'Roucarnage' );
insert into espece values ( 62,null,null,'Rattata' );
insert into espece values ( 63,null,null,'Herbizarre' );
insert into espece values ( 64,null,null,'Rattatac' );
insert into espece values ( 65,null,null,'Piafabec' );
insert into espece values ( 66,null,null,'Rapasdepic' );
insert into espece values ( 67,null,null,'Abo' );
insert into espece values ( 68,null,null,'Arbok' );
insert into espece values ( 69,null,null,'Pikachu' );
insert into espece values ( 70,null,null,'Raichu' );
insert into espece values ( 71,null,null,'Sabelette' );
insert into espece values ( 72,null,null,'Sablaireau' );
insert into espece values ( 73,null,null,'Nidoran♀' );
insert into espece values ( 74,null,51,'Florizarre' );
insert into espece values ( 75,null,null,'Nidorina' );
insert into espece values ( 76,null,null,'Nidoqueen' );
insert into espece values ( 77,16,null,'Nidoran♂' );
insert into espece values ( 78,null,14,'Nidorino' );
insert into espece values ( 79,null,null,'Nidoking' );
insert into espece values ( 80,null,null,'Mélofée' );
insert into espece values ( 81,null,null,'Mélodelfe' );
insert into espece values ( 82,null,null,'Feunard' );
insert into espece values ( 83,null,null,'Rondoudou' );
insert into espece values ( 84,null,null,'Salamèche' );
insert into espece values ( 85,null,73,'Grodoudou' );
insert into espece values ( 86,null,null,'Nosferapti' );
insert into espece values ( 87,null,null,'Nosferalto' );
insert into espece values ( 88,null,null,'Mystherbe' );
insert into espece values ( 89,null,null,'Ortide' );
insert into espece values ( 90,null,null,'Rafflesia' );
insert into espece values ( 91,null,null,'Paras' );
insert into espece values ( 92,null,null,'Parasect' );
insert into espece values ( 93,null,null,'Mimitoss' );
insert into espece values ( 94,null,null,'Aéromite' );
insert into espece values ( 95,null,null,'Reptincel' );
insert into espece values ( 96,null,null,'Taupiqueur' );
insert into espece values ( 97,null,null,'Triopikeur' );
insert into espece values ( 98,null,null,'Miaouss' );
insert into espece values ( 99,null,null,'Persian' );
insert into espece values ( 100,null,null,'Psykokwak' );
insert into espece values ( 101,null,null,'Akwakwak' );
insert into espece values ( 102,null,null,'Férosinge' );
insert into espece values ( 103,null,null,'Colossinge' );
insert into espece values ( 104,2,null,'Caninos' );
insert into espece values ( 105,null,71,'Arcanin' );
insert into espece values ( 106,null,null,'Dracaufeu' );
insert into espece values ( 107,null,null,'Ptitard' );
insert into espece values ( 108,null,null,'Têtarte' );
insert into espece values ( 109,null,null,'Tartard' );
insert into espece values ( 110,null,null,'Abra' );
insert into espece values ( 111,null,null,'Kadabra' );
insert into espece values ( 112,null,69,'Alakazam' );
insert into espece values ( 113,null,null,'Machoc' );
insert into espece values ( 114,3,null,'Machopeur' );
insert into espece values ( 115,null,null,'Mackogneur' );
insert into espece values ( 116,null,null,'Chétiflor' );
insert into espece values ( 117,null,null,'Carapuce' );
insert into espece values ( 118,null,null,'Boustiflor' );
insert into espece values ( 119,4,null,'Empiflor' );
insert into espece values ( 120,null,null,'Tentacool' );
insert into espece values ( 121,null,null,'Tentacruel' );
insert into espece values ( 122,null,null,'Racaillou' );
insert into espece values ( 123,11,null,'Gravalanch' );
insert into espece values ( 124,null,null,'Grolem' );
insert into espece values ( 125,null,null,'Ponyta' );
insert into espece values ( 126,null,null,'Galopa' );
insert into espece values ( 127,null,null,'Carabaffe' );
insert into espece values ( 128,null,null,'Flagadoss' );
insert into espece values ( 129,null,null,'Magnéton' );
insert into espece values ( 130,null,null,'Canarticho' );
insert into espece values ( 131,null,null,'Dodrio' );
insert into espece values ( 132,8,null,'Otaria' );
insert into espece values ( 133,null,null,'Tadmorv' );
insert into espece values ( 134,null,null,'Grotadmorv' );
insert into espece values ( 135,null,null,'Kokiyas' );
insert into espece values ( 136,null,null,'Crustabri' );
insert into espece values ( 137,null,null,'Spectrum' );
insert into espece values ( 138,null,null,'Ectoplasma' );
insert into espece values ( 139,null,null,'Soporifik' );
insert into espece values ( 140,null,120,'Hypnomade' );
insert into espece values ( 141,null,null,'Krabboss' );
insert into monstropoche values ( 0,'Jaquelin_Brakus66',null,3,0,3,110,71,53,47 );
insert into monstropoche values ( 1,'Isidro.Rowe',70,0,0,5,47,77,38,76 );
insert into monstropoche values ( 2,'Celestine_Hand27',null,2,2,4,96,2,98,1 );
insert into monstropoche values ( 3,'Maximo_Hahn',null,1,0,16,28,26,30,22 );
insert into monstropoche values ( 4,'Nico_OConner59',98,2,1,19,42,1,13,1 );
insert into monstropoche values ( 5,'Allison.Pollich57',null,3,2,11,85,28,41,21 );
insert into monstropoche values ( 6,'Hilton.DAmore45',null,0,2,2,49,89,4,9 );
insert into monstropoche values ( 7,'Felicita56',null,0,1,3,108,53,65,32 );
insert into monstropoche values ( 8,'Maya50',null,3,2,5,48,32,68,7 );
insert into monstropoche values ( 9,'Kimberly_Cummings',58,0,0,5,26,56,48,22 );
insert into monstropoche values ( 10,'Barney_Walter38',null,2,0,11,37,32,51,8 );
insert into monstropoche values ( 11,'Alejandra_Kunze87',null,2,1,15,10,43,15,41 );
insert into monstropoche values ( 12,'Louvenia47',28,3,1,15,55,80,22,47 );
insert into monstropoche values ( 13,'Elaina20',null,3,2,9,75,0,65,0 );
insert into monstropoche values ( 14,'Jovanny19',54,3,0,0,134,18,33,11 );
insert into monstropoche values ( 15,'Finn_Waters67',null,1,0,13,8,96,56,39 );
insert into monstropoche values ( 16,'Filomena.Metz',38,3,2,8,3,57,62,57 );
insert into monstropoche values ( 17,'Santino38',44,3,1,11,65,98,6,58 );
insert into monstropoche values ( 18,'Jerry_Gottlieb',45,3,1,10,123,66,30,7 );
insert into monstropoche values ( 19,'Mozell_Luettgen',35,1,0,4,136,88,22,38 );
insert into monstropoche values ( 20,'Salvatore_Vandervort53',null,3,2,6,92,68,33,37 );
insert into monstropoche values ( 21,'Jayda64',null,3,1,18,126,14,10,14 );
insert into monstropoche values ( 22,'Howell.Ruecker20',null,2,2,13,33,77,13,21 );
insert into monstropoche values ( 23,'Kenyon_Hand',2,0,1,16,108,7,95,0 );
insert into monstropoche values ( 24,'Conor_Flatley',37,1,0,18,2,80,76,53 );
insert into monstropoche values ( 25,'Sid_Vandervort50',42,3,1,18,82,47,35,32 );
insert into monstropoche values ( 26,'Kenton.Wolf15',null,1,2,7,97,92,51,0 );
insert into monstropoche values ( 27,'Pamela_Leuschke67',46,1,1,2,114,10,7,10 );
insert into monstropoche values ( 28,'Rocky.Heathcote',59,1,0,7,74,7,97,5 );
insert into monstropoche values ( 29,'Ignatius23',null,0,2,14,137,41,16,1 );
insert into monstropoche values ( 30,'Creola97',60,0,1,13,15,41,2,37 );
insert into monstropoche values ( 31,'Yvonne_Emard18',null,0,2,15,20,23,53,15 );
insert into monstropoche values ( 32,'Isabella.Ullrich',null,0,0,12,126,80,0,50 );
insert into monstropoche values ( 33,'Jimmie.Quigley0',87,0,1,17,36,68,49,31 );
insert into monstropoche values ( 34,'Reymundo.Boyle36',null,2,2,7,60,60,58,56 );
insert into monstropoche values ( 35,'Malika_Beer',null,2,0,3,116,93,95,2 );
insert into monstropoche values ( 36,'Adah_Thiel81',null,1,2,16,133,74,53,29 );
insert into monstropoche values ( 37,'Josefina.Brown92',null,1,1,2,88,2,47,0 );
insert into monstropoche values ( 38,'Nikko.Gibson69',null,0,2,12,100,27,53,14 );
insert into monstropoche values ( 39,'Juliana.Dach',null,1,2,6,129,22,80,1 );
insert into monstropoche values ( 40,'Sherwood.Mills20',null,1,2,14,126,83,27,24 );
insert into monstropoche values ( 41,'Gilda_Anderson',null,3,0,3,69,20,2,2 );
insert into monstropoche values ( 42,'Lou_Langosh',34,3,2,4,42,3,50,3 );
insert into monstropoche values ( 43,'Emmalee38',null,2,2,17,113,70,60,33 );
insert into monstropoche values ( 44,'Kareem.Wiegand11',null,2,1,8,106,37,64,22 );
insert into monstropoche values ( 45,'Nicolas_Buckridge',60,3,1,7,69,81,8,73 );
insert into monstropoche values ( 46,'Oleta.Feeney72',77,1,0,2,39,19,72,14 );
insert into monstropoche values ( 47,'Delmer.Hilpert76',65,3,2,9,81,37,1,8 );
insert into monstropoche values ( 48,'Deangelo56',null,1,1,5,134,79,41,66 );
insert into monstropoche values ( 49,'Jarred96',null,3,2,3,101,28,40,20 );
insert into monstropoche values ( 50,'Carey_Bogan',null,1,2,4,67,11,24,7 );
insert into monstropoche values ( 51,'Otilia_Daugherty',37,3,0,1,42,12,30,0 );
insert into monstropoche values ( 52,'Janice_Nicolas29',null,1,2,3,51,34,51,0 );
insert into monstropoche values ( 53,'Sally.Kub99',48,2,0,1,60,51,15,48 );
insert into monstropoche values ( 54,'Deangelo_Labadie',null,2,0,7,41,83,30,13 );
insert into monstropoche values ( 55,'Aletha_Shanahan',82,0,2,0,18,82,62,48 );
insert into monstropoche values ( 56,'Giovanna37',86,3,0,12,20,97,57,81 );
insert into monstropoche values ( 57,'Miguel.Moore',32,0,1,13,133,37,41,28 );
insert into monstropoche values ( 58,'Keon68',87,0,0,2,66,32,31,23 );
insert into monstropoche values ( 59,'Lolita_Gleason90',76,3,0,17,125,27,4,4 );
insert into monstropoche values ( 60,'Eloisa.Rath70',null,0,2,8,56,71,56,57 );
insert into monstropoche values ( 61,'Hunter_Bernhard',null,3,2,13,117,6,93,3 );
insert into monstropoche values ( 62,'Jaclyn.Skiles40',67,3,2,0,25,81,1,52 );
insert into monstropoche values ( 63,'Prudence.Herman',4,3,2,0,140,58,32,5 );
insert into monstropoche values ( 64,'Abner_OConnell',9,3,0,12,13,93,23,2 );
insert into monstropoche values ( 65,'Emmanuelle_Mante4',92,2,2,16,37,81,84,13 );
insert into monstropoche values ( 66,'Cydney_Runte65',null,1,1,15,139,56,4,4 );
insert into monstropoche values ( 67,'Torey_McDermott14',56,1,0,17,50,46,53,2 );
insert into monstropoche values ( 68,'Elise42',52,0,2,18,90,5,24,4 );
insert into monstropoche values ( 69,'Eryn0',27,1,0,9,25,84,51,25 );
insert into monstropoche values ( 70,'Marge58',null,0,1,2,103,4,30,0 );
insert into monstropoche values ( 71,'Cara.Marvin1',null,2,2,11,139,47,96,15 );
insert into monstropoche values ( 72,'Robb.Gutmann',87,1,2,4,98,100,32,51 );
insert into monstropoche values ( 73,'Ona.Schuster',98,0,2,15,78,61,65,31 );
insert into monstropoche values ( 74,'Fred27',null,0,1,1,86,94,55,70 );
insert into monstropoche values ( 75,'Pierce.Hayes',26,1,0,15,1,92,16,2 );
insert into monstropoche values ( 76,'Angela_Funk',71,0,1,3,48,14,73,10 );
insert into monstropoche values ( 77,'Marlee.Reinger',null,3,2,9,89,4,52,1 );
insert into monstropoche values ( 78,'Shaun.Nader',61,1,0,3,47,21,70,9 );
insert into monstropoche values ( 79,'Geovanny.Kris58',null,2,2,9,74,95,40,81 );
insert into monstropoche values ( 80,'Augustus59',60,2,1,1,110,13,17,1 );
insert into monstropoche values ( 81,'Sheila.Aufderhar9',52,3,0,19,53,74,84,30 );
insert into monstropoche values ( 82,'Carol.Reilly64',null,3,0,18,86,13,77,10 );
insert into monstropoche values ( 83,'Prince.Oberbrunner81',96,1,2,0,40,11,18,0 );
insert into monstropoche values ( 84,'Karlee.Gorczany',null,2,1,17,7,16,50,13 );
insert into monstropoche values ( 85,'Dejah1',49,2,0,6,61,2,56,2 );
insert into monstropoche values ( 86,'Elouise.Bernhard',null,1,2,4,14,90,27,2 );
insert into monstropoche values ( 87,'Brisa8',null,3,0,19,117,28,82,15 );
insert into monstropoche values ( 88,'Christiana_Macejkovic',null,1,2,4,60,68,33,39 );
insert into monstropoche values ( 89,'Novella.Lemke',33,3,2,10,18,64,92,26 );
insert into monstropoche values ( 90,'Jeffery_Schmidt52',56,1,2,2,75,77,61,52 );
insert into monstropoche values ( 91,'Tillman_Rodriguez6',null,2,2,10,91,72,48,43 );
insert into monstropoche values ( 92,'Raleigh_Predovic33',83,1,0,2,88,65,48,22 );
insert into monstropoche values ( 93,'Fannie_Brakus',null,2,0,11,17,25,1,8 );
insert into monstropoche values ( 94,'Felicia73',null,1,2,7,122,40,92,30 );
insert into monstropoche values ( 95,'Diego_Kub',null,1,2,7,15,95,95,91 );
insert into monstropoche values ( 96,'Hattie93',null,2,2,15,113,98,9,2 );
insert into monstropoche values ( 97,'Madeline_Kiehn',null,0,1,2,49,68,35,28 );
insert into monstropoche values ( 98,'Florian68',null,2,1,18,116,4,81,1 );
insert into monstropoche values ( 99,'Andreanne97',27,3,2,10,43,82,84,19 );
insert into monstropoche values ( 100,'Kacie_Feil5',0,2,2,15,0,100,49,42 );
insert into monstropoche values ( 101,'Howard.Bartell60',0,3,2,9,0,100,39,90 );
insert into monstropoche values ( 102,'Brandi.Hilll24',0,0,1,6,0,100,49,88 );
insert into monstropoche values ( 103,'Jo_Kerluke',0,0,1,19,0,100,82,31 );
insert into monstropoche values ( 104,'Carley_Pollich',0,1,2,2,0,100,87,54 );
insert into monstropoche values ( 105,'Roma89',0,0,0,14,0,100,83,23 );
insert into monstropoche values ( 106,'Cyrus_Jenkins81',0,0,2,0,0,100,24,84 );
insert into monstropoche values ( 107,'Kyra_Wolff41',0,3,1,14,0,100,96,96 );
insert into monstropoche values ( 108,'Charity_Cronin1',0,0,1,8,0,100,47,57 );
insert into monstropoche values ( 109,'Kasey86',0,2,1,19,0,100,45,79 );
insert into monstropoche values ( 110,'Dale_Harber68',0,0,0,4,0,100,53,53 );
insert into monstropoche values ( 111,'Werner.Simonis',0,0,2,6,0,100,22,36 );
insert into monstropoche values ( 112,'Cristina.Kirlin82',0,1,1,14,0,100,37,78 );
insert into monstropoche values ( 113,'Zakary71',0,1,2,10,0,100,44,17 );
insert into monstropoche values ( 114,'Tatum.Rau',0,2,1,14,0,100,78,69 );
insert into monstropoche values ( 115,'Oma21',0,2,1,4,0,100,19,57 );
insert into monstropoche values ( 116,'Leopoldo_Olson',0,3,2,7,0,100,30,87 );
insert into monstropoche values ( 117,'Annamarie53',0,3,1,15,0,100,76,21 );
insert into monstropoche values ( 118,'Juana8',0,3,1,7,0,100,66,44 );
insert into monstropoche values ( 119,'Annamae_Daugherty',0,0,2,6,0,100,31,97 );
insert into objet_zone values ( 0,80 );
insert into objet_zone values ( 1,65 );
insert into objet_zone values ( 2,9 );
insert into objet_zone values ( 3,74 );
insert into objet_zone values ( 4,68 );
insert into objet_zone values ( 5,72 );
insert into objet_zone values ( 6,65 );
insert into objet_zone values ( 7,40 );
insert into objet_zone values ( 8,71 );
insert into objet_zone values ( 9,35 );
insert into objet_zone values ( 10,20 );
insert into objet_zone values ( 11,44 );
insert into objet_zone values ( 12,9 );
insert into objet_zone values ( 13,36 );
insert into objet_zone values ( 14,3 );
insert into objet_zone values ( 15,22 );
insert into objet_zone values ( 16,47 );
insert into objet_zone values ( 17,44 );
insert into objet_zone values ( 18,29 );
insert into objet_zone values ( 19,55 );
insert into objet_zone values ( 4,0 );
insert into objet_zone values ( 13,1 );
insert into objet_zone values ( 18,2 );
insert into objet_zone values ( 11,3 );
insert into objet_zone values ( 15,4 );
insert into objet_zone values ( 6,5 );
insert into objet_zone values ( 11,6 );
insert into objet_zone values ( 7,7 );
insert into objet_zone values ( 15,8 );
insert into objet_zone values ( 6,10 );
insert into objet_zone values ( 17,11 );
insert into objet_zone values ( 12,12 );
insert into objet_zone values ( 8,13 );
insert into objet_zone values ( 5,14 );
insert into objet_zone values ( 0,15 );
insert into objet_zone values ( 14,16 );
insert into objet_zone values ( 18,17 );
insert into objet_zone values ( 11,18 );
insert into objet_zone values ( 7,19 );
insert into objet_zone values ( 2,20 );
insert into objet_zone values ( 9,21 );
insert into objet_zone values ( 9,22 );
insert into objet_zone values ( 2,23 );
insert into objet_zone values ( 5,24 );
insert into objet_zone values ( 11,25 );
insert into objet_zone values ( 4,26 );
insert into objet_zone values ( 16,27 );
insert into objet_zone values ( 19,28 );
insert into objet_zone values ( 12,29 );
insert into objet_zone values ( 15,30 );
insert into objet_zone values ( 7,31 );
insert into objet_zone values ( 14,32 );
insert into objet_zone values ( 0,33 );
insert into objet_zone values ( 7,34 );
insert into objet_zone values ( 9,36 );
insert into objet_zone values ( 8,37 );
insert into objet_zone values ( 0,38 );
insert into objet_zone values ( 8,39 );
insert into objet_zone values ( 15,40 );
insert into objet_zone values ( 14,41 );
insert into objet_zone values ( 19,42 );
insert into objet_zone values ( 0,43 );
insert into objet_zone values ( 16,44 );
insert into objet_zone values ( 10,45 );
insert into objet_zone values ( 7,46 );
insert into objet_zone values ( 0,47 );
insert into objet_zone values ( 12,48 );
insert into objet_zone values ( 11,49 );
insert into objet_zone values ( 16,50 );
insert into objet_zone values ( 6,51 );
insert into objet_zone values ( 0,52 );
insert into objet_zone values ( 0,53 );
insert into objet_zone values ( 14,54 );
insert into objet_zone values ( 0,55 );
insert into objet_zone values ( 16,56 );
insert into objet_zone values ( 11,57 );
insert into objet_zone values ( 11,58 );
insert into objet_zone values ( 14,59 );
insert into objet_zone values ( 10,60 );
insert into objet_zone values ( 8,61 );
insert into objet_zone values ( 17,62 );
insert into objet_zone values ( 13,63 );
insert into objet_zone values ( 13,64 );
insert into objet_zone values ( 1,66 );
insert into objet_zone values ( 19,67 );
insert into objet_zone values ( 16,68 );
insert into objet_zone values ( 8,69 );
insert into objet_zone values ( 0,70 );
insert into objet_zone values ( 16,71 );
insert into objet_zone values ( 0,72 );
insert into objet_zone values ( 13,73 );
insert into objet_zone values ( 18,74 );
insert into objet_zone values ( 15,75 );
insert into objet_zone values ( 11,76 );
insert into objet_zone values ( 3,77 );
insert into objet_zone values ( 11,78 );
insert into objet_zone values ( 12,79 );
insert into objet_zone values ( 17,80 );
insert into objet_zone values ( 12,81 );
insert into objet_zone values ( 13,82 );
insert into objet_zone values ( 14,83 );
insert into objet_zone values ( 13,84 );
insert into espece_type values ( 0,16 );
insert into espece_type values ( 1,2 );
insert into espece_type values ( 2,13 );
insert into espece_type values ( 3,14 );
insert into espece_type values ( 4,3 );
insert into espece_type values ( 5,1 );
insert into espece_type values ( 6,1 );
insert into espece_type values ( 7,7 );
insert into espece_type values ( 8,5 );
insert into espece_type values ( 9,4 );
insert into espece_type values ( 10,6 );
insert into espece_type values ( 11,12 );
insert into espece_type values ( 12,11 );
insert into espece_type values ( 13,7 );
insert into espece_type values ( 14,12 );
insert into espece_type values ( 15,6 );
insert into espece_type values ( 16,10 );
insert into espece_type values ( 17,14 );
insert into espece_type values ( 18,5 );
insert into espece_type values ( 19,15 );
insert into espece_type values ( 20,13 );
insert into espece_type values ( 21,11 );
insert into espece_type values ( 22,16 );
insert into espece_type values ( 23,6 );
insert into espece_type values ( 24,7 );
insert into espece_type values ( 25,11 );
insert into espece_type values ( 26,5 );
insert into espece_type values ( 27,8 );
insert into espece_type values ( 28,9 );
insert into espece_type values ( 29,8 );
insert into espece_type values ( 30,0 );
insert into espece_type values ( 31,1 );
insert into espece_type values ( 32,9 );
insert into espece_type values ( 33,9 );
insert into espece_type values ( 34,13 );
insert into espece_type values ( 35,16 );
insert into espece_type values ( 36,8 );
insert into espece_type values ( 37,4 );
insert into espece_type values ( 38,0 );
insert into espece_type values ( 39,3 );
insert into espece_type values ( 40,11 );
insert into espece_type values ( 41,7 );
insert into espece_type values ( 42,1 );
insert into espece_type values ( 43,4 );
insert into espece_type values ( 44,4 );
insert into espece_type values ( 45,5 );
insert into espece_type values ( 46,16 );
insert into espece_type values ( 47,4 );
insert into espece_type values ( 48,0 );
insert into espece_type values ( 49,1 );
insert into espece_type values ( 50,1 );
insert into espece_type values ( 51,11 );
insert into espece_type values ( 52,0 );
insert into espece_type values ( 53,8 );
insert into espece_type values ( 54,16 );
insert into espece_type values ( 55,4 );
insert into espece_type values ( 56,7 );
insert into espece_type values ( 57,3 );
insert into espece_type values ( 58,4 );
insert into espece_type values ( 59,10 );
insert into espece_type values ( 60,13 );
insert into espece_type values ( 61,5 );
insert into espece_type values ( 62,1 );
insert into espece_type values ( 63,4 );
insert into espece_type values ( 64,2 );
insert into espece_type values ( 65,2 );
insert into espece_type values ( 66,12 );
insert into espece_type values ( 67,5 );
insert into espece_type values ( 68,10 );
insert into espece_type values ( 69,9 );
insert into espece_type values ( 70,0 );
insert into espece_type values ( 71,6 );
insert into espece_type values ( 72,12 );
insert into espece_type values ( 73,12 );
insert into espece_type values ( 74,0 );
insert into espece_type values ( 75,9 );
insert into espece_type values ( 76,9 );
insert into espece_type values ( 77,1 );
insert into espece_type values ( 78,9 );
insert into espece_type values ( 79,0 );
insert into espece_type values ( 80,12 );
insert into espece_type values ( 81,3 );
insert into espece_type values ( 82,11 );
insert into espece_type values ( 83,10 );
insert into espece_type values ( 84,1 );
insert into espece_type values ( 85,12 );
insert into espece_type values ( 86,1 );
insert into espece_type values ( 87,4 );
insert into espece_type values ( 88,11 );
insert into espece_type values ( 89,12 );
insert into espece_type values ( 90,13 );
insert into espece_type values ( 91,6 );
insert into espece_type values ( 92,11 );
insert into espece_type values ( 93,15 );
insert into espece_type values ( 94,15 );
insert into espece_type values ( 95,13 );
insert into espece_type values ( 96,16 );
insert into espece_type values ( 97,1 );
insert into espece_type values ( 98,5 );
insert into espece_type values ( 99,14 );
insert into espece_type values ( 100,2 );
insert into espece_type values ( 101,15 );
insert into espece_type values ( 102,15 );
insert into espece_type values ( 103,1 );
insert into espece_type values ( 104,5 );
insert into espece_type values ( 105,3 );
insert into espece_type values ( 106,10 );
insert into espece_type values ( 107,5 );
insert into espece_type values ( 108,4 );
insert into espece_type values ( 109,10 );
insert into espece_type values ( 110,9 );
insert into espece_type values ( 111,13 );
insert into espece_type values ( 112,1 );
insert into espece_type values ( 113,1 );
insert into espece_type values ( 114,7 );
insert into espece_type values ( 115,14 );
insert into espece_type values ( 116,2 );
insert into espece_type values ( 117,14 );
insert into espece_type values ( 118,13 );
insert into espece_type values ( 119,6 );
insert into espece_type values ( 120,1 );
insert into espece_type values ( 121,2 );
insert into espece_type values ( 122,6 );
insert into espece_type values ( 123,10 );
insert into espece_type values ( 124,15 );
insert into espece_type values ( 125,3 );
insert into espece_type values ( 126,4 );
insert into espece_type values ( 127,14 );
insert into espece_type values ( 128,12 );
insert into espece_type values ( 129,3 );
insert into espece_type values ( 130,7 );
insert into espece_type values ( 131,15 );
insert into espece_type values ( 132,3 );
insert into espece_type values ( 133,16 );
insert into espece_type values ( 134,2 );
insert into espece_type values ( 135,3 );
insert into espece_type values ( 136,3 );
insert into espece_type values ( 137,5 );
insert into espece_type values ( 138,3 );
insert into espece_type values ( 139,9 );
insert into espece_type values ( 140,2 );
insert into espece_type values ( 141,8 );
insert into espece_type values ( 47,0 );
insert into espece_type values ( 52,1 );
insert into espece_type values ( 30,2 );
insert into espece_type values ( 103,4 );
insert into espece_type values ( 51,5 );
insert into espece_type values ( 60,6 );
insert into espece_type values ( 57,7 );
insert into espece_type values ( 81,8 );
insert into espece_type values ( 137,9 );
insert into espece_type values ( 131,10 );
insert into espece_type values ( 11,11 );
insert into espece_type values ( 133,12 );
insert into espece_type values ( 94,13 );
insert into espece_type values ( 74,14 );
insert into espece_type values ( 109,15 );
insert into espece_type values ( 85,16 );
insert into espece_zone values ( 0,32 );
insert into espece_zone values ( 1,7 );
insert into espece_zone values ( 2,62 );
insert into espece_zone values ( 3,63 );
insert into espece_zone values ( 4,67 );
insert into espece_zone values ( 5,56 );
insert into espece_zone values ( 6,35 );
insert into espece_zone values ( 7,22 );
insert into espece_zone values ( 8,34 );
insert into espece_zone values ( 9,67 );
insert into espece_zone values ( 10,19 );
insert into espece_zone values ( 11,55 );
insert into espece_zone values ( 12,36 );
insert into espece_zone values ( 13,33 );
insert into espece_zone values ( 14,1 );
insert into espece_zone values ( 15,12 );
insert into espece_zone values ( 16,65 );
insert into espece_zone values ( 17,36 );
insert into espece_zone values ( 18,58 );
insert into espece_zone values ( 19,7 );
insert into espece_zone values ( 20,73 );
insert into espece_zone values ( 21,26 );
insert into espece_zone values ( 22,10 );
insert into espece_zone values ( 23,50 );
insert into espece_zone values ( 24,24 );
insert into espece_zone values ( 25,8 );
insert into espece_zone values ( 26,79 );
insert into espece_zone values ( 27,42 );
insert into espece_zone values ( 28,35 );
insert into espece_zone values ( 29,56 );
insert into espece_zone values ( 30,39 );
insert into espece_zone values ( 31,6 );
insert into espece_zone values ( 32,2 );
insert into espece_zone values ( 33,57 );
insert into espece_zone values ( 34,70 );
insert into espece_zone values ( 35,6 );
insert into espece_zone values ( 36,75 );
insert into espece_zone values ( 37,55 );
insert into espece_zone values ( 38,56 );
insert into espece_zone values ( 39,54 );
insert into espece_zone values ( 40,59 );
insert into espece_zone values ( 41,61 );
insert into espece_zone values ( 42,66 );
insert into espece_zone values ( 43,74 );
insert into espece_zone values ( 44,17 );
insert into espece_zone values ( 45,54 );
insert into espece_zone values ( 46,1 );
insert into espece_zone values ( 47,35 );
insert into espece_zone values ( 48,37 );
insert into espece_zone values ( 49,7 );
insert into espece_zone values ( 50,70 );
insert into espece_zone values ( 51,56 );
insert into espece_zone values ( 52,66 );
insert into espece_zone values ( 53,1 );
insert into espece_zone values ( 54,48 );
insert into espece_zone values ( 55,13 );
insert into espece_zone values ( 56,45 );
insert into espece_zone values ( 57,79 );
insert into espece_zone values ( 58,12 );
insert into espece_zone values ( 59,19 );
insert into espece_zone values ( 60,29 );
insert into espece_zone values ( 61,9 );
insert into espece_zone values ( 62,7 );
insert into espece_zone values ( 63,47 );
insert into espece_zone values ( 64,12 );
insert into espece_zone values ( 65,44 );
insert into espece_zone values ( 66,55 );
insert into espece_zone values ( 67,8 );
insert into espece_zone values ( 68,19 );
insert into espece_zone values ( 69,28 );
insert into espece_zone values ( 70,34 );
insert into espece_zone values ( 71,45 );
insert into espece_zone values ( 72,73 );
insert into espece_zone values ( 73,61 );
insert into espece_zone values ( 74,40 );
insert into espece_zone values ( 75,74 );
insert into espece_zone values ( 76,41 );
insert into espece_zone values ( 77,66 );
insert into espece_zone values ( 78,6 );
insert into espece_zone values ( 79,43 );
insert into espece_zone values ( 80,62 );
insert into espece_zone values ( 81,82 );
insert into espece_zone values ( 82,43 );
insert into espece_zone values ( 83,46 );
insert into espece_zone values ( 84,7 );
insert into espece_zone values ( 85,19 );
insert into espece_zone values ( 86,20 );
insert into espece_zone values ( 87,1 );
insert into espece_zone values ( 88,43 );
insert into espece_zone values ( 89,72 );
insert into espece_zone values ( 90,83 );
insert into espece_zone values ( 91,56 );
insert into espece_zone values ( 92,64 );
insert into espece_zone values ( 93,55 );
insert into espece_zone values ( 94,11 );
insert into espece_zone values ( 95,27 );
insert into espece_zone values ( 96,28 );
insert into espece_zone values ( 97,11 );
insert into espece_zone values ( 98,45 );
insert into espece_zone values ( 99,71 );
insert into espece_zone values ( 100,14 );
insert into espece_zone values ( 101,13 );
insert into espece_zone values ( 102,61 );
insert into espece_zone values ( 103,76 );
insert into espece_zone values ( 104,21 );
insert into espece_zone values ( 105,58 );
insert into espece_zone values ( 106,54 );
insert into espece_zone values ( 107,27 );
insert into espece_zone values ( 108,33 );
insert into espece_zone values ( 109,14 );
insert into espece_zone values ( 110,41 );
insert into espece_zone values ( 111,70 );
insert into espece_zone values ( 112,19 );
insert into espece_zone values ( 113,68 );
insert into espece_zone values ( 114,35 );
insert into espece_zone values ( 115,27 );
insert into espece_zone values ( 116,39 );
insert into espece_zone values ( 117,57 );
insert into espece_zone values ( 118,0 );
insert into espece_zone values ( 119,71 );
insert into espece_zone values ( 120,70 );
insert into espece_zone values ( 121,23 );
insert into espece_zone values ( 122,7 );
insert into espece_zone values ( 123,19 );
insert into espece_zone values ( 124,42 );
insert into espece_zone values ( 125,51 );
insert into espece_zone values ( 126,21 );
insert into espece_zone values ( 127,8 );
insert into espece_zone values ( 128,14 );
insert into espece_zone values ( 129,25 );
insert into espece_zone values ( 130,11 );
insert into espece_zone values ( 131,11 );
insert into espece_zone values ( 132,23 );
insert into espece_zone values ( 133,44 );
insert into espece_zone values ( 134,12 );
insert into espece_zone values ( 135,16 );
insert into espece_zone values ( 136,13 );
insert into espece_zone values ( 137,47 );
insert into espece_zone values ( 138,7 );
insert into espece_zone values ( 139,44 );
insert into espece_zone values ( 140,0 );
insert into espece_zone values ( 141,69 );
insert into espece_zone values ( 108,0 );
insert into espece_zone values ( 127,1 );
insert into espece_zone values ( 113,2 );
insert into espece_zone values ( 13,3 );
insert into espece_zone values ( 113,4 );
insert into espece_zone values ( 34,5 );
insert into espece_zone values ( 94,6 );
insert into espece_zone values ( 7,7 );
insert into espece_zone values ( 113,8 );
insert into espece_zone values ( 126,9 );
insert into espece_zone values ( 81,10 );
insert into espece_zone values ( 28,11 );
insert into espece_zone values ( 43,12 );
insert into espece_zone values ( 90,13 );
insert into espece_zone values ( 77,14 );
insert into espece_zone values ( 28,15 );
insert into espece_zone values ( 4,16 );
insert into espece_zone values ( 119,17 );
insert into espece_zone values ( 94,18 );
insert into espece_zone values ( 3,19 );
insert into espece_zone values ( 135,20 );
insert into espece_zone values ( 113,21 );
insert into espece_zone values ( 17,22 );
insert into espece_zone values ( 124,23 );
insert into espece_zone values ( 96,24 );
insert into espece_zone values ( 2,25 );
insert into espece_zone values ( 95,26 );
insert into espece_zone values ( 72,27 );
insert into espece_zone values ( 57,28 );
insert into espece_zone values ( 13,29 );
insert into espece_zone values ( 84,30 );
insert into espece_zone values ( 120,31 );
insert into espece_zone values ( 100,32 );
insert into espece_zone values ( 21,33 );
insert into espece_zone values ( 74,34 );
insert into espece_zone values ( 133,35 );
insert into espece_zone values ( 4,36 );
insert into espece_zone values ( 129,37 );
insert into espece_zone values ( 56,38 );
insert into espece_zone values ( 54,39 );
insert into espece_zone values ( 139,40 );
insert into espece_zone values ( 73,41 );
insert into espece_zone values ( 45,42 );
insert into espece_zone values ( 36,43 );
insert into espece_zone values ( 27,44 );
insert into espece_zone values ( 17,45 );
insert into espece_zone values ( 31,46 );
insert into espece_zone values ( 99,47 );
insert into espece_zone values ( 94,48 );
insert into espece_zone values ( 107,49 );
insert into espece_zone values ( 87,50 );
insert into espece_zone values ( 71,51 );
insert into espece_zone values ( 89,52 );
insert into espece_zone values ( 94,53 );
insert into espece_zone values ( 4,54 );
insert into espece_zone values ( 64,55 );
insert into espece_zone values ( 30,56 );
insert into espece_zone values ( 29,57 );
insert into espece_zone values ( 77,58 );
insert into espece_zone values ( 8,59 );
insert into espece_zone values ( 48,60 );
insert into espece_zone values ( 57,61 );
insert into espece_zone values ( 110,62 );
insert into espece_zone values ( 47,63 );
insert into espece_zone values ( 88,64 );
insert into espece_zone values ( 6,65 );
insert into espece_zone values ( 95,66 );
insert into espece_zone values ( 67,67 );
insert into espece_zone values ( 61,68 );
insert into espece_zone values ( 114,69 );
insert into espece_zone values ( 100,70 );
insert into espece_zone values ( 117,71 );
insert into espece_zone values ( 140,72 );
insert into espece_zone values ( 48,73 );
insert into espece_zone values ( 85,74 );
insert into espece_zone values ( 124,75 );
insert into espece_zone values ( 74,76 );
insert into espece_zone values ( 86,77 );
insert into espece_zone values ( 69,78 );
insert into espece_zone values ( 42,79 );
insert into espece_zone values ( 16,80 );
insert into espece_zone values ( 80,81 );
insert into espece_zone values ( 73,82 );
insert into espece_zone values ( 133,83 );
insert into espece_zone values ( 73,84 );
insert into monstropoche_attaque values ( 0,5 );
insert into monstropoche_attaque values ( 1,23 );
insert into monstropoche_attaque values ( 2,18 );
insert into monstropoche_attaque values ( 3,10 );
insert into monstropoche_attaque values ( 4,1 );
insert into monstropoche_attaque values ( 5,27 );
insert into monstropoche_attaque values ( 6,14 );
insert into monstropoche_attaque values ( 7,28 );
insert into monstropoche_attaque values ( 8,18 );
insert into monstropoche_attaque values ( 9,11 );
insert into monstropoche_attaque values ( 10,17 );
insert into monstropoche_attaque values ( 11,26 );
insert into monstropoche_attaque values ( 12,14 );
insert into monstropoche_attaque values ( 13,10 );
insert into monstropoche_attaque values ( 14,14 );
insert into monstropoche_attaque values ( 15,21 );
insert into monstropoche_attaque values ( 16,12 );
insert into monstropoche_attaque values ( 17,10 );
insert into monstropoche_attaque values ( 18,6 );
insert into monstropoche_attaque values ( 19,12 );
insert into monstropoche_attaque values ( 20,17 );
insert into monstropoche_attaque values ( 21,13 );
insert into monstropoche_attaque values ( 22,22 );
insert into monstropoche_attaque values ( 23,20 );
insert into monstropoche_attaque values ( 24,3 );
insert into monstropoche_attaque values ( 25,21 );
insert into monstropoche_attaque values ( 26,4 );
insert into monstropoche_attaque values ( 27,4 );
insert into monstropoche_attaque values ( 28,11 );
insert into monstropoche_attaque values ( 29,24 );
insert into monstropoche_attaque values ( 30,7 );
insert into monstropoche_attaque values ( 31,20 );
insert into monstropoche_attaque values ( 32,2 );
insert into monstropoche_attaque values ( 33,10 );
insert into monstropoche_attaque values ( 34,15 );
insert into monstropoche_attaque values ( 35,26 );
insert into monstropoche_attaque values ( 36,0 );
insert into monstropoche_attaque values ( 37,10 );
insert into monstropoche_attaque values ( 38,3 );
insert into monstropoche_attaque values ( 39,2 );
insert into monstropoche_attaque values ( 40,11 );
insert into monstropoche_attaque values ( 41,17 );
insert into monstropoche_attaque values ( 42,4 );
insert into monstropoche_attaque values ( 43,0 );
insert into monstropoche_attaque values ( 44,1 );
insert into monstropoche_attaque values ( 45,22 );
insert into monstropoche_attaque values ( 46,23 );
insert into monstropoche_attaque values ( 47,18 );
insert into monstropoche_attaque values ( 48,5 );
insert into monstropoche_attaque values ( 49,12 );
insert into monstropoche_attaque values ( 50,9 );
insert into monstropoche_attaque values ( 51,28 );
insert into monstropoche_attaque values ( 52,13 );
insert into monstropoche_attaque values ( 53,23 );
insert into monstropoche_attaque values ( 54,12 );
insert into monstropoche_attaque values ( 55,25 );
insert into monstropoche_attaque values ( 56,8 );
insert into monstropoche_attaque values ( 57,10 );
insert into monstropoche_attaque values ( 58,12 );
insert into monstropoche_attaque values ( 59,0 );
insert into monstropoche_attaque values ( 60,18 );
insert into monstropoche_attaque values ( 61,8 );
insert into monstropoche_attaque values ( 62,9 );
insert into monstropoche_attaque values ( 63,28 );
insert into monstropoche_attaque values ( 64,18 );
insert into monstropoche_attaque values ( 65,21 );
insert into monstropoche_attaque values ( 66,17 );
insert into monstropoche_attaque values ( 67,9 );
insert into monstropoche_attaque values ( 68,11 );
insert into monstropoche_attaque values ( 69,1 );
insert into monstropoche_attaque values ( 70,27 );
insert into monstropoche_attaque values ( 71,13 );
insert into monstropoche_attaque values ( 72,11 );
insert into monstropoche_attaque values ( 73,28 );
insert into monstropoche_attaque values ( 74,2 );
insert into monstropoche_attaque values ( 75,28 );
insert into monstropoche_attaque values ( 76,23 );
insert into monstropoche_attaque values ( 77,24 );
insert into monstropoche_attaque values ( 78,12 );
insert into monstropoche_attaque values ( 79,18 );
insert into monstropoche_attaque values ( 80,0 );
insert into monstropoche_attaque values ( 81,22 );
insert into monstropoche_attaque values ( 82,20 );
insert into monstropoche_attaque values ( 83,19 );
insert into monstropoche_attaque values ( 84,12 );
insert into monstropoche_attaque values ( 85,21 );
insert into monstropoche_attaque values ( 86,8 );
insert into monstropoche_attaque values ( 87,1 );
insert into monstropoche_attaque values ( 88,20 );
insert into monstropoche_attaque values ( 89,7 );
insert into monstropoche_attaque values ( 90,13 );
insert into monstropoche_attaque values ( 91,17 );
insert into monstropoche_attaque values ( 92,19 );
insert into monstropoche_attaque values ( 93,21 );
insert into monstropoche_attaque values ( 94,13 );
insert into monstropoche_attaque values ( 95,10 );
insert into monstropoche_attaque values ( 96,4 );
insert into monstropoche_attaque values ( 97,7 );
insert into monstropoche_attaque values ( 98,8 );
insert into monstropoche_attaque values ( 99,0 );
insert into monstropoche_attaque values ( 66,0 );
insert into monstropoche_attaque values ( 6,1 );
insert into monstropoche_attaque values ( 95,2 );
insert into monstropoche_attaque values ( 17,3 );
insert into monstropoche_attaque values ( 40,4 );
insert into monstropoche_attaque values ( 31,5 );
insert into monstropoche_attaque values ( 74,6 );
insert into monstropoche_attaque values ( 74,7 );
insert into monstropoche_attaque values ( 81,8 );
insert into monstropoche_attaque values ( 18,9 );
insert into monstropoche_attaque values ( 72,10 );
insert into monstropoche_attaque values ( 95,11 );
insert into monstropoche_attaque values ( 89,12 );
insert into monstropoche_attaque values ( 22,13 );
insert into monstropoche_attaque values ( 21,14 );
insert into monstropoche_attaque values ( 81,15 );
insert into monstropoche_attaque values ( 16,16 );
insert into monstropoche_attaque values ( 73,17 );
insert into monstropoche_attaque values ( 30,18 );
insert into monstropoche_attaque values ( 8,19 );
insert into monstropoche_attaque values ( 20,20 );
insert into monstropoche_attaque values ( 11,21 );
insert into monstropoche_attaque values ( 50,22 );
insert into monstropoche_attaque values ( 45,23 );
insert into monstropoche_attaque values ( 22,24 );
insert into monstropoche_attaque values ( 18,25 );
insert into monstropoche_attaque values ( 47,26 );
insert into monstropoche_attaque values ( 71,27 );
insert into monstropoche_attaque values ( 44,28 );
