drop table monstropoche_attaque;
drop table espece_zone;
drop table espece_type;
drop table objet_zone;
drop table monstropoche;
drop table espece;
drop table etat;
drop table genre;
drop table objet;
drop table zone;
drop table attaque;
drop table type;
drop table proprietaire;

create table proprietaire (
  id int not null,
  nom varchar(255) not null,
  primary key(id)
);
create table type (
  id int not null,
  nom varchar(255) not null,
  primary key(id)
);
create table attaque (
  id int not null,
  type_id int not null,
  nom varchar(255) not null,
  puissance int not null,
  perequis int not null,
  precizion int not null,
  constraint fk_attaque_type foreign key (type_id) references type(id),
  primary key(id)
);
create table zone (id int not null,
  nom varchar(255) not null,
  primary key(id)
);
create table objet (id int not null,
  nom varchar(255) not null,
  est_unique number(1) not null,
  est_defensif number(1),
  est_offensif number(1),
  primary key(id)
);
create table genre (id int not null,
  femelle number(1) not null,
  male number(1) not null,
  primary key(id)
);
create table etat (id int not null,
  nom varchar(255) not null,
  primary key(id)
);
create table espece (
  id int not null,
  objet_id int,
  source_id int,
  nom varchar(255) not null,
  constraint fk_espece_objet foreign key (objet_id) references objet(id),
  constraint fk_espece_espece foreign key (source_id) references espece(id),
  primary key(id)
);
create table monstropoche (id int not null,
  surnom varchar(255) not null,
  proprietaire_id int,
  genre_id int not null,
  etat_id int not null,
  objet_id int,
  espece_id int not null,
  pv int not null,
  pe int not null,
  pv_actuel int not null,
  constraint fk_monstropoche_proprietaire foreign key (proprietaire_id) references proprietaire(id),
  constraint fk_monstropoche_genre foreign key (genre_id) references genre(id),
  constraint fk_monstropoche_etat foreign key (etat_id) references etat(id),
  constraint fk_monstropoche_objet foreign key (objet_id) references objet(id),
  constraint fk_monstropoche_espece foreign key (espece_id) references espece(id),
  primary key(id)
);
create table objet_zone (objet_id int not null,
  zone_id int not null,
  constraint fk_objet_zone_objet foreign key (objet_id) references objet(id),
  constraint fk_objet_zone_zone foreign key (zone_id) references zone(id),
  primary key(objet_id,
  zone_id)
);
create table espece_type (espece_id int not null,
  type_id int not null,
  constraint fk_espece_type_espece foreign key (espece_id) references espece(id),
  constraint fk_espece_type_type foreign key (type_id) references type(id),
  primary key(espece_id,
  type_id)
);
create table espece_zone (espece_id int not null,
  zone_id int not null,
  constraint fk_espece_zone_espece foreign key (espece_id) references espece(id),
  constraint fk_espece_zone_zone foreign key (zone_id) references zone(id),
  primary key(espece_id,
  zone_id)
);
create table monstropoche_attaque (monstropoche_id int not null,
  attaque_id int not null,
  constraint fk_monstropoche_attaque_m foreign key (monstropoche_id) references monstropoche(id),
  constraint fk_monstropoche_attaque_a foreign key (attaque_id) references attaque(id),
  primary key(monstropoche_id,
  attaque_id)
);

delete from monstropoche_attaque;
delete from espece_zone;
delete from espece_type;
delete from objet_zone;
delete from monstropoche;
delete from espece;
delete from etat;
delete from type;
delete from genre;
delete from objet;
delete from attaque;
delete from zone;
delete from proprietaire;
delete from monstropoche_attaque;
delete from espece_zone;
delete from espece_type;
delete from objet_zone;
delete from monstropoche;
delete from espece;
delete from etat;
delete from type;
delete from genre;
delete from objet;
delete from attaque;
delete from zone;
delete from proprietaire;

insert into proprietaire values ( 0,'Lucas Vincent V' );
insert into proprietaire values ( 1,'Mathéo Simon' );
insert into proprietaire values ( 2,'Mlle Célia Carpentier' );
insert into proprietaire values ( 3,'Tom Gauthier' );
insert into proprietaire values ( 4,'Prof Alice Joly' );
insert into proprietaire values ( 5,'Maxence Collet DDS' );
insert into proprietaire values ( 6,'Tom Perez' );
insert into proprietaire values ( 7,'Romane Pons' );
insert into proprietaire values ( 8,'Carla Lucas' );
insert into proprietaire values ( 9,'Elisa Rolland' );
insert into proprietaire values ( 10,'Rayan Pierre' );
insert into proprietaire values ( 11,'Noah Meunier' );
insert into proprietaire values ( 12,'Mélissa Prevost' );
insert into proprietaire values ( 13,'Louis Fleury' );
insert into proprietaire values ( 14,'M Gabriel Maillard' );
insert into proprietaire values ( 15,'Sarah Lambert' );
insert into proprietaire values ( 16,'Mathéo Fontaine' );
insert into proprietaire values ( 17,'Enzo Blanc' );
insert into proprietaire values ( 18,'Laura Maillard' );
insert into proprietaire values ( 19,'Mathis Sanchez' );
insert into proprietaire values ( 20,'Alexandre Fontaine' );
insert into proprietaire values ( 21,'Lucie Meyer' );
insert into proprietaire values ( 22,'Raphaël Andre' );
insert into proprietaire values ( 23,'Lilou Sanchez' );
insert into proprietaire values ( 24,'Maeva Michel' );
insert into proprietaire values ( 25,'Romane Masson DDS' );
insert into proprietaire values ( 26,'Romane Leclerc' );
insert into proprietaire values ( 27,'Louna Noel' );
insert into proprietaire values ( 28,'Mme Mathis Mercier' );
insert into proprietaire values ( 29,'Jules Boyer' );
insert into proprietaire values ( 30,'Océane Moreau' );
insert into proprietaire values ( 31,'Mélissa Charpentier' );
insert into proprietaire values ( 32,'Adam Benoit' );
insert into proprietaire values ( 33,'Pierre Simon' );
insert into proprietaire values ( 34,'Baptiste Lucas' );
insert into proprietaire values ( 35,'Ethan Julien' );
insert into proprietaire values ( 36,'Elisa Aubry' );
insert into proprietaire values ( 37,'Mme Maëlle Lemoine' );
insert into proprietaire values ( 38,'Dr Clémence Durand' );
insert into proprietaire values ( 39,'Romane Lefebvre' );
insert into proprietaire values ( 40,'Axel Lefebvre' );
insert into proprietaire values ( 41,'Mlle Lucie Colin' );
insert into proprietaire values ( 42,'M Ambre Colin' );
insert into proprietaire values ( 43,'Alice Baron' );
insert into proprietaire values ( 44,'Valentin Gonzalez' );
insert into proprietaire values ( 45,'Charlotte Michel' );
insert into proprietaire values ( 46,'Gabriel Riviere' );
insert into proprietaire values ( 47,'M Alicia Henry' );
insert into proprietaire values ( 48,'Maëlys Dubois' );
insert into proprietaire values ( 49,'Noah Fournier' );
insert into proprietaire values ( 50,'Lina Durand' );
insert into proprietaire values ( 51,'Emilie Perrin' );
insert into proprietaire values ( 52,'Mohamed Vincent' );
insert into proprietaire values ( 53,'Valentin Cousin' );
insert into proprietaire values ( 54,'Yanis Duval' );
insert into proprietaire values ( 55,'Maëlle Morin' );
insert into proprietaire values ( 56,'Pauline Adam' );
insert into proprietaire values ( 57,'Mlle Léa Lemoine' );
insert into proprietaire values ( 58,'Zoe Barbier' );
insert into proprietaire values ( 59,'Charlotte Gaillard' );
insert into proprietaire values ( 60,'Lola Renard MD' );
insert into proprietaire values ( 61,'Jade Gautier' );
insert into proprietaire values ( 62,'M Alice Simon' );
insert into proprietaire values ( 63,'Enzo Morin' );
insert into proprietaire values ( 64,'Charlotte Morel' );
insert into proprietaire values ( 65,'Julie Picard' );
insert into proprietaire values ( 66,'Lilou Petit' );
insert into proprietaire values ( 67,'Célia Bonnet' );
insert into proprietaire values ( 68,'Yanis Girard' );
insert into proprietaire values ( 69,'Jules Le roux' );
insert into proprietaire values ( 70,'Benjamin Leroux' );
insert into proprietaire values ( 71,'Mattéo Caron' );
insert into proprietaire values ( 72,'Enzo Marty' );
insert into proprietaire values ( 73,'Mélissa Faure' );
insert into proprietaire values ( 74,'Paul Dupuy' );
insert into proprietaire values ( 75,'Ines Dubois' );
insert into proprietaire values ( 76,'Justine Paul' );
insert into proprietaire values ( 77,'Clément David' );
insert into proprietaire values ( 78,'Marie Royer DVM' );
insert into proprietaire values ( 79,'Benjamin Roy' );
insert into proprietaire values ( 80,'Célia Meunier' );
insert into proprietaire values ( 81,'Camille Brunet' );
insert into proprietaire values ( 82,'Lou Marchand' );
insert into proprietaire values ( 83,'Maëlys Guillaume' );
insert into proprietaire values ( 84,'Emilie Benoit' );
insert into proprietaire values ( 85,'Mme Théo Riviere' );
insert into proprietaire values ( 86,'Julie Marchal' );
insert into proprietaire values ( 87,'Ambre Perrin' );
insert into proprietaire values ( 88,'Mathéo Fabre' );
insert into proprietaire values ( 89,'M Marie Schneider' );
insert into proprietaire values ( 90,'Quentin Rousseau IV' );
insert into proprietaire values ( 91,'Alexandre Renault' );
insert into proprietaire values ( 92,'Carla Remy DDS' );
insert into proprietaire values ( 93,'Romane Dufour' );
insert into proprietaire values ( 94,'Théo Huet' );
insert into proprietaire values ( 95,'Evan Aubry IV' );
insert into proprietaire values ( 96,'Tom Menard' );
insert into proprietaire values ( 97,'Noah Huet' );
insert into proprietaire values ( 98,'Alexandre Muller' );
insert into proprietaire values ( 99,'Mlle Gabriel Bonnet' );
insert into type values ( 0,'Glace' );
insert into type values ( 1,'Dragon' );
insert into type values ( 2,'Sol' );
insert into type values ( 3,'Plante' );
insert into type values ( 4,'Feu' );
insert into type values ( 5,'Eau' );
insert into type values ( 6,'Électrique' );
insert into type values ( 7,'Psy' );
insert into type values ( 8,'Spectre' );
insert into type values ( 9,'Ténèbre' );
insert into type values ( 10,'Fée' );
insert into type values ( 11,'Acier' );
insert into type values ( 12,'Poison' );
insert into type values ( 13,'Roche' );
insert into type values ( 14,'Combat' );
insert into type values ( 15,'Insecte' );
insert into type values ( 16,'Normal' );
insert into attaque values ( 0,0,'Triplattaque',209,52,11 );
insert into attaque values ( 1,8,'Escalade',53,54,38 );
insert into attaque values ( 2,15,'Morphing',183,46,31 );
insert into attaque values ( 3,2,'Vœu',135,10,27 );
insert into attaque values ( 4,1,'Grobisou',78,29,94 );
insert into attaque values ( 5,1,'Pilonnage',233,39,54 );
insert into attaque values ( 6,11,'Recyclage',20,78,10 );
insert into attaque values ( 7,4,'Regard Médusant',227,19,51 );
insert into attaque values ( 8,1,'E-Coque',15,19,78 );
insert into attaque values ( 9,11,'Constriction',222,91,91 );
insert into attaque values ( 10,3,'Picanon',116,94,51 );
insert into attaque values ( 11,4,'Uppercut',234,30,63 );
insert into attaque values ( 12,13,'Coup de Main',98,41,55 );
insert into attaque values ( 13,4,'Flash',217,78,47 );
insert into attaque values ( 14,9,'Conversion',74,5,71 );
insert into attaque values ( 15,3,'Affûtage',123,57,13 );
insert into attaque values ( 16,11,'Croc de Mort',71,91,49 );
insert into attaque values ( 17,6,'Par Ici',52,73,43 );
insert into attaque values ( 18,8,'Attrition',239,52,80 );
insert into attaque values ( 19,6,'Force-Nature',45,86,92 );
insert into attaque values ( 20,3,'Combo-Griffe',63,87,100 );
insert into attaque values ( 21,12,'Explosion',109,62,38 );
insert into attaque values ( 22,5,'Trempette',196,59,58 );
insert into attaque values ( 23,12,'Exuviation',101,5,58 );
insert into attaque values ( 24,1,'CoudKrâne',167,52,23 );
insert into attaque values ( 25,15,'Météores',249,86,12 );
insert into attaque values ( 26,10,'Relais',14,61,26 );
insert into attaque values ( 27,4,'Rengorgement',118,52,67 );
insert into attaque values ( 28,15,'BoulArmure',250,16,4 );
insert into zone values ( 0,'Venezuela' );
insert into zone values ( 1,'Portugal' );
insert into zone values ( 2,'Niger' );
insert into zone values ( 3,'Guernsey' );
insert into zone values ( 4,'Paraguay' );
insert into zone values ( 5,'Latvia' );
insert into zone values ( 6,'Saint Helena' );
insert into zone values ( 7,'Democratic Peoples Republic of Korea' );
insert into zone values ( 8,'Palau' );
insert into zone values ( 9,'Afghanistan' );
insert into zone values ( 10,'Vanuatu' );
insert into zone values ( 11,'Macedonia' );
insert into zone values ( 12,'Djibouti' );
insert into zone values ( 13,'Zimbabwe' );
insert into zone values ( 14,'South Georgia and the South Sandwich Islands' );
insert into zone values ( 15,'Norfolk Island' );
insert into zone values ( 16,'Austria' );
insert into zone values ( 17,'Singapore' );
insert into zone values ( 18,'Virgin Islands, British' );
insert into zone values ( 19,'Tonga' );
insert into zone values ( 20,'Malawi' );
insert into zone values ( 21,'Bulgaria' );
insert into zone values ( 22,'Malta' );
insert into zone values ( 23,'Moldova' );
insert into zone values ( 24,'Mozambique' );
insert into zone values ( 25,'Kyrgyz Republic' );
insert into zone values ( 26,'Iran' );
insert into zone values ( 27,'Micronesia' );
insert into zone values ( 28,'Nigeria' );
insert into zone values ( 29,'Saint Pierre and Miquelon' );
insert into zone values ( 30,'Turkey' );
insert into zone values ( 31,'Tuvalu' );
insert into zone values ( 32,'Papua New Guinea' );
insert into zone values ( 33,'French Polynesia' );
insert into zone values ( 34,'Kuwait' );
insert into zone values ( 35,'Angola' );
insert into zone values ( 36,'Suriname' );
insert into zone values ( 37,'Guadeloupe' );
insert into zone values ( 38,'Argentina' );
insert into zone values ( 39,'Guam' );
insert into zone values ( 40,'Hungary' );
insert into zone values ( 41,'Pitcairn Islands' );
insert into zone values ( 42,'Jersey' );
insert into zone values ( 43,'Faroe Islands' );
insert into zone values ( 44,'British Indian Ocean Territory (Chagos Archipelago)' );
insert into zone values ( 45,'Taiwan' );
insert into zone values ( 46,'Brazil' );
insert into zone values ( 47,'Sweden' );
insert into zone values ( 48,'Kiribati' );
insert into zone values ( 49,'Samoa' );
insert into zone values ( 50,'Montserrat' );
insert into zone values ( 51,'Ukraine' );
insert into zone values ( 52,'Egypt' );
insert into zone values ( 53,'New Zealand' );
insert into zone values ( 54,'Mauritania' );
insert into zone values ( 55,'Christmas Island' );
insert into zone values ( 56,'Jamaica' );
insert into zone values ( 57,'Falkland Islands (Malvinas)' );
insert into zone values ( 58,'Iceland' );
insert into zone values ( 59,'Swaziland' );
insert into zone values ( 60,'Ireland' );
insert into zone values ( 61,'Czech Republic' );
insert into zone values ( 62,'El Salvador' );
insert into zone values ( 63,'Rwanda' );
insert into zone values ( 64,'Romania' );
insert into zone values ( 65,'San Marino' );
insert into zone values ( 66,'Belize' );
insert into zone values ( 67,'Libyan Arab Jamahiriya' );
insert into zone values ( 68,'Qatar' );
insert into zone values ( 69,'Netherlands' );
insert into zone values ( 70,'Armenia' );
insert into zone values ( 71,'Marshall Islands' );
insert into zone values ( 72,'Antigua and Barbuda' );
insert into zone values ( 73,'Tunisia' );
insert into zone values ( 74,'Tajikistan' );
insert into zone values ( 75,'Cote dIvoire' );
insert into zone values ( 76,'Morocco' );
insert into zone values ( 77,'Somalia' );
insert into zone values ( 78,'Turkmenistan' );
insert into zone values ( 79,'Guatemala' );
insert into zone values ( 80,'Western Sahara' );
insert into objet values ( 0,'Défense +',0,1,1 );
insert into objet values ( 1,'Muscle +',0,1,1 );
insert into objet values ( 2,'Défense Spéc',1,1,0 );
insert into objet values ( 3,'Déf. Spé. +',1,0,0 );
insert into objet values ( 4,'Attaque +',1,0,1 );
insert into objet values ( 5,'Spécial +',0,0,1 );
insert into objet values ( 6,'Précision +',1,0,0 );
insert into objet values ( 7,'Vitesse +',1,0,0 );
insert into objet values ( 8,'Baie Tamato',1,0,1 );
insert into objet values ( 9,'Baie Résin',1,0,1 );
insert into objet values ( 10,'Baie Lonme',1,1,1 );
insert into objet values ( 11,'Baie Qualot',0,1,1 );
insert into objet values ( 12,'Baie Alga',0,0,0 );
insert into objet values ( 13,'Baie Grena',0,1,0 );
insert into objet values ( 14,'Baie Mepo',1,0,1 );
insert into objet values ( 15,'Baie Willia',0,0,1 );
insert into objet values ( 16,'Baie Fraive',0,1,0 );
insert into objet values ( 17,'Baie Pêcha',0,0,1 );
insert into objet values ( 18,'Baie Maron',1,1,0 );
insert into objet values ( 19,'Baie Oran',0,0,0 );
insert into genre values ( 0,0,0 );
insert into genre values ( 1,0,1 );
insert into genre values ( 2,1,1 );
insert into genre values ( 3,1,0 );
insert into etat values ( 0,'Mission' );
insert into etat values ( 1,'Repos' );
insert into etat values ( 2,'Reproduction' );
insert into espece values ( 0,null,null,'Bulbizarre' );
insert into espece values ( 1,null,0,'Chenipan' );
insert into espece values ( 2,null,null,'Voltorbe' );
insert into espece values ( 3,null,null,'Électrode' );
insert into espece values ( 4,null,null,'Nœunœuf' );
insert into espece values ( 5,null,null,'Noadkoko' );
insert into espece values ( 6,null,null,'Osselait' );
insert into espece values ( 7,null,null,'Ossatueur' );
insert into espece values ( 8,null,null,'Kicklee' );
insert into espece values ( 9,null,null,'Tygnon' );
insert into espece values ( 10,null,null,'Excelangue' );
insert into espece values ( 11,null,null,'Smogo' );
insert into espece values ( 12,null,null,'Chrysacier' );
insert into espece values ( 13,null,null,'Smogogo' );
insert into espece values ( 14,13,null,'Rhinocorne' );
insert into espece values ( 15,null,null,'Rhinoféros' );
insert into espece values ( 16,null,null,'Leveinard' );
insert into espece values ( 17,null,11,'Saquedeneu' );
insert into espece values ( 18,null,null,'Kangourex' );
insert into espece values ( 19,null,null,'Hypotrempe' );
insert into espece values ( 20,4,null,'Hypocéan' );
insert into espece values ( 21,1,null,'Poissirène' );
insert into espece values ( 22,null,null,'Poissoroy' );
insert into espece values ( 23,null,21,'Papilusion' );
insert into espece values ( 24,null,null,'Stari' );
insert into espece values ( 25,null,null,'Staross' );
insert into espece values ( 26,null,null,'M.Mime' );
insert into espece values ( 27,null,null,'Insécateur' );
insert into espece values ( 28,null,18,'Lippoutou' );
insert into espece values ( 29,null,null,'Élektek' );
insert into espece values ( 30,null,null,'Magmar' );
insert into espece values ( 31,null,18,'Scarabrute' );
insert into espece values ( 32,null,null,'Tauros' );
insert into espece values ( 33,null,null,'Magicarpe' );
insert into espece values ( 34,12,null,'Aspicot' );
insert into espece values ( 35,null,5,'Léviator' );
insert into espece values ( 36,null,null,'Lokhlass' );
insert into espece values ( 37,null,null,'Métamorph' );
insert into espece values ( 38,null,null,'Évoli' );
insert into espece values ( 39,null,null,'Aquali' );
insert into espece values ( 40,null,null,'Voltali' );
insert into espece values ( 41,null,null,'Pyroli' );
insert into espece values ( 42,null,null,'Porygon' );
insert into espece values ( 43,null,null,'Amonita' );
insert into espece values ( 44,null,null,'Amonistar' );
insert into espece values ( 45,null,null,'Coconfort' );
insert into espece values ( 46,null,null,'Kabuto' );
insert into espece values ( 47,null,null,'Kabutops' );
insert into espece values ( 48,null,null,'Ptéra' );
insert into espece values ( 49,null,32,'Ronflex' );
insert into espece values ( 50,null,null,'Artikodin' );
insert into espece values ( 51,null,1,'Électhor' );
insert into espece values ( 52,null,null,'Sulfura' );
insert into espece values ( 53,null,null,'Minidraco' );
insert into espece values ( 54,null,null,'Draco' );
insert into espece values ( 55,null,null,'Dracolosse' );
insert into espece values ( 56,null,null,'Dardargnan' );
insert into espece values ( 57,null,null,'Mewtwo' );
insert into espece values ( 58,null,null,'Mew' );
insert into espece values ( 59,null,null,'Roucool' );
insert into espece values ( 60,null,31,'Roucoups' );
insert into espece values ( 61,null,null,'Roucarnage' );
insert into espece values ( 62,null,null,'Rattata' );
insert into espece values ( 63,null,null,'Herbizarre' );
insert into espece values ( 64,null,null,'Rattatac' );
insert into espece values ( 65,null,null,'Piafabec' );
insert into espece values ( 66,null,null,'Rapasdepic' );
insert into espece values ( 67,1,null,'Abo' );
insert into espece values ( 68,null,null,'Arbok' );
insert into espece values ( 69,null,null,'Pikachu' );
insert into espece values ( 70,null,null,'Raichu' );
insert into espece values ( 71,4,null,'Sabelette' );
insert into espece values ( 72,null,null,'Sablaireau' );
insert into espece values ( 73,null,null,'Nidoran♀' );
insert into espece values ( 74,null,null,'Florizarre' );
insert into espece values ( 75,null,null,'Nidorina' );
insert into espece values ( 76,null,null,'Nidoqueen' );
insert into espece values ( 77,null,null,'Nidoran♂' );
insert into espece values ( 78,null,null,'Nidorino' );
insert into espece values ( 79,null,null,'Nidoking' );
insert into espece values ( 80,null,null,'Mélofée' );
insert into espece values ( 81,null,null,'Mélodelfe' );
insert into espece values ( 82,null,null,'Feunard' );
insert into espece values ( 83,null,null,'Rondoudou' );
insert into espece values ( 84,null,null,'Salamèche' );
insert into espece values ( 85,null,null,'Grodoudou' );
insert into espece values ( 86,null,null,'Nosferapti' );
insert into espece values ( 87,null,null,'Nosferalto' );
insert into espece values ( 88,null,13,'Mystherbe' );
insert into espece values ( 89,null,null,'Ortide' );
insert into espece values ( 90,null,null,'Rafflesia' );
insert into espece values ( 91,null,null,'Paras' );
insert into espece values ( 92,null,null,'Parasect' );
insert into espece values ( 93,null,null,'Mimitoss' );
insert into espece values ( 94,null,null,'Aéromite' );
insert into espece values ( 95,null,null,'Reptincel' );
insert into espece values ( 96,null,null,'Taupiqueur' );
insert into espece values ( 97,null,null,'Triopikeur' );
insert into espece values ( 98,null,null,'Miaouss' );
insert into espece values ( 99,null,null,'Persian' );
insert into espece values ( 100,null,null,'Psykokwak' );
insert into espece values ( 101,null,null,'Akwakwak' );
insert into espece values ( 102,null,null,'Férosinge' );
insert into espece values ( 103,null,null,'Colossinge' );
insert into espece values ( 104,null,null,'Caninos' );
insert into espece values ( 105,null,null,'Arcanin' );
insert into espece values ( 106,null,null,'Dracaufeu' );
insert into espece values ( 107,17,null,'Ptitard' );
insert into espece values ( 108,null,null,'Têtarte' );
insert into espece values ( 109,null,null,'Tartard' );
insert into espece values ( 110,null,null,'Abra' );
insert into espece values ( 111,null,null,'Kadabra' );
insert into espece values ( 112,null,null,'Alakazam' );
insert into espece values ( 113,18,null,'Machoc' );
insert into espece values ( 114,null,null,'Machopeur' );
insert into espece values ( 115,null,null,'Mackogneur' );
insert into espece values ( 116,null,null,'Chétiflor' );
insert into espece values ( 117,null,null,'Carapuce' );
insert into espece values ( 118,null,null,'Boustiflor' );
insert into espece values ( 119,null,null,'Empiflor' );
insert into espece values ( 120,null,null,'Tentacool' );
insert into espece values ( 121,null,null,'Tentacruel' );
insert into espece values ( 122,null,null,'Racaillou' );
insert into espece values ( 123,null,null,'Gravalanch' );
insert into espece values ( 124,null,null,'Grolem' );
insert into espece values ( 125,null,null,'Ponyta' );
insert into espece values ( 126,null,null,'Galopa' );
insert into espece values ( 127,null,null,'Carabaffe' );
insert into espece values ( 128,null,null,'Flagadoss' );
insert into espece values ( 129,null,null,'Magnéton' );
insert into espece values ( 130,null,null,'Canarticho' );
insert into espece values ( 131,null,null,'Dodrio' );
insert into espece values ( 132,null,null,'Otaria' );
insert into espece values ( 133,null,null,'Tadmorv' );
insert into espece values ( 134,null,null,'Grotadmorv' );
insert into espece values ( 135,null,null,'Kokiyas' );
insert into espece values ( 136,null,null,'Crustabri' );
insert into espece values ( 137,null,null,'Spectrum' );
insert into espece values ( 138,null,null,'Ectoplasma' );
insert into espece values ( 139,null,null,'Soporifik' );
insert into espece values ( 140,null,null,'Hypnomade' );
insert into espece values ( 141,null,null,'Krabboss' );
insert into monstropoche values ( 0,'Hermina.Ondricka',23,0,0,8,88,57,8,53 );
insert into monstropoche values ( 1,'Kelli_Jaskolski',null,2,2,11,51,42,78,7 );
insert into monstropoche values ( 2,'Candace.Beier10',51,1,0,14,20,47,96,46 );
insert into monstropoche values ( 3,'Rosemarie32',null,2,2,16,128,31,61,3 );
insert into monstropoche values ( 4,'Kasandra10',null,0,1,12,27,31,89,23 );
insert into monstropoche values ( 5,'Orval65',3,2,0,8,7,37,55,4 );
insert into monstropoche values ( 6,'Kennedy.Kuhic',96,1,0,18,8,30,87,0 );
insert into monstropoche values ( 7,'Elody_Feil',null,3,2,17,47,12,9,11 );
insert into monstropoche values ( 8,'Dylan.Paucek',49,1,2,7,2,18,83,12 );
insert into monstropoche values ( 9,'Jasen52',null,0,1,17,46,21,52,0 );
insert into monstropoche values ( 10,'Brayan_Nienow6',null,2,1,7,74,81,36,18 );
insert into monstropoche values ( 11,'Creola_Ankunding',76,0,2,7,75,9,96,8 );
insert into monstropoche values ( 12,'Leon.Rippin',77,2,1,6,125,14,49,7 );
insert into monstropoche values ( 13,'Alejandra_Reynolds59',95,2,1,7,98,56,18,45 );
insert into monstropoche values ( 14,'Eleazar85',10,0,1,5,40,83,84,21 );
insert into monstropoche values ( 15,'Oleta1',null,1,2,8,94,65,40,28 );
insert into monstropoche values ( 16,'Jaunita96',null,0,1,16,35,30,59,24 );
insert into monstropoche values ( 17,'Abdullah23',42,3,1,19,97,36,92,34 );
insert into monstropoche values ( 18,'Chloe33',null,0,1,8,6,4,80,2 );
insert into monstropoche values ( 19,'Rodolfo94',null,3,0,11,90,1,73,0 );
insert into monstropoche values ( 20,'Zachariah86',null,2,1,19,111,29,67,0 );
insert into monstropoche values ( 21,'Melany.Barrows50',72,2,0,16,102,63,96,40 );
insert into monstropoche values ( 22,'Alfonzo.Hermiston8',24,2,0,9,85,87,57,7 );
insert into monstropoche values ( 23,'Sarah_Casper',null,2,2,3,102,25,78,15 );
insert into monstropoche values ( 24,'Demario.Deckow',17,3,0,17,79,93,86,33 );
insert into monstropoche values ( 25,'Lavon_Abernathy65',null,3,2,12,132,23,80,1 );
insert into monstropoche values ( 26,'Loma.Lebsack',40,3,2,13,80,75,17,7 );
insert into monstropoche values ( 27,'Alan54',69,3,2,3,63,80,5,75 );
insert into monstropoche values ( 28,'Kristina.Beier86',null,3,2,17,65,36,61,16 );
insert into monstropoche values ( 29,'Luella_Kilback66',null,3,1,6,136,91,39,52 );
insert into monstropoche values ( 30,'Pierre70',null,0,2,1,131,49,100,42 );
insert into monstropoche values ( 31,'America92',null,1,1,15,79,49,79,25 );
insert into monstropoche values ( 32,'Malcolm99',null,2,2,7,34,12,60,12 );
insert into monstropoche values ( 33,'Caroline.Sanford9',null,1,0,4,33,69,85,28 );
insert into monstropoche values ( 34,'Wyatt74',78,0,2,0,39,1,82,1 );
insert into monstropoche values ( 35,'Amaya.Kuvalis',null,1,2,16,120,1,58,1 );
insert into monstropoche values ( 36,'Dejon.Shields',null,2,2,19,41,87,84,76 );
insert into monstropoche values ( 37,'Nathan_Schulist',null,0,2,19,105,40,88,6 );
insert into monstropoche values ( 38,'Woodrow_Waters',null,2,1,6,68,93,97,71 );
insert into monstropoche values ( 39,'Lucienne_Hand41',null,1,1,1,78,32,1,9 );
insert into monstropoche values ( 40,'Cassandre.Harris',null,1,1,17,0,98,59,98 );
insert into monstropoche values ( 41,'Marielle_Kuhn35',null,1,1,2,32,24,64,2 );
insert into monstropoche values ( 42,'Liliane.Boehm45',null,2,1,19,0,27,56,5 );
insert into monstropoche values ( 43,'Jana13',null,1,1,9,77,81,19,24 );
insert into monstropoche values ( 44,'Wilber27',null,1,2,7,23,57,82,35 );
insert into monstropoche values ( 45,'Shakira39',21,2,1,9,56,85,99,73 );
insert into monstropoche values ( 46,'Amara.Watsica',null,2,0,14,122,66,39,31 );
insert into monstropoche values ( 47,'Werner_McKenzie',null,1,2,11,121,10,22,1 );
insert into monstropoche values ( 48,'Tillman_Jones57',null,1,1,12,91,31,28,12 );
insert into monstropoche values ( 49,'Devon13',null,0,2,10,79,98,89,72 );
insert into monstropoche values ( 50,'Amalia_Collins',36,2,0,8,34,82,66,41 );
insert into monstropoche values ( 51,'Raphaelle.Bechtelar91',41,1,2,8,53,39,94,10 );
insert into monstropoche values ( 52,'Camilla.Tromp16',null,3,2,10,51,4,64,0 );
insert into monstropoche values ( 53,'Ignacio.Wilkinson',null,3,2,6,39,9,3,6 );
insert into monstropoche values ( 54,'Tanner99',60,3,1,3,97,92,71,18 );
insert into monstropoche values ( 55,'Kitty.Hamill33',24,3,0,8,82,94,63,41 );
insert into monstropoche values ( 56,'Colt10',null,3,0,5,87,89,37,59 );
insert into monstropoche values ( 57,'Vito_Mraz',11,3,1,14,3,14,39,2 );
insert into monstropoche values ( 58,'Pauline_Stamm',49,0,1,11,1,43,90,28 );
insert into monstropoche values ( 59,'Arlene_Braun',96,1,1,3,122,17,91,0 );
insert into monstropoche values ( 60,'Ahmed20',null,2,2,18,63,85,99,8 );
insert into monstropoche values ( 61,'Theo_Willms',95,1,1,3,137,99,76,53 );
insert into monstropoche values ( 62,'Ricardo.Wolff',null,2,0,16,66,27,7,0 );
insert into monstropoche values ( 63,'Olin.Beatty',1,2,2,6,84,2,72,2 );
insert into monstropoche values ( 64,'Elenor_Reichert78',null,1,0,15,35,42,96,28 );
insert into monstropoche values ( 65,'Lourdes_Frami48',60,3,1,14,29,50,60,22 );
insert into monstropoche values ( 66,'Scot57',null,3,0,6,102,72,15,39 );
insert into monstropoche values ( 67,'Oma.Aufderhar',49,1,2,5,102,13,94,1 );
insert into monstropoche values ( 68,'Mandy_Sanford',13,0,2,11,78,35,29,22 );
insert into monstropoche values ( 69,'Gabe.Boyle29',22,3,1,0,79,49,90,0 );
insert into monstropoche values ( 70,'Glenda_Morissette',25,0,1,2,46,39,70,25 );
insert into monstropoche values ( 71,'Madonna.Schultz',null,2,2,16,58,75,22,1 );
insert into monstropoche values ( 72,'Jordyn_Bins77',84,0,2,10,30,2,85,0 );
insert into monstropoche values ( 73,'Kyler_Barton34',null,2,1,0,79,36,8,24 );
insert into monstropoche values ( 74,'Melyssa.Goldner',41,0,2,8,19,7,11,4 );
insert into monstropoche values ( 75,'Bertrand.Schiller99',null,2,1,0,44,9,68,5 );
insert into monstropoche values ( 76,'Cleora.Herman75',null,0,2,6,56,79,25,29 );
insert into monstropoche values ( 77,'Haley.Morissette',null,1,0,9,111,4,3,4 );
insert into monstropoche values ( 78,'Layla99',null,2,2,8,42,10,64,5 );
insert into monstropoche values ( 79,'Bernadine_Schuppe',27,2,0,5,96,19,21,6 );
insert into monstropoche values ( 80,'Brendan31',53,0,2,10,36,39,70,35 );
insert into monstropoche values ( 81,'Mercedes.Schroeder',82,2,0,13,24,56,30,7 );
insert into monstropoche values ( 82,'Kameron41',null,2,2,5,103,85,23,18 );
insert into monstropoche values ( 83,'Abel.Russel6',80,2,1,12,60,40,10,7 );
insert into monstropoche values ( 84,'Monroe.Wuckert',52,2,1,13,84,43,87,31 );
insert into monstropoche values ( 85,'Stone_Lebsack',37,3,2,9,59,3,15,0 );
insert into monstropoche values ( 86,'Sylvia.Towne46',2,2,0,4,63,51,3,29 );
insert into monstropoche values ( 87,'Sharon74',0,3,1,7,132,74,63,14 );
insert into monstropoche values ( 88,'Otilia_Wolf',null,0,2,2,131,65,26,46 );
insert into monstropoche values ( 89,'Reinhold.Hilll65',50,1,0,12,117,15,100,11 );
insert into monstropoche values ( 90,'Cyril_Stanton',12,3,1,16,98,92,76,65 );
insert into monstropoche values ( 91,'Lew90',45,1,1,2,3,87,95,11 );
insert into monstropoche values ( 92,'Sterling_Cummings',null,0,0,6,79,51,41,32 );
insert into monstropoche values ( 93,'Peyton.Conn7',null,1,0,5,108,57,59,40 );
insert into monstropoche values ( 94,'Laurie17',28,0,1,13,79,71,50,57 );
insert into monstropoche values ( 95,'Ottis.Lesch',88,0,2,7,76,59,70,5 );
insert into monstropoche values ( 96,'Erling_Walsh',null,1,0,18,40,57,80,23 );
insert into monstropoche values ( 97,'Frederic77',66,3,1,11,105,60,64,15 );
insert into monstropoche values ( 98,'Annamae_Gibson5',null,3,0,1,139,53,92,47 );
insert into monstropoche values ( 99,'Stefan50',83,3,2,9,74,45,48,18 );
insert into monstropoche values ( 100,'Jessy.Romaguera6',0,2,2,4,0,100,58,53 );
insert into monstropoche values ( 101,'Urban.Stracke13',0,2,2,8,0,100,48,47 );
insert into objet_zone values ( 0,34 );
insert into objet_zone values ( 1,67 );
insert into objet_zone values ( 2,10 );
insert into objet_zone values ( 3,44 );
insert into objet_zone values ( 4,75 );
insert into objet_zone values ( 5,47 );
insert into objet_zone values ( 6,28 );
insert into objet_zone values ( 7,36 );
insert into objet_zone values ( 8,28 );
insert into objet_zone values ( 9,45 );
insert into objet_zone values ( 10,48 );
insert into objet_zone values ( 11,46 );
insert into objet_zone values ( 12,60 );
insert into objet_zone values ( 13,39 );
insert into objet_zone values ( 14,78 );
insert into objet_zone values ( 15,50 );
insert into objet_zone values ( 16,67 );
insert into objet_zone values ( 17,45 );
insert into objet_zone values ( 18,51 );
insert into objet_zone values ( 19,16 );
insert into objet_zone values ( 19,0 );
insert into objet_zone values ( 5,1 );
insert into objet_zone values ( 14,2 );
insert into objet_zone values ( 14,3 );
insert into objet_zone values ( 7,4 );
insert into objet_zone values ( 15,5 );
insert into objet_zone values ( 4,6 );
insert into objet_zone values ( 1,7 );
insert into objet_zone values ( 4,8 );
insert into objet_zone values ( 9,9 );
insert into objet_zone values ( 8,10 );
insert into objet_zone values ( 15,11 );
insert into objet_zone values ( 5,12 );
insert into objet_zone values ( 17,13 );
insert into objet_zone values ( 8,14 );
insert into objet_zone values ( 0,15 );
insert into objet_zone values ( 0,16 );
insert into objet_zone values ( 0,17 );
insert into objet_zone values ( 17,18 );
insert into objet_zone values ( 14,19 );
insert into objet_zone values ( 10,20 );
insert into objet_zone values ( 18,21 );
insert into objet_zone values ( 17,22 );
insert into objet_zone values ( 7,23 );
insert into objet_zone values ( 4,24 );
insert into objet_zone values ( 11,25 );
insert into objet_zone values ( 12,26 );
insert into objet_zone values ( 17,27 );
insert into objet_zone values ( 13,29 );
insert into objet_zone values ( 11,30 );
insert into objet_zone values ( 1,31 );
insert into objet_zone values ( 10,32 );
insert into objet_zone values ( 1,33 );
insert into objet_zone values ( 7,34 );
insert into objet_zone values ( 1,35 );
insert into objet_zone values ( 4,36 );
insert into objet_zone values ( 10,37 );
insert into objet_zone values ( 9,38 );
insert into objet_zone values ( 10,39 );
insert into objet_zone values ( 0,40 );
insert into objet_zone values ( 8,41 );
insert into objet_zone values ( 18,42 );
insert into objet_zone values ( 12,43 );
insert into objet_zone values ( 10,44 );
insert into objet_zone values ( 0,45 );
insert into objet_zone values ( 14,46 );
insert into objet_zone values ( 1,47 );
insert into objet_zone values ( 15,48 );
insert into objet_zone values ( 7,49 );
insert into objet_zone values ( 8,50 );
insert into objet_zone values ( 15,51 );
insert into objet_zone values ( 0,52 );
insert into objet_zone values ( 3,53 );
insert into objet_zone values ( 15,54 );
insert into objet_zone values ( 13,55 );
insert into objet_zone values ( 15,56 );
insert into objet_zone values ( 19,57 );
insert into objet_zone values ( 11,58 );
insert into objet_zone values ( 2,59 );
insert into objet_zone values ( 15,60 );
insert into objet_zone values ( 5,61 );
insert into objet_zone values ( 14,62 );
insert into objet_zone values ( 1,63 );
insert into objet_zone values ( 9,64 );
insert into objet_zone values ( 7,65 );
insert into objet_zone values ( 4,66 );
insert into objet_zone values ( 8,67 );
insert into objet_zone values ( 13,68 );
insert into objet_zone values ( 0,69 );
insert into objet_zone values ( 7,70 );
insert into objet_zone values ( 4,71 );
insert into objet_zone values ( 15,72 );
insert into objet_zone values ( 3,73 );
insert into objet_zone values ( 13,74 );
insert into objet_zone values ( 17,75 );
insert into objet_zone values ( 7,76 );
insert into objet_zone values ( 16,77 );
insert into objet_zone values ( 17,78 );
insert into objet_zone values ( 7,79 );
insert into objet_zone values ( 6,80 );
insert into espece_type values ( 0,12 );
insert into espece_type values ( 1,6 );
insert into espece_type values ( 2,3 );
insert into espece_type values ( 3,9 );
insert into espece_type values ( 4,1 );
insert into espece_type values ( 5,10 );
insert into espece_type values ( 6,13 );
insert into espece_type values ( 7,8 );
insert into espece_type values ( 8,2 );
insert into espece_type values ( 9,13 );
insert into espece_type values ( 10,4 );
insert into espece_type values ( 11,10 );
insert into espece_type values ( 12,10 );
insert into espece_type values ( 13,10 );
insert into espece_type values ( 14,4 );
insert into espece_type values ( 15,7 );
insert into espece_type values ( 16,7 );
insert into espece_type values ( 17,16 );
insert into espece_type values ( 18,14 );
insert into espece_type values ( 19,15 );
insert into espece_type values ( 20,11 );
insert into espece_type values ( 21,14 );
insert into espece_type values ( 22,7 );
insert into espece_type values ( 23,15 );
insert into espece_type values ( 24,11 );
insert into espece_type values ( 25,0 );
insert into espece_type values ( 26,16 );
insert into espece_type values ( 27,9 );
insert into espece_type values ( 28,6 );
insert into espece_type values ( 29,13 );
insert into espece_type values ( 30,12 );
insert into espece_type values ( 31,9 );
insert into espece_type values ( 32,8 );
insert into espece_type values ( 33,14 );
insert into espece_type values ( 34,9 );
insert into espece_type values ( 35,13 );
insert into espece_type values ( 36,1 );
insert into espece_type values ( 37,4 );
insert into espece_type values ( 38,3 );
insert into espece_type values ( 39,10 );
insert into espece_type values ( 40,14 );
insert into espece_type values ( 41,11 );
insert into espece_type values ( 42,15 );
insert into espece_type values ( 43,9 );
insert into espece_type values ( 44,8 );
insert into espece_type values ( 45,13 );
insert into espece_type values ( 46,14 );
insert into espece_type values ( 47,9 );
insert into espece_type values ( 48,13 );
insert into espece_type values ( 49,13 );
insert into espece_type values ( 50,14 );
insert into espece_type values ( 51,6 );
insert into espece_type values ( 52,0 );
insert into espece_type values ( 53,1 );
insert into espece_type values ( 54,10 );
insert into espece_type values ( 55,13 );
insert into espece_type values ( 56,4 );
insert into espece_type values ( 57,9 );
insert into espece_type values ( 58,11 );
insert into espece_type values ( 59,5 );
insert into espece_type values ( 60,4 );
insert into espece_type values ( 61,3 );
insert into espece_type values ( 62,9 );
insert into espece_type values ( 63,14 );
insert into espece_type values ( 64,11 );
insert into espece_type values ( 65,7 );
insert into espece_type values ( 66,16 );
insert into espece_type values ( 67,8 );
insert into espece_type values ( 68,3 );
insert into espece_type values ( 69,16 );
insert into espece_type values ( 70,0 );
insert into espece_type values ( 71,1 );
insert into espece_type values ( 72,8 );
insert into espece_type values ( 73,14 );
insert into espece_type values ( 74,0 );
insert into espece_type values ( 75,6 );
insert into espece_type values ( 76,7 );
insert into espece_type values ( 77,9 );
insert into espece_type values ( 78,6 );
insert into espece_type values ( 79,7 );
insert into espece_type values ( 80,0 );
insert into espece_type values ( 81,5 );
insert into espece_type values ( 82,11 );
insert into espece_type values ( 83,2 );
insert into espece_type values ( 84,7 );
insert into espece_type values ( 85,12 );
insert into espece_type values ( 86,10 );
insert into espece_type values ( 87,4 );
insert into espece_type values ( 88,2 );
insert into espece_type values ( 89,6 );
insert into espece_type values ( 90,10 );
insert into espece_type values ( 91,1 );
insert into espece_type values ( 92,2 );
insert into espece_type values ( 93,13 );
insert into espece_type values ( 94,4 );
insert into espece_type values ( 95,9 );
insert into espece_type values ( 96,9 );
insert into espece_type values ( 97,8 );
insert into espece_type values ( 98,12 );
insert into espece_type values ( 99,4 );
insert into espece_type values ( 100,10 );
insert into espece_type values ( 101,12 );
insert into espece_type values ( 102,9 );
insert into espece_type values ( 103,3 );
insert into espece_type values ( 104,5 );
insert into espece_type values ( 105,1 );
insert into espece_type values ( 106,8 );
insert into espece_type values ( 107,8 );
insert into espece_type values ( 108,3 );
insert into espece_type values ( 109,12 );
insert into espece_type values ( 110,8 );
insert into espece_type values ( 111,0 );
insert into espece_type values ( 112,2 );
insert into espece_type values ( 113,2 );
insert into espece_type values ( 114,5 );
insert into espece_type values ( 115,3 );
insert into espece_type values ( 116,15 );
insert into espece_type values ( 117,8 );
insert into espece_type values ( 118,14 );
insert into espece_type values ( 119,10 );
insert into espece_type values ( 120,7 );
insert into espece_type values ( 121,7 );
insert into espece_type values ( 122,11 );
insert into espece_type values ( 123,4 );
insert into espece_type values ( 124,4 );
insert into espece_type values ( 125,4 );
insert into espece_type values ( 126,6 );
insert into espece_type values ( 127,0 );
insert into espece_type values ( 128,16 );
insert into espece_type values ( 129,1 );
insert into espece_type values ( 130,12 );
insert into espece_type values ( 131,6 );
insert into espece_type values ( 132,12 );
insert into espece_type values ( 133,16 );
insert into espece_type values ( 134,16 );
insert into espece_type values ( 135,15 );
insert into espece_type values ( 136,6 );
insert into espece_type values ( 137,3 );
insert into espece_type values ( 138,10 );
insert into espece_type values ( 139,2 );
insert into espece_type values ( 140,6 );
insert into espece_type values ( 141,2 );
insert into espece_type values ( 62,0 );
insert into espece_type values ( 120,1 );
insert into espece_type values ( 38,2 );
insert into espece_type values ( 72,3 );
insert into espece_type values ( 115,5 );
insert into espece_type values ( 132,6 );
insert into espece_type values ( 124,7 );
insert into espece_type values ( 43,8 );
insert into espece_type values ( 14,9 );
insert into espece_type values ( 73,10 );
insert into espece_type values ( 131,11 );
insert into espece_type values ( 5,12 );
insert into espece_type values ( 105,13 );
insert into espece_type values ( 111,14 );
insert into espece_type values ( 90,15 );
insert into espece_type values ( 112,16 );
insert into espece_zone values ( 0,58 );
insert into espece_zone values ( 1,53 );
insert into espece_zone values ( 2,73 );
insert into espece_zone values ( 3,1 );
insert into espece_zone values ( 4,61 );
insert into espece_zone values ( 5,31 );
insert into espece_zone values ( 6,69 );
insert into espece_zone values ( 7,10 );
insert into espece_zone values ( 8,27 );
insert into espece_zone values ( 9,45 );
insert into espece_zone values ( 10,11 );
insert into espece_zone values ( 11,21 );
insert into espece_zone values ( 12,16 );
insert into espece_zone values ( 13,13 );
insert into espece_zone values ( 14,40 );
insert into espece_zone values ( 15,30 );
insert into espece_zone values ( 16,8 );
insert into espece_zone values ( 17,22 );
insert into espece_zone values ( 18,31 );
insert into espece_zone values ( 19,76 );
insert into espece_zone values ( 20,6 );
insert into espece_zone values ( 21,42 );
insert into espece_zone values ( 22,18 );
insert into espece_zone values ( 23,44 );
insert into espece_zone values ( 24,53 );
insert into espece_zone values ( 25,65 );
insert into espece_zone values ( 26,66 );
insert into espece_zone values ( 27,4 );
insert into espece_zone values ( 28,80 );
insert into espece_zone values ( 29,40 );
insert into espece_zone values ( 30,58 );
insert into espece_zone values ( 31,48 );
insert into espece_zone values ( 32,76 );
insert into espece_zone values ( 33,73 );
insert into espece_zone values ( 34,49 );
insert into espece_zone values ( 35,0 );
insert into espece_zone values ( 36,79 );
insert into espece_zone values ( 37,21 );
insert into espece_zone values ( 38,78 );
insert into espece_zone values ( 39,45 );
insert into espece_zone values ( 40,7 );
insert into espece_zone values ( 41,22 );
insert into espece_zone values ( 42,8 );
insert into espece_zone values ( 43,57 );
insert into espece_zone values ( 44,66 );
insert into espece_zone values ( 45,20 );
insert into espece_zone values ( 46,33 );
insert into espece_zone values ( 47,21 );
insert into espece_zone values ( 48,72 );
insert into espece_zone values ( 49,10 );
insert into espece_zone values ( 50,32 );
insert into espece_zone values ( 51,64 );
insert into espece_zone values ( 52,39 );
insert into espece_zone values ( 53,11 );
insert into espece_zone values ( 54,23 );
insert into espece_zone values ( 55,24 );
insert into espece_zone values ( 56,68 );
insert into espece_zone values ( 57,30 );
insert into espece_zone values ( 58,47 );
insert into espece_zone values ( 59,71 );
insert into espece_zone values ( 60,6 );
insert into espece_zone values ( 61,34 );
insert into espece_zone values ( 62,61 );
insert into espece_zone values ( 63,28 );
insert into espece_zone values ( 64,49 );
insert into espece_zone values ( 65,24 );
insert into espece_zone values ( 66,54 );
insert into espece_zone values ( 67,20 );
insert into espece_zone values ( 68,48 );
insert into espece_zone values ( 69,30 );
insert into espece_zone values ( 70,76 );
insert into espece_zone values ( 71,50 );
insert into espece_zone values ( 72,11 );
insert into espece_zone values ( 73,26 );
insert into espece_zone values ( 74,79 );
insert into espece_zone values ( 75,76 );
insert into espece_zone values ( 76,57 );
insert into espece_zone values ( 77,27 );
insert into espece_zone values ( 78,23 );
insert into espece_zone values ( 79,77 );
insert into espece_zone values ( 80,2 );
insert into espece_zone values ( 81,29 );
insert into espece_zone values ( 82,51 );
insert into espece_zone values ( 83,18 );
insert into espece_zone values ( 84,80 );
insert into espece_zone values ( 85,23 );
insert into espece_zone values ( 86,71 );
insert into espece_zone values ( 87,34 );
insert into espece_zone values ( 88,57 );
insert into espece_zone values ( 89,63 );
insert into espece_zone values ( 90,23 );
insert into espece_zone values ( 91,77 );
insert into espece_zone values ( 92,13 );
insert into espece_zone values ( 93,0 );
insert into espece_zone values ( 94,69 );
insert into espece_zone values ( 95,75 );
insert into espece_zone values ( 96,0 );
insert into espece_zone values ( 97,47 );
insert into espece_zone values ( 98,23 );
insert into espece_zone values ( 99,32 );
insert into espece_zone values ( 100,61 );
insert into espece_zone values ( 101,19 );
insert into espece_zone values ( 102,7 );
insert into espece_zone values ( 103,43 );
insert into espece_zone values ( 104,40 );
insert into espece_zone values ( 105,31 );
insert into espece_zone values ( 106,71 );
insert into espece_zone values ( 107,41 );
insert into espece_zone values ( 108,40 );
insert into espece_zone values ( 109,0 );
insert into espece_zone values ( 110,25 );
insert into espece_zone values ( 111,39 );
insert into espece_zone values ( 112,38 );
insert into espece_zone values ( 113,45 );
insert into espece_zone values ( 114,16 );
insert into espece_zone values ( 115,51 );
insert into espece_zone values ( 116,70 );
insert into espece_zone values ( 117,57 );
insert into espece_zone values ( 118,35 );
insert into espece_zone values ( 119,71 );
insert into espece_zone values ( 120,36 );
insert into espece_zone values ( 121,16 );
insert into espece_zone values ( 122,70 );
insert into espece_zone values ( 123,76 );
insert into espece_zone values ( 124,72 );
insert into espece_zone values ( 125,42 );
insert into espece_zone values ( 126,24 );
insert into espece_zone values ( 127,44 );
insert into espece_zone values ( 128,3 );
insert into espece_zone values ( 129,11 );
insert into espece_zone values ( 130,75 );
insert into espece_zone values ( 131,55 );
insert into espece_zone values ( 132,66 );
insert into espece_zone values ( 133,65 );
insert into espece_zone values ( 134,51 );
insert into espece_zone values ( 135,8 );
insert into espece_zone values ( 136,73 );
insert into espece_zone values ( 137,19 );
insert into espece_zone values ( 138,49 );
insert into espece_zone values ( 139,50 );
insert into espece_zone values ( 140,67 );
insert into espece_zone values ( 141,78 );
insert into espece_zone values ( 105,0 );
insert into espece_zone values ( 43,1 );
insert into espece_zone values ( 38,2 );
insert into espece_zone values ( 104,3 );
insert into espece_zone values ( 72,4 );
insert into espece_zone values ( 9,5 );
insert into espece_zone values ( 70,6 );
insert into espece_zone values ( 122,7 );
insert into espece_zone values ( 108,8 );
insert into espece_zone values ( 72,9 );
insert into espece_zone values ( 119,10 );
insert into espece_zone values ( 67,11 );
insert into espece_zone values ( 72,12 );
insert into espece_zone values ( 34,13 );
insert into espece_zone values ( 99,14 );
insert into espece_zone values ( 95,15 );
insert into espece_zone values ( 90,16 );
insert into espece_zone values ( 74,17 );
insert into espece_zone values ( 87,18 );
insert into espece_zone values ( 6,19 );
insert into espece_zone values ( 43,20 );
insert into espece_zone values ( 120,21 );
insert into espece_zone values ( 81,22 );
insert into espece_zone values ( 46,23 );
insert into espece_zone values ( 17,24 );
insert into espece_zone values ( 0,25 );
insert into espece_zone values ( 109,26 );
insert into espece_zone values ( 58,27 );
insert into espece_zone values ( 77,28 );
insert into espece_zone values ( 10,29 );
insert into espece_zone values ( 34,30 );
insert into espece_zone values ( 4,31 );
insert into espece_zone values ( 52,32 );
insert into espece_zone values ( 13,33 );
insert into espece_zone values ( 79,34 );
insert into espece_zone values ( 42,35 );
insert into espece_zone values ( 28,36 );
insert into espece_zone values ( 109,37 );
insert into espece_zone values ( 42,38 );
insert into espece_zone values ( 27,39 );
insert into espece_zone values ( 111,40 );
insert into espece_zone values ( 82,41 );
insert into espece_zone values ( 69,42 );
insert into espece_zone values ( 17,43 );
insert into espece_zone values ( 18,44 );
insert into espece_zone values ( 120,45 );
insert into espece_zone values ( 132,46 );
insert into espece_zone values ( 1,48 );
insert into espece_zone values ( 28,49 );
insert into espece_zone values ( 5,50 );
insert into espece_zone values ( 87,51 );
insert into espece_zone values ( 83,52 );
insert into espece_zone values ( 106,53 );
insert into espece_zone values ( 57,54 );
insert into espece_zone values ( 48,55 );
insert into espece_zone values ( 11,56 );
insert into espece_zone values ( 67,57 );
insert into espece_zone values ( 31,58 );
insert into espece_zone values ( 106,59 );
insert into espece_zone values ( 110,60 );
insert into espece_zone values ( 97,61 );
insert into espece_zone values ( 18,62 );
insert into espece_zone values ( 134,63 );
insert into espece_zone values ( 120,64 );
insert into espece_zone values ( 123,65 );
insert into espece_zone values ( 11,66 );
insert into espece_zone values ( 112,67 );
insert into espece_zone values ( 29,68 );
insert into espece_zone values ( 53,69 );
insert into espece_zone values ( 36,70 );
insert into espece_zone values ( 25,71 );
insert into espece_zone values ( 130,72 );
insert into espece_zone values ( 19,73 );
insert into espece_zone values ( 53,74 );
insert into espece_zone values ( 84,75 );
insert into espece_zone values ( 98,76 );
insert into espece_zone values ( 77,77 );
insert into espece_zone values ( 132,78 );
insert into espece_zone values ( 16,79 );
insert into espece_zone values ( 122,80 );
insert into monstropoche_attaque values ( 0,0 );
insert into monstropoche_attaque values ( 1,18 );
insert into monstropoche_attaque values ( 2,10 );
insert into monstropoche_attaque values ( 3,14 );
insert into monstropoche_attaque values ( 4,2 );
insert into monstropoche_attaque values ( 5,16 );
insert into monstropoche_attaque values ( 6,26 );
insert into monstropoche_attaque values ( 7,5 );
insert into monstropoche_attaque values ( 8,18 );
insert into monstropoche_attaque values ( 9,5 );
insert into monstropoche_attaque values ( 10,26 );
insert into monstropoche_attaque values ( 11,12 );
insert into monstropoche_attaque values ( 12,2 );
insert into monstropoche_attaque values ( 13,20 );
insert into monstropoche_attaque values ( 14,11 );
insert into monstropoche_attaque values ( 15,14 );
insert into monstropoche_attaque values ( 16,18 );
insert into monstropoche_attaque values ( 17,25 );
insert into monstropoche_attaque values ( 18,22 );
insert into monstropoche_attaque values ( 19,9 );
insert into monstropoche_attaque values ( 20,3 );
insert into monstropoche_attaque values ( 21,26 );
insert into monstropoche_attaque values ( 22,20 );
insert into monstropoche_attaque values ( 23,14 );
insert into monstropoche_attaque values ( 24,19 );
insert into monstropoche_attaque values ( 25,12 );
insert into monstropoche_attaque values ( 26,14 );
insert into monstropoche_attaque values ( 27,0 );
insert into monstropoche_attaque values ( 28,11 );
insert into monstropoche_attaque values ( 29,5 );
insert into monstropoche_attaque values ( 30,15 );
insert into monstropoche_attaque values ( 31,25 );
insert into monstropoche_attaque values ( 32,6 );
insert into monstropoche_attaque values ( 33,25 );
insert into monstropoche_attaque values ( 34,24 );
insert into monstropoche_attaque values ( 35,16 );
insert into monstropoche_attaque values ( 36,7 );
insert into monstropoche_attaque values ( 37,2 );
insert into monstropoche_attaque values ( 38,10 );
insert into monstropoche_attaque values ( 39,12 );
insert into monstropoche_attaque values ( 40,0 );
insert into monstropoche_attaque values ( 41,3 );
insert into monstropoche_attaque values ( 42,22 );
insert into monstropoche_attaque values ( 43,11 );
insert into monstropoche_attaque values ( 44,1 );
insert into monstropoche_attaque values ( 45,20 );
insert into monstropoche_attaque values ( 46,4 );
insert into monstropoche_attaque values ( 47,10 );
insert into monstropoche_attaque values ( 48,1 );
insert into monstropoche_attaque values ( 49,17 );
insert into monstropoche_attaque values ( 50,16 );
insert into monstropoche_attaque values ( 51,2 );
insert into monstropoche_attaque values ( 52,0 );
insert into monstropoche_attaque values ( 53,7 );
insert into monstropoche_attaque values ( 54,19 );
insert into monstropoche_attaque values ( 55,10 );
insert into monstropoche_attaque values ( 56,3 );
insert into monstropoche_attaque values ( 57,8 );
insert into monstropoche_attaque values ( 58,22 );
insert into monstropoche_attaque values ( 59,6 );
insert into monstropoche_attaque values ( 60,23 );
insert into monstropoche_attaque values ( 61,18 );
insert into monstropoche_attaque values ( 62,14 );
insert into monstropoche_attaque values ( 63,20 );
insert into monstropoche_attaque values ( 64,10 );
insert into monstropoche_attaque values ( 65,6 );
insert into monstropoche_attaque values ( 66,0 );
insert into monstropoche_attaque values ( 67,28 );
insert into monstropoche_attaque values ( 68,22 );
insert into monstropoche_attaque values ( 69,2 );
insert into monstropoche_attaque values ( 70,26 );
insert into monstropoche_attaque values ( 71,8 );
insert into monstropoche_attaque values ( 72,25 );
insert into monstropoche_attaque values ( 73,26 );
insert into monstropoche_attaque values ( 74,0 );
insert into monstropoche_attaque values ( 75,8 );
insert into monstropoche_attaque values ( 76,22 );
insert into monstropoche_attaque values ( 77,24 );
insert into monstropoche_attaque values ( 78,2 );
insert into monstropoche_attaque values ( 79,12 );
insert into monstropoche_attaque values ( 80,23 );
insert into monstropoche_attaque values ( 81,10 );
insert into monstropoche_attaque values ( 82,7 );
insert into monstropoche_attaque values ( 83,7 );
insert into monstropoche_attaque values ( 84,6 );
insert into monstropoche_attaque values ( 85,25 );
insert into monstropoche_attaque values ( 86,3 );
insert into monstropoche_attaque values ( 87,6 );
insert into monstropoche_attaque values ( 88,8 );
insert into monstropoche_attaque values ( 89,10 );
insert into monstropoche_attaque values ( 90,17 );
insert into monstropoche_attaque values ( 91,28 );
insert into monstropoche_attaque values ( 92,3 );
insert into monstropoche_attaque values ( 93,16 );
insert into monstropoche_attaque values ( 94,14 );
insert into monstropoche_attaque values ( 95,23 );
insert into monstropoche_attaque values ( 96,22 );
insert into monstropoche_attaque values ( 97,20 );
insert into monstropoche_attaque values ( 98,11 );
insert into monstropoche_attaque values ( 99,9 );
insert into monstropoche_attaque values ( 80,0 );
insert into monstropoche_attaque values ( 38,1 );
insert into monstropoche_attaque values ( 44,2 );
insert into monstropoche_attaque values ( 69,3 );
insert into monstropoche_attaque values ( 47,4 );
insert into monstropoche_attaque values ( 14,5 );
insert into monstropoche_attaque values ( 93,6 );
insert into monstropoche_attaque values ( 91,7 );
insert into monstropoche_attaque values ( 47,8 );
insert into monstropoche_attaque values ( 48,9 );
insert into monstropoche_attaque values ( 70,10 );
insert into monstropoche_attaque values ( 10,11 );
insert into monstropoche_attaque values ( 62,12 );
insert into monstropoche_attaque values ( 44,13 );
insert into monstropoche_attaque values ( 5,14 );
insert into monstropoche_attaque values ( 87,15 );
insert into monstropoche_attaque values ( 59,16 );
insert into monstropoche_attaque values ( 91,17 );
insert into monstropoche_attaque values ( 73,18 );
insert into monstropoche_attaque values ( 51,19 );
insert into monstropoche_attaque values ( 2,20 );
insert into monstropoche_attaque values ( 43,21 );
insert into monstropoche_attaque values ( 50,22 );
insert into monstropoche_attaque values ( 40,23 );
insert into monstropoche_attaque values ( 76,24 );
insert into monstropoche_attaque values ( 34,26 );
insert into monstropoche_attaque values ( 42,27 );
insert into monstropoche_attaque values ( 35,28 );
