drop table monstropoche_attaque;
drop table espece_zone;
drop table espece_type;
drop table objet_zone;
drop table monstropoche;
drop table espece;
drop table etat;
drop table genre;
drop table objet;
drop table zone;
drop table attaque;
drop table type;
drop table proprietaire;

create table proprietaire (
  id int not null,
  nom varchar(255) not null,
  primary key(id)
);
create table type (
  id int not null,
  nom varchar(255) not null,
  primary key(id)
);
create table attaque (
  id int not null,
  type_id int not null,
  nom varchar(255) not null,
  puissance int not null,
  perequis int not null,
  precizion int not null,
  constraint fk_attaque_type foreign key (type_id) references type(id),
  primary key(id)
);
create table zone (id int not null,
  nom varchar(255) not null,
  primary key(id)
);
create table objet (id int not null,
  nom varchar(255) not null,
  est_unique number(1) not null,
  est_defensif number(1),
  est_offensif number(1),
  primary key(id)
);
create table genre (id int not null,
  femelle number(1) not null,
  male number(1) not null,
  primary key(id)
);
create table etat (id int not null,
  nom varchar(255) not null,
  primary key(id)
);
create table espece (
  id int not null,
  objet_id int,
  source_id int,
  nom varchar(255) not null,
  constraint fk_espece_objet foreign key (objet_id) references objet(id),
  constraint fk_espece_espece foreign key (source_id) references espece(id),
  primary key(id)
);
create table monstropoche (id int not null,
  surnom varchar(255) not null,
  proprietaire_id int,
  genre_id int not null,
  etat_id int not null,
  objet_id int,
  espece_id int not null,
  pv int not null,
  pe int not null,
  pv_actuel int not null,
  constraint fk_monstropoche_proprietaire foreign key (proprietaire_id) references proprietaire(id),
  constraint fk_monstropoche_genre foreign key (genre_id) references genre(id),
  constraint fk_monstropoche_etat foreign key (etat_id) references etat(id),
  constraint fk_monstropoche_objet foreign key (objet_id) references objet(id),
  constraint fk_monstropoche_espece foreign key (espece_id) references espece(id),
  primary key(id)
);
create table objet_zone (objet_id int not null,
  zone_id int not null,
  constraint fk_objet_zone_objet foreign key (objet_id) references objet(id),
  constraint fk_objet_zone_zone foreign key (zone_id) references zone(id),
  primary key(objet_id,
  zone_id)
);
create table espece_type (espece_id int not null,
  type_id int not null,
  constraint fk_espece_type_espece foreign key (espece_id) references espece(id),
  constraint fk_espece_type_type foreign key (type_id) references type(id),
  primary key(espece_id,
  type_id)
);
create table espece_zone (espece_id int not null,
  zone_id int not null,
  constraint fk_espece_zone_espece foreign key (espece_id) references espece(id),
  constraint fk_espece_zone_zone foreign key (zone_id) references zone(id),
  primary key(espece_id,
  zone_id)
);
create table monstropoche_attaque (monstropoche_id int not null,
  attaque_id int not null,
  constraint fk_monstropoche_attaque_m foreign key (monstropoche_id) references monstropoche(id),
  constraint fk_monstropoche_attaque_a foreign key (attaque_id) references attaque(id),
  primary key(monstropoche_id,
  attaque_id)
);

delete from monstropoche_attaque;
delete from espece_zone;
delete from espece_type;
delete from objet_zone;
delete from monstropoche;
delete from espece;
delete from etat;
delete from type;
delete from genre;
delete from objet;
delete from attaque;
delete from zone;
delete from proprietaire;
delete from monstropoche_attaque;
delete from espece_zone;
delete from espece_type;
delete from objet_zone;
delete from monstropoche;
delete from espece;
delete from etat;
delete from type;
delete from genre;
delete from objet;
delete from attaque;
delete from zone;
delete from proprietaire;

insert into proprietaire values ( 0,'Nathan Sanchez' );
insert into proprietaire values ( 1,'Océane Brunet' );
insert into proprietaire values ( 2,'Nathan Marchand' );
insert into proprietaire values ( 3,'Alicia Gautier' );
insert into proprietaire values ( 4,'Lina Paul MD' );
insert into proprietaire values ( 5,'Laura Fleury' );
insert into proprietaire values ( 6,'Eva Deschamps' );
insert into proprietaire values ( 7,'Lina Masson MD' );
insert into proprietaire values ( 8,'Mohamed Julien' );
insert into proprietaire values ( 9,'Benjamin Francois' );
insert into proprietaire values ( 10,'Maxime Brunet' );
insert into proprietaire values ( 11,'Mathéo Menard' );
insert into proprietaire values ( 12,'Jade Bertrand' );
insert into proprietaire values ( 13,'Alexandre Dumont III' );
insert into proprietaire values ( 14,'Manon Deschamps' );
insert into proprietaire values ( 15,'Mattéo Barre' );
insert into proprietaire values ( 16,'Prof Chloé Robert' );
insert into proprietaire values ( 17,'Elisa Guerin' );
insert into proprietaire values ( 18,'Rayan Roux' );
insert into proprietaire values ( 19,'Maxence Renault' );
insert into proprietaire values ( 20,'Julie Fabre' );
insert into proprietaire values ( 21,'Romain Martin' );
insert into proprietaire values ( 22,'Jade Muller' );
insert into proprietaire values ( 23,'Dr Jade Charpentier' );
insert into proprietaire values ( 24,'Mme Théo Roux' );
insert into proprietaire values ( 25,'Lucas Giraud MD' );
insert into proprietaire values ( 26,'Clément Prevost IV' );
insert into proprietaire values ( 27,'Mathéo Barre' );
insert into proprietaire values ( 28,'Romane Aubry' );
insert into proprietaire values ( 29,'Pierre Andre' );
insert into proprietaire values ( 30,'Mathis Prevost' );
insert into proprietaire values ( 31,'Emilie Guyot' );
insert into proprietaire values ( 32,'Maëlle Nguyen' );
insert into proprietaire values ( 33,'Quentin Chevalier' );
insert into proprietaire values ( 34,'Océane Perrin' );
insert into proprietaire values ( 35,'Pierre Lambert' );
insert into proprietaire values ( 36,'Emilie Nguyen' );
insert into proprietaire values ( 37,'Clara Rousseau' );
insert into proprietaire values ( 38,'Antoine Dumont' );
insert into proprietaire values ( 39,'Valentin Martinez' );
insert into proprietaire values ( 40,'Evan Leroy' );
insert into proprietaire values ( 41,'Mael Da silva' );
insert into proprietaire values ( 42,'Adam Picard' );
insert into proprietaire values ( 43,'Dr Julien Guillaume' );
insert into proprietaire values ( 44,'Clara Aubry' );
insert into proprietaire values ( 45,'Laura Moulin' );
insert into proprietaire values ( 46,'Maxime Nicolas' );
insert into proprietaire values ( 47,'Victor Moreau III' );
insert into proprietaire values ( 48,'Mathéo Arnaud' );
insert into proprietaire values ( 49,'Laura Noel' );
insert into proprietaire values ( 50,'Dr Romane Clement' );
insert into proprietaire values ( 51,'Sacha Laine' );
insert into proprietaire values ( 52,'Jules Blanc' );
insert into proprietaire values ( 53,'Justine Brunet' );
insert into proprietaire values ( 54,'Louise David' );
insert into proprietaire values ( 55,'Carla Legrand Sr.' );
insert into proprietaire values ( 56,'Dr Jules Renard' );
insert into proprietaire values ( 57,'Nicolas Lambert' );
insert into proprietaire values ( 58,'Mlle Eva Lucas' );
insert into proprietaire values ( 59,'M Mélissa Bertrand' );
insert into proprietaire values ( 60,'Pauline Dupuis Jr.' );
insert into proprietaire values ( 61,'Valentin Lemaire I' );
insert into proprietaire values ( 62,'Alexis Perez' );
insert into proprietaire values ( 63,'Ethan Bernard' );
insert into proprietaire values ( 64,'Prof Zoe Laine' );
insert into proprietaire values ( 65,'Carla Laine' );
insert into proprietaire values ( 66,'Adam Fabre' );
insert into proprietaire values ( 67,'Axel Royer' );
insert into proprietaire values ( 68,'Noah Bertrand' );
insert into proprietaire values ( 69,'Lucie Mercier' );
insert into proprietaire values ( 70,'Romane Renard' );
insert into proprietaire values ( 71,'Noah Hubert' );
insert into proprietaire values ( 72,'Charlotte Roger I' );
insert into proprietaire values ( 73,'Enzo Joly II' );
insert into proprietaire values ( 74,'Louise Vidal' );
insert into proprietaire values ( 75,'Maxence Olivier' );
insert into proprietaire values ( 76,'Evan Paris' );
insert into proprietaire values ( 77,'Romain Cousin' );
insert into proprietaire values ( 78,'Elisa Mercier' );
insert into proprietaire values ( 79,'Gabriel Marty' );
insert into proprietaire values ( 80,'Maëlys Dufour' );
insert into proprietaire values ( 81,'Paul Marchal Jr.' );
insert into proprietaire values ( 82,'Dr Thomas Baron' );
insert into proprietaire values ( 83,'Mélissa Morin' );
insert into proprietaire values ( 84,'Ambre Carre' );
insert into proprietaire values ( 85,'M Maxence Chevalier' );
insert into proprietaire values ( 86,'Thomas Royer II' );
insert into proprietaire values ( 87,'Laura Louis V' );
insert into proprietaire values ( 88,'Noah Jean' );
insert into proprietaire values ( 89,'Lina Durand' );
insert into proprietaire values ( 90,'Pauline Renault III' );
insert into proprietaire values ( 91,'Louna Gaillard' );
insert into proprietaire values ( 92,'Mme Enzo Fernandez' );
insert into proprietaire values ( 93,'Pierre Roger' );
insert into proprietaire values ( 94,'Kylian Andre' );
insert into proprietaire values ( 95,'Antoine Adam' );
insert into proprietaire values ( 96,'Prof Yanis Marchand' );
insert into proprietaire values ( 97,'Mathis Gauthier' );
insert into proprietaire values ( 98,'Dr Alexandre Richard' );
insert into proprietaire values ( 99,'Adrien Baron' );
insert into type values ( 0,'Glace' );
insert into type values ( 1,'Dragon' );
insert into type values ( 2,'Sol' );
insert into type values ( 3,'Plante' );
insert into type values ( 4,'Feu' );
insert into type values ( 5,'Eau' );
insert into type values ( 6,'Électrique' );
insert into type values ( 7,'Psy' );
insert into type values ( 8,'Spectre' );
insert into type values ( 9,'Ténèbre' );
insert into type values ( 10,'Fée' );
insert into type values ( 11,'Acier' );
insert into type values ( 12,'Poison' );
insert into type values ( 13,'Roche' );
insert into type values ( 14,'Combat' );
insert into type values ( 15,'Insecte' );
insert into type values ( 16,'Normal' );
insert into attaque values ( 0,5,'Triplattaque',142,75,16 );
insert into attaque values ( 1,12,'Escalade',245,2,71 );
insert into attaque values ( 2,8,'Morphing',87,74,75 );
insert into attaque values ( 3,14,'Vœu',84,44,68 );
insert into attaque values ( 4,14,'Grobisou',231,2,32 );
insert into attaque values ( 5,6,'Pilonnage',231,86,80 );
insert into attaque values ( 6,8,'Recyclage',142,18,71 );
insert into attaque values ( 7,1,'Regard Médusant',69,21,32 );
insert into attaque values ( 8,14,'E-Coque',246,51,58 );
insert into attaque values ( 9,5,'Constriction',58,87,3 );
insert into attaque values ( 10,9,'Picanon',132,62,9 );
insert into attaque values ( 11,2,'Uppercut',87,4,10 );
insert into attaque values ( 12,10,'Coup de Main',215,24,85 );
insert into attaque values ( 13,13,'Flash',179,0,69 );
insert into attaque values ( 14,8,'Conversion',75,71,97 );
insert into attaque values ( 15,6,'Affûtage',75,62,82 );
insert into attaque values ( 16,8,'Croc de Mort',218,5,24 );
insert into attaque values ( 17,5,'Par Ici',121,5,63 );
insert into attaque values ( 18,14,'Attrition',110,4,13 );
insert into attaque values ( 19,9,'Force-Nature',86,64,47 );
insert into attaque values ( 20,8,'Combo-Griffe',22,98,14 );
insert into attaque values ( 21,2,'Explosion',48,91,40 );
insert into attaque values ( 22,7,'Trempette',198,12,3 );
insert into attaque values ( 23,6,'Exuviation',20,0,26 );
insert into attaque values ( 24,14,'CoudKrâne',196,47,79 );
insert into attaque values ( 25,3,'Météores',70,95,8 );
insert into attaque values ( 26,14,'Relais',161,1,9 );
insert into attaque values ( 27,0,'Rengorgement',0,33,83 );
insert into attaque values ( 28,11,'BoulArmure',172,1,95 );
insert into zone values ( 0,'Georgia' );
insert into zone values ( 1,'Congo' );
insert into zone values ( 2,'Mayotte' );
insert into zone values ( 3,'Togo' );
insert into zone values ( 4,'Honduras' );
insert into zone values ( 5,'Romania' );
insert into zone values ( 6,'Mauritius' );
insert into zone values ( 7,'Indonesia' );
insert into zone values ( 8,'Senegal' );
insert into zone values ( 9,'Uganda' );
insert into zone values ( 10,'Cuba' );
insert into zone values ( 11,'Sao Tome and Principe' );
insert into zone values ( 12,'Saint Barthelemy' );
insert into zone values ( 13,'Portugal' );
insert into zone values ( 14,'Bhutan' );
insert into zone values ( 15,'Albania' );
insert into zone values ( 16,'Gibraltar' );
insert into zone values ( 17,'Slovenia' );
insert into zone values ( 18,'San Marino' );
insert into zone values ( 19,'Cambodia' );
insert into zone values ( 20,'Cayman Islands' );
insert into zone values ( 21,'Nepal' );
insert into zone values ( 22,'Suriname' );
insert into zone values ( 23,'American Samoa' );
insert into zone values ( 24,'Switzerland' );
insert into zone values ( 25,'Guatemala' );
insert into zone values ( 26,'Saint Vincent and the Grenadines' );
insert into zone values ( 27,'Malaysia' );
insert into zone values ( 28,'Israel' );
insert into zone values ( 29,'Saudi Arabia' );
insert into zone values ( 30,'South Georgia and the South Sandwich Islands' );
insert into zone values ( 31,'New Zealand' );
insert into zone values ( 32,'Somalia' );
insert into zone values ( 33,'Poland' );
insert into zone values ( 34,'Bermuda' );
insert into zone values ( 35,'Dominica' );
insert into zone values ( 36,'Zimbabwe' );
insert into zone values ( 37,'South Africa' );
insert into zone values ( 38,'Vietnam' );
insert into zone values ( 39,'Ghana' );
insert into zone values ( 40,'Gabon' );
insert into zone values ( 41,'Germany' );
insert into zone values ( 42,'Czech Republic' );
insert into zone values ( 43,'Djibouti' );
insert into zone values ( 44,'Nigeria' );
insert into zone values ( 45,'Antigua and Barbuda' );
insert into zone values ( 46,'Eritrea' );
insert into zone values ( 47,'Finland' );
insert into zone values ( 48,'Guinea-Bissau' );
insert into zone values ( 49,'Uzbekistan' );
insert into zone values ( 50,'Anguilla' );
insert into zone values ( 51,'Russian Federation' );
insert into zone values ( 52,'Kuwait' );
insert into zone values ( 53,'Seychelles' );
insert into zone values ( 54,'Peru' );
insert into zone values ( 55,'Armenia' );
insert into zone values ( 56,'Oman' );
insert into zone values ( 57,'British Indian Ocean Territory (Chagos Archipelago)' );
insert into zone values ( 58,'Tajikistan' );
insert into zone values ( 59,'Andorra' );
insert into zone values ( 60,'Moldova' );
insert into zone values ( 61,'Solomon Islands' );
insert into zone values ( 62,'Botswana' );
insert into zone values ( 63,'Yemen' );
insert into zone values ( 64,'Liberia' );
insert into zone values ( 65,'Afghanistan' );
insert into zone values ( 66,'Holy See (Vatican City State)' );
insert into zone values ( 67,'Colombia' );
insert into zone values ( 68,'Mali' );
insert into zone values ( 69,'Bouvet Island (Bouvetoya)' );
insert into zone values ( 70,'Northern Mariana Islands' );
insert into zone values ( 71,'Turks and Caicos Islands' );
insert into zone values ( 72,'Kenya' );
insert into zone values ( 73,'Greece' );
insert into zone values ( 74,'Gambia' );
insert into zone values ( 75,'Macedonia' );
insert into zone values ( 76,'Panama' );
insert into zone values ( 77,'United Kingdom' );
insert into zone values ( 78,'Guyana' );
insert into zone values ( 79,'Sudan' );
insert into zone values ( 80,'Sri Lanka' );
insert into zone values ( 81,'Pakistan' );
insert into zone values ( 82,'Chad' );
insert into zone values ( 83,'El Salvador' );
insert into zone values ( 84,'Namibia' );
insert into objet values ( 0,'Défense +',0,1,0 );
insert into objet values ( 1,'Muscle +',1,0,1 );
insert into objet values ( 2,'Défense Spéc',0,0,1 );
insert into objet values ( 3,'Déf. Spé. +',0,1,1 );
insert into objet values ( 4,'Attaque +',0,0,0 );
insert into objet values ( 5,'Spécial +',0,1,0 );
insert into objet values ( 6,'Précision +',1,1,1 );
insert into objet values ( 7,'Vitesse +',1,0,1 );
insert into objet values ( 8,'Baie Tamato',0,1,1 );
insert into objet values ( 9,'Baie Résin',0,1,0 );
insert into objet values ( 10,'Baie Lonme',1,0,0 );
insert into objet values ( 11,'Baie Qualot',1,0,0 );
insert into objet values ( 12,'Baie Alga',0,1,0 );
insert into objet values ( 13,'Baie Grena',1,0,0 );
insert into objet values ( 14,'Baie Mepo',0,0,0 );
insert into objet values ( 15,'Baie Willia',0,1,0 );
insert into objet values ( 16,'Baie Fraive',0,1,0 );
insert into objet values ( 17,'Baie Pêcha',1,1,0 );
insert into objet values ( 18,'Baie Maron',1,0,1 );
insert into objet values ( 19,'Baie Oran',1,1,0 );
insert into genre values ( 0,0,0 );
insert into genre values ( 1,0,1 );
insert into genre values ( 2,1,1 );
insert into genre values ( 3,1,0 );
insert into etat values ( 0,'Mission' );
insert into etat values ( 1,'Repos' );
insert into etat values ( 2,'Reproduction' );
insert into espece values ( 0,null,null,'Bulbizarre' );
insert into espece values ( 1,null,null,'Chenipan' );
insert into espece values ( 2,null,0,'Voltorbe' );
insert into espece values ( 3,null,null,'Électrode' );
insert into espece values ( 4,null,null,'Nœunœuf' );
insert into espece values ( 5,null,null,'Noadkoko' );
insert into espece values ( 6,null,null,'Osselait' );
insert into espece values ( 7,null,2,'Ossatueur' );
insert into espece values ( 8,null,3,'Kicklee' );
insert into espece values ( 9,null,null,'Tygnon' );
insert into espece values ( 10,null,null,'Excelangue' );
insert into espece values ( 11,null,null,'Smogo' );
insert into espece values ( 12,null,null,'Chrysacier' );
insert into espece values ( 13,null,null,'Smogogo' );
insert into espece values ( 14,null,12,'Rhinocorne' );
insert into espece values ( 15,null,null,'Rhinoféros' );
insert into espece values ( 16,null,null,'Leveinard' );
insert into espece values ( 17,null,8,'Saquedeneu' );
insert into espece values ( 18,null,null,'Kangourex' );
insert into espece values ( 19,null,null,'Hypotrempe' );
insert into espece values ( 20,null,null,'Hypocéan' );
insert into espece values ( 21,null,null,'Poissirène' );
insert into espece values ( 22,null,null,'Poissoroy' );
insert into espece values ( 23,null,null,'Papilusion' );
insert into espece values ( 24,null,15,'Stari' );
insert into espece values ( 25,null,null,'Staross' );
insert into espece values ( 26,null,null,'M.Mime' );
insert into espece values ( 27,null,null,'Insécateur' );
insert into espece values ( 28,null,null,'Lippoutou' );
insert into espece values ( 29,null,null,'Élektek' );
insert into espece values ( 30,null,null,'Magmar' );
insert into espece values ( 31,null,null,'Scarabrute' );
insert into espece values ( 32,null,null,'Tauros' );
insert into espece values ( 33,null,null,'Magicarpe' );
insert into espece values ( 34,null,22,'Aspicot' );
insert into espece values ( 35,null,null,'Léviator' );
insert into espece values ( 36,null,null,'Lokhlass' );
insert into espece values ( 37,null,null,'Métamorph' );
insert into espece values ( 38,null,36,'Évoli' );
insert into espece values ( 39,null,null,'Aquali' );
insert into espece values ( 40,null,null,'Voltali' );
insert into espece values ( 41,null,null,'Pyroli' );
insert into espece values ( 42,null,null,'Porygon' );
insert into espece values ( 43,null,null,'Amonita' );
insert into espece values ( 44,null,null,'Amonistar' );
insert into espece values ( 45,null,null,'Coconfort' );
insert into espece values ( 46,10,null,'Kabuto' );
insert into espece values ( 47,null,null,'Kabutops' );
insert into espece values ( 48,null,9,'Ptéra' );
insert into espece values ( 49,null,8,'Ronflex' );
insert into espece values ( 50,null,null,'Artikodin' );
insert into espece values ( 51,12,null,'Électhor' );
insert into espece values ( 52,null,null,'Sulfura' );
insert into espece values ( 53,null,null,'Minidraco' );
insert into espece values ( 54,null,null,'Draco' );
insert into espece values ( 55,null,null,'Dracolosse' );
insert into espece values ( 56,null,null,'Dardargnan' );
insert into espece values ( 57,null,null,'Mewtwo' );
insert into espece values ( 58,null,null,'Mew' );
insert into espece values ( 59,null,null,'Roucool' );
insert into espece values ( 60,null,null,'Roucoups' );
insert into espece values ( 61,null,null,'Roucarnage' );
insert into espece values ( 62,null,37,'Rattata' );
insert into espece values ( 63,null,null,'Herbizarre' );
insert into espece values ( 64,null,null,'Rattatac' );
insert into espece values ( 65,null,7,'Piafabec' );
insert into espece values ( 66,null,null,'Rapasdepic' );
insert into espece values ( 67,null,null,'Abo' );
insert into espece values ( 68,null,null,'Arbok' );
insert into espece values ( 69,null,null,'Pikachu' );
insert into espece values ( 70,6,null,'Raichu' );
insert into espece values ( 71,null,null,'Sabelette' );
insert into espece values ( 72,null,null,'Sablaireau' );
insert into espece values ( 73,null,null,'Nidoran♀' );
insert into espece values ( 74,15,null,'Florizarre' );
insert into espece values ( 75,null,null,'Nidorina' );
insert into espece values ( 76,null,null,'Nidoqueen' );
insert into espece values ( 77,null,null,'Nidoran♂' );
insert into espece values ( 78,null,null,'Nidorino' );
insert into espece values ( 79,null,null,'Nidoking' );
insert into espece values ( 80,null,null,'Mélofée' );
insert into espece values ( 81,null,null,'Mélodelfe' );
insert into espece values ( 82,null,null,'Feunard' );
insert into espece values ( 83,null,null,'Rondoudou' );
insert into espece values ( 84,null,null,'Salamèche' );
insert into espece values ( 85,null,null,'Grodoudou' );
insert into espece values ( 86,null,null,'Nosferapti' );
insert into espece values ( 87,null,null,'Nosferalto' );
insert into espece values ( 88,null,null,'Mystherbe' );
insert into espece values ( 89,null,null,'Ortide' );
insert into espece values ( 90,null,null,'Rafflesia' );
insert into espece values ( 91,null,null,'Paras' );
insert into espece values ( 92,null,null,'Parasect' );
insert into espece values ( 93,null,null,'Mimitoss' );
insert into espece values ( 94,null,null,'Aéromite' );
insert into espece values ( 95,null,null,'Reptincel' );
insert into espece values ( 96,null,null,'Taupiqueur' );
insert into espece values ( 97,null,null,'Triopikeur' );
insert into espece values ( 98,null,null,'Miaouss' );
insert into espece values ( 99,null,null,'Persian' );
insert into espece values ( 100,null,null,'Psykokwak' );
insert into espece values ( 101,null,null,'Akwakwak' );
insert into espece values ( 102,null,14,'Férosinge' );
insert into espece values ( 103,null,null,'Colossinge' );
insert into espece values ( 104,null,null,'Caninos' );
insert into espece values ( 105,null,null,'Arcanin' );
insert into espece values ( 106,null,null,'Dracaufeu' );
insert into espece values ( 107,null,null,'Ptitard' );
insert into espece values ( 108,null,null,'Têtarte' );
insert into espece values ( 109,null,null,'Tartard' );
insert into espece values ( 110,null,null,'Abra' );
insert into espece values ( 111,null,null,'Kadabra' );
insert into espece values ( 112,null,null,'Alakazam' );
insert into espece values ( 113,null,null,'Machoc' );
insert into espece values ( 114,null,null,'Machopeur' );
insert into espece values ( 115,null,null,'Mackogneur' );
insert into espece values ( 116,null,51,'Chétiflor' );
insert into espece values ( 117,null,null,'Carapuce' );
insert into espece values ( 118,null,null,'Boustiflor' );
insert into espece values ( 119,null,null,'Empiflor' );
insert into espece values ( 120,null,null,'Tentacool' );
insert into espece values ( 121,null,null,'Tentacruel' );
insert into espece values ( 122,null,null,'Racaillou' );
insert into espece values ( 123,null,null,'Gravalanch' );
insert into espece values ( 124,null,null,'Grolem' );
insert into espece values ( 125,null,null,'Ponyta' );
insert into espece values ( 126,null,112,'Galopa' );
insert into espece values ( 127,null,null,'Carabaffe' );
insert into espece values ( 128,null,null,'Flagadoss' );
insert into espece values ( 129,null,33,'Magnéton' );
insert into espece values ( 130,null,null,'Canarticho' );
insert into espece values ( 131,10,null,'Dodrio' );
insert into espece values ( 132,null,null,'Otaria' );
insert into espece values ( 133,null,null,'Tadmorv' );
insert into espece values ( 134,null,null,'Grotadmorv' );
insert into espece values ( 135,null,null,'Kokiyas' );
insert into espece values ( 136,null,null,'Crustabri' );
insert into espece values ( 137,null,null,'Spectrum' );
insert into espece values ( 138,null,null,'Ectoplasma' );
insert into espece values ( 139,null,null,'Soporifik' );
insert into espece values ( 140,null,null,'Hypnomade' );
insert into espece values ( 141,null,null,'Krabboss' );
insert into monstropoche values ( 0,'Clint78',59,3,2,13,126,56,11,47 );
insert into monstropoche values ( 1,'Willard33',32,1,2,14,4,89,41,25 );
insert into monstropoche values ( 2,'Paul.Treutel',null,0,0,6,119,58,62,10 );
insert into monstropoche values ( 3,'Brandy.Cummings',null,0,1,9,39,23,28,18 );
insert into monstropoche values ( 4,'Dianna.Haley',32,3,1,16,124,59,80,1 );
insert into monstropoche values ( 5,'Alf67',null,2,2,14,45,76,56,57 );
insert into monstropoche values ( 6,'Trevion.Murray71',11,3,1,6,17,71,19,6 );
insert into monstropoche values ( 7,'Arch24',92,1,0,18,136,33,35,28 );
insert into monstropoche values ( 8,'Art_Feest',3,3,2,15,103,40,6,0 );
insert into monstropoche values ( 9,'Esther_Terry',null,1,1,11,45,67,38,21 );
insert into monstropoche values ( 10,'Jedediah51',26,1,1,8,60,42,93,11 );
insert into monstropoche values ( 11,'Vada.Heathcote',42,3,0,9,60,37,6,13 );
insert into monstropoche values ( 12,'Kaden.Blanda',30,1,0,12,100,21,18,0 );
insert into monstropoche values ( 13,'Domingo_Kutch98',46,2,2,6,33,99,89,79 );
insert into monstropoche values ( 14,'Jermey_Ward',20,2,1,17,74,12,91,4 );
insert into monstropoche values ( 15,'Easter.Schaefer32',70,0,2,5,108,65,90,28 );
insert into monstropoche values ( 16,'Heaven_Ondricka32',29,0,0,4,92,31,49,28 );
insert into monstropoche values ( 17,'Christophe.DAmore',4,3,1,2,111,86,95,34 );
insert into monstropoche values ( 18,'Chase3',null,2,0,13,53,41,27,12 );
insert into monstropoche values ( 19,'Joy_Herman',null,3,0,6,78,39,35,6 );
insert into monstropoche values ( 20,'Hope_Roberts34',78,3,0,16,126,91,20,75 );
insert into monstropoche values ( 21,'Frank_Keebler',30,2,1,14,77,39,69,23 );
insert into monstropoche values ( 22,'Eliza_McKenzie6',38,3,2,17,52,85,46,75 );
insert into monstropoche values ( 23,'Rhianna.Luettgen',58,1,1,13,55,30,30,8 );
insert into monstropoche values ( 24,'Katelynn_Jast',24,0,2,16,55,63,75,31 );
insert into monstropoche values ( 25,'Genevieve.Wisozk48',null,0,0,5,77,51,54,41 );
insert into monstropoche values ( 26,'Georgette.Williamson11',null,2,1,5,18,58,94,28 );
insert into monstropoche values ( 27,'Cyrus.Ebert',null,1,2,2,123,38,3,3 );
insert into monstropoche values ( 28,'Deja74',30,1,0,12,41,49,1,31 );
insert into monstropoche values ( 29,'Jennings_Fisher8',null,2,0,14,101,54,13,35 );
insert into monstropoche values ( 30,'Sonny.Walsh',61,1,0,3,79,13,95,6 );
insert into monstropoche values ( 31,'Layla1',91,0,0,3,120,29,72,11 );
insert into monstropoche values ( 32,'Mara_Oberbrunner',null,0,2,8,140,16,25,1 );
insert into monstropoche values ( 33,'Alaina82',null,1,2,12,9,34,37,9 );
insert into monstropoche values ( 34,'Favian_Weissnat70',39,3,0,19,108,43,70,31 );
insert into monstropoche values ( 35,'Audreanne52',null,1,0,4,46,14,9,8 );
insert into monstropoche values ( 36,'Margaret13',null,2,2,4,124,22,90,18 );
insert into monstropoche values ( 37,'David_Bradtke',93,2,2,11,12,41,52,4 );
insert into monstropoche values ( 38,'Merle_Wisoky',null,3,2,4,101,34,5,31 );
insert into monstropoche values ( 39,'Sister7',null,2,0,16,99,95,67,42 );
insert into monstropoche values ( 40,'Dolly88',96,2,0,7,54,50,87,33 );
insert into monstropoche values ( 41,'Leon93',null,2,1,0,137,10,5,7 );
insert into monstropoche values ( 42,'Brant.Kautzer14',null,3,1,13,77,45,13,36 );
insert into monstropoche values ( 43,'Tristian16',null,2,1,16,59,29,68,3 );
insert into monstropoche values ( 44,'Dexter_Yundt23',61,3,1,0,113,16,45,3 );
insert into monstropoche values ( 45,'Mona_Boyer',null,2,2,3,45,54,52,54 );
insert into monstropoche values ( 46,'Jailyn.Krajcik79',null,1,2,18,72,14,36,3 );
insert into monstropoche values ( 47,'Zackery_Kutch53',31,0,2,15,18,37,73,22 );
insert into monstropoche values ( 48,'Joshuah82',null,3,1,6,117,15,43,0 );
insert into monstropoche values ( 49,'Floyd0',49,2,1,5,49,93,67,72 );
insert into monstropoche values ( 50,'Joaquin44',58,1,2,16,50,69,77,18 );
insert into monstropoche values ( 51,'Krystal.Bailey',null,2,1,7,140,2,63,0 );
insert into monstropoche values ( 52,'Clovis25',63,3,2,3,57,31,79,2 );
insert into monstropoche values ( 53,'Thomas.Balistreri75',35,1,0,16,83,2,94,0 );
insert into monstropoche values ( 54,'Cicero.Sauer',20,0,2,19,119,62,58,45 );
insert into monstropoche values ( 55,'Selmer34',null,3,0,12,41,50,20,39 );
insert into monstropoche values ( 56,'Wilson80',19,3,1,3,136,66,4,22 );
insert into monstropoche values ( 57,'Tremayne.Smitham25',9,1,0,15,128,42,84,30 );
insert into monstropoche values ( 58,'Tracy41',null,1,2,14,48,88,41,86 );
insert into monstropoche values ( 59,'Nakia.Romaguera',null,0,1,3,62,18,36,0 );
insert into monstropoche values ( 60,'Mohammed.Schaefer65',16,3,1,17,31,63,22,17 );
insert into monstropoche values ( 61,'Velma.Ledner',null,2,0,7,34,78,1,10 );
insert into monstropoche values ( 62,'Eliezer.Lemke',null,1,0,14,128,52,75,29 );
insert into monstropoche values ( 63,'Candace_Kshlerin37',null,2,2,1,65,35,80,34 );
insert into monstropoche values ( 64,'Lucinda_Purdy39',null,0,2,16,119,46,18,21 );
insert into monstropoche values ( 65,'Titus12',27,0,2,15,55,48,30,37 );
insert into monstropoche values ( 66,'Brittany.Hessel',null,2,2,4,109,74,54,28 );
insert into monstropoche values ( 67,'Kristofer36',15,0,0,15,1,39,85,30 );
insert into monstropoche values ( 68,'Dominique_Balistreri',34,3,0,17,36,58,54,55 );
insert into monstropoche values ( 69,'Dexter.Altenwerth',null,2,1,5,79,27,55,18 );
insert into monstropoche values ( 70,'Donnell.Terry1',71,1,0,14,116,37,90,9 );
insert into monstropoche values ( 71,'Ernestine_Kshlerin',52,2,2,10,19,56,50,16 );
insert into monstropoche values ( 72,'Erick6',null,1,1,12,138,95,68,17 );
insert into monstropoche values ( 73,'Leann.Kshlerin59',null,1,1,11,61,67,93,21 );
insert into monstropoche values ( 74,'Bo.Nikolaus92',null,3,0,19,111,25,19,5 );
insert into monstropoche values ( 75,'Fletcher93',null,0,1,13,105,57,14,14 );
insert into monstropoche values ( 76,'Grayson_Brakus56',9,2,0,18,110,57,78,5 );
insert into monstropoche values ( 77,'Zoe.Greenfelder',null,1,1,14,138,31,41,23 );
insert into monstropoche values ( 78,'Vita.Powlowski80',94,3,1,15,117,27,40,1 );
insert into monstropoche values ( 79,'Caleb_Schuppe',36,2,1,0,102,96,68,7 );
insert into monstropoche values ( 80,'Emory90',25,1,1,16,67,45,84,1 );
insert into monstropoche values ( 81,'Kiara.Bradtke',null,0,0,19,125,5,17,3 );
insert into monstropoche values ( 82,'Verlie.Nikolaus72',null,2,0,9,68,94,81,33 );
insert into monstropoche values ( 83,'Marilou_Wilkinson45',null,3,0,16,94,35,62,6 );
insert into monstropoche values ( 84,'Dario.Abbott',31,0,1,15,3,79,87,54 );
insert into monstropoche values ( 85,'Shirley.Sawayn53',6,3,1,10,80,28,90,14 );
insert into monstropoche values ( 86,'Jo64',4,2,2,14,51,42,58,36 );
insert into monstropoche values ( 87,'Rey.Johnson',83,3,0,0,20,71,24,17 );
insert into monstropoche values ( 88,'Mabel.Collins',null,0,2,10,63,76,61,46 );
insert into monstropoche values ( 89,'Chester_Quigley11',26,2,2,1,36,38,73,22 );
insert into monstropoche values ( 90,'Patrick14',40,1,2,16,47,81,71,50 );
insert into monstropoche values ( 91,'Christ.Kuhlman',null,0,2,15,85,93,61,28 );
insert into monstropoche values ( 92,'Leonel10',null,2,0,17,113,14,47,10 );
insert into monstropoche values ( 93,'Kristian21',null,3,2,19,10,18,42,16 );
insert into monstropoche values ( 94,'Verlie14',null,2,1,2,124,32,44,30 );
insert into monstropoche values ( 95,'Eriberto9',43,2,2,11,62,70,5,64 );
insert into monstropoche values ( 96,'Betsy_Bode',null,3,1,12,24,31,48,9 );
insert into monstropoche values ( 97,'Jared_Price',1,1,1,1,27,52,65,11 );
insert into monstropoche values ( 98,'Coby_Schiller92',56,3,1,14,48,24,62,9 );
insert into monstropoche values ( 99,'Carolyne51',44,2,1,0,28,75,70,41 );
insert into monstropoche values ( 100,'Hillard.Jenkins40',0,1,1,16,53,100,22,81 );
insert into monstropoche values ( 101,'Lilliana_McCullough0',0,2,2,16,49,100,70,75 );
insert into monstropoche values ( 102,'Mariane.Walsh',0,1,2,1,54,100,6,73 );
insert into monstropoche values ( 103,'Anastacio20',0,3,0,8,79,100,19,63 );
insert into monstropoche values ( 104,'Lauretta62',0,2,1,10,127,100,49,72 );
insert into monstropoche values ( 105,'Julianne_Waters',0,3,2,3,101,100,100,51 );
insert into monstropoche values ( 106,'Garth2',0,2,0,9,79,100,71,88 );
insert into monstropoche values ( 107,'Billie_Trantow',0,2,1,0,57,100,83,15 );
insert into monstropoche values ( 108,'Rowan.Boehm86',0,2,1,13,122,100,90,26 );
insert into monstropoche values ( 109,'Ansel_Bailey80',0,2,1,13,3,100,38,45 );
insert into monstropoche values ( 110,'Hayley.Hermann',0,2,0,1,114,100,85,43 );
insert into monstropoche values ( 111,'Zita5',0,3,2,9,14,100,23,57 );
insert into monstropoche values ( 112,'Mittie_Connelly24',0,1,1,12,1,100,3,0 );
insert into monstropoche values ( 113,'Baylee.Stanton',0,3,2,3,115,100,23,76 );
insert into monstropoche values ( 114,'Garland.Jacobs',0,2,1,16,80,100,6,41 );
insert into monstropoche values ( 115,'Deonte.Gutmann',0,1,2,5,89,100,25,99 );
insert into monstropoche values ( 116,'Delores68',0,3,0,9,119,100,37,23 );
insert into monstropoche values ( 117,'Claudie.Conroy',0,3,2,18,6,100,71,2 );
insert into monstropoche values ( 118,'Kaylin57',0,1,0,4,43,100,85,58 );
insert into monstropoche values ( 119,'Finn.Dietrich',0,1,1,0,50,100,59,22 );
insert into objet_zone values ( 0,62 );
insert into objet_zone values ( 1,37 );
insert into objet_zone values ( 2,58 );
insert into objet_zone values ( 3,0 );
insert into objet_zone values ( 4,54 );
insert into objet_zone values ( 5,73 );
insert into objet_zone values ( 6,60 );
insert into objet_zone values ( 7,69 );
insert into objet_zone values ( 8,67 );
insert into objet_zone values ( 9,15 );
insert into objet_zone values ( 10,39 );
insert into objet_zone values ( 11,25 );
insert into objet_zone values ( 12,77 );
insert into objet_zone values ( 13,52 );
insert into objet_zone values ( 14,56 );
insert into objet_zone values ( 15,28 );
insert into objet_zone values ( 16,67 );
insert into objet_zone values ( 17,7 );
insert into objet_zone values ( 18,70 );
insert into objet_zone values ( 19,18 );
insert into objet_zone values ( 11,0 );
insert into objet_zone values ( 9,1 );
insert into objet_zone values ( 6,2 );
insert into objet_zone values ( 4,3 );
insert into objet_zone values ( 4,4 );
insert into objet_zone values ( 19,5 );
insert into objet_zone values ( 6,6 );
insert into objet_zone values ( 9,7 );
insert into objet_zone values ( 7,8 );
insert into objet_zone values ( 17,9 );
insert into objet_zone values ( 9,10 );
insert into objet_zone values ( 8,11 );
insert into objet_zone values ( 13,12 );
insert into objet_zone values ( 12,13 );
insert into objet_zone values ( 13,14 );
insert into objet_zone values ( 8,15 );
insert into objet_zone values ( 2,16 );
insert into objet_zone values ( 5,17 );
insert into objet_zone values ( 2,18 );
insert into objet_zone values ( 8,19 );
insert into objet_zone values ( 4,20 );
insert into objet_zone values ( 0,21 );
insert into objet_zone values ( 11,22 );
insert into objet_zone values ( 11,23 );
insert into objet_zone values ( 6,24 );
insert into objet_zone values ( 1,25 );
insert into objet_zone values ( 13,26 );
insert into objet_zone values ( 10,27 );
insert into objet_zone values ( 16,28 );
insert into objet_zone values ( 18,29 );
insert into objet_zone values ( 6,30 );
insert into objet_zone values ( 17,31 );
insert into objet_zone values ( 11,32 );
insert into objet_zone values ( 11,33 );
insert into objet_zone values ( 4,34 );
insert into objet_zone values ( 13,35 );
insert into objet_zone values ( 0,36 );
insert into objet_zone values ( 3,37 );
insert into objet_zone values ( 4,38 );
insert into objet_zone values ( 12,39 );
insert into objet_zone values ( 10,40 );
insert into objet_zone values ( 4,41 );
insert into objet_zone values ( 13,42 );
insert into objet_zone values ( 10,43 );
insert into objet_zone values ( 19,44 );
insert into objet_zone values ( 3,45 );
insert into objet_zone values ( 16,46 );
insert into objet_zone values ( 7,47 );
insert into objet_zone values ( 7,48 );
insert into objet_zone values ( 1,49 );
insert into objet_zone values ( 19,50 );
insert into objet_zone values ( 2,51 );
insert into objet_zone values ( 17,52 );
insert into objet_zone values ( 19,53 );
insert into objet_zone values ( 5,54 );
insert into objet_zone values ( 5,55 );
insert into objet_zone values ( 12,57 );
insert into objet_zone values ( 3,58 );
insert into objet_zone values ( 2,59 );
insert into objet_zone values ( 4,60 );
insert into objet_zone values ( 13,61 );
insert into objet_zone values ( 16,62 );
insert into objet_zone values ( 17,63 );
insert into objet_zone values ( 11,64 );
insert into objet_zone values ( 1,65 );
insert into objet_zone values ( 1,66 );
insert into objet_zone values ( 11,67 );
insert into objet_zone values ( 9,68 );
insert into objet_zone values ( 1,69 );
insert into objet_zone values ( 3,70 );
insert into objet_zone values ( 8,71 );
insert into objet_zone values ( 16,72 );
insert into objet_zone values ( 18,73 );
insert into objet_zone values ( 11,74 );
insert into objet_zone values ( 2,75 );
insert into objet_zone values ( 6,76 );
insert into objet_zone values ( 19,77 );
insert into objet_zone values ( 1,78 );
insert into objet_zone values ( 4,79 );
insert into objet_zone values ( 8,80 );
insert into objet_zone values ( 11,81 );
insert into objet_zone values ( 2,82 );
insert into objet_zone values ( 11,83 );
insert into objet_zone values ( 13,84 );
insert into espece_type values ( 0,11 );
insert into espece_type values ( 1,13 );
insert into espece_type values ( 2,7 );
insert into espece_type values ( 3,13 );
insert into espece_type values ( 4,12 );
insert into espece_type values ( 5,3 );
insert into espece_type values ( 6,9 );
insert into espece_type values ( 7,0 );
insert into espece_type values ( 8,15 );
insert into espece_type values ( 9,5 );
insert into espece_type values ( 10,16 );
insert into espece_type values ( 11,2 );
insert into espece_type values ( 12,10 );
insert into espece_type values ( 13,15 );
insert into espece_type values ( 14,4 );
insert into espece_type values ( 15,15 );
insert into espece_type values ( 16,9 );
insert into espece_type values ( 17,4 );
insert into espece_type values ( 18,11 );
insert into espece_type values ( 19,12 );
insert into espece_type values ( 20,1 );
insert into espece_type values ( 21,10 );
insert into espece_type values ( 22,12 );
insert into espece_type values ( 23,0 );
insert into espece_type values ( 24,6 );
insert into espece_type values ( 25,10 );
insert into espece_type values ( 26,6 );
insert into espece_type values ( 27,4 );
insert into espece_type values ( 28,15 );
insert into espece_type values ( 29,13 );
insert into espece_type values ( 30,0 );
insert into espece_type values ( 31,13 );
insert into espece_type values ( 32,3 );
insert into espece_type values ( 33,8 );
insert into espece_type values ( 34,2 );
insert into espece_type values ( 35,2 );
insert into espece_type values ( 36,10 );
insert into espece_type values ( 37,8 );
insert into espece_type values ( 38,11 );
insert into espece_type values ( 39,11 );
insert into espece_type values ( 40,16 );
insert into espece_type values ( 41,5 );
insert into espece_type values ( 42,13 );
insert into espece_type values ( 43,1 );
insert into espece_type values ( 44,13 );
insert into espece_type values ( 45,11 );
insert into espece_type values ( 46,8 );
insert into espece_type values ( 47,7 );
insert into espece_type values ( 48,8 );
insert into espece_type values ( 49,7 );
insert into espece_type values ( 50,0 );
insert into espece_type values ( 51,11 );
insert into espece_type values ( 52,1 );
insert into espece_type values ( 53,2 );
insert into espece_type values ( 54,11 );
insert into espece_type values ( 55,3 );
insert into espece_type values ( 56,0 );
insert into espece_type values ( 57,14 );
insert into espece_type values ( 58,12 );
insert into espece_type values ( 59,12 );
insert into espece_type values ( 60,5 );
insert into espece_type values ( 61,5 );
insert into espece_type values ( 62,5 );
insert into espece_type values ( 63,1 );
insert into espece_type values ( 64,16 );
insert into espece_type values ( 65,11 );
insert into espece_type values ( 66,13 );
insert into espece_type values ( 67,11 );
insert into espece_type values ( 68,1 );
insert into espece_type values ( 69,15 );
insert into espece_type values ( 70,11 );
insert into espece_type values ( 71,3 );
insert into espece_type values ( 72,9 );
insert into espece_type values ( 73,15 );
insert into espece_type values ( 74,0 );
insert into espece_type values ( 75,5 );
insert into espece_type values ( 76,5 );
insert into espece_type values ( 77,15 );
insert into espece_type values ( 78,16 );
insert into espece_type values ( 79,5 );
insert into espece_type values ( 80,11 );
insert into espece_type values ( 81,3 );
insert into espece_type values ( 82,0 );
insert into espece_type values ( 83,2 );
insert into espece_type values ( 84,10 );
insert into espece_type values ( 85,13 );
insert into espece_type values ( 86,11 );
insert into espece_type values ( 87,6 );
insert into espece_type values ( 88,16 );
insert into espece_type values ( 89,16 );
insert into espece_type values ( 90,7 );
insert into espece_type values ( 91,12 );
insert into espece_type values ( 92,16 );
insert into espece_type values ( 93,16 );
insert into espece_type values ( 94,2 );
insert into espece_type values ( 95,12 );
insert into espece_type values ( 96,10 );
insert into espece_type values ( 97,2 );
insert into espece_type values ( 98,5 );
insert into espece_type values ( 99,14 );
insert into espece_type values ( 100,4 );
insert into espece_type values ( 101,1 );
insert into espece_type values ( 102,10 );
insert into espece_type values ( 103,7 );
insert into espece_type values ( 104,5 );
insert into espece_type values ( 105,7 );
insert into espece_type values ( 106,14 );
insert into espece_type values ( 107,5 );
insert into espece_type values ( 108,15 );
insert into espece_type values ( 109,12 );
insert into espece_type values ( 110,16 );
insert into espece_type values ( 111,4 );
insert into espece_type values ( 112,15 );
insert into espece_type values ( 113,14 );
insert into espece_type values ( 114,2 );
insert into espece_type values ( 115,11 );
insert into espece_type values ( 116,16 );
insert into espece_type values ( 117,15 );
insert into espece_type values ( 118,4 );
insert into espece_type values ( 119,7 );
insert into espece_type values ( 120,0 );
insert into espece_type values ( 121,11 );
insert into espece_type values ( 122,6 );
insert into espece_type values ( 123,2 );
insert into espece_type values ( 124,15 );
insert into espece_type values ( 125,7 );
insert into espece_type values ( 126,0 );
insert into espece_type values ( 127,6 );
insert into espece_type values ( 128,4 );
insert into espece_type values ( 129,8 );
insert into espece_type values ( 130,2 );
insert into espece_type values ( 131,12 );
insert into espece_type values ( 132,1 );
insert into espece_type values ( 133,11 );
insert into espece_type values ( 134,0 );
insert into espece_type values ( 135,12 );
insert into espece_type values ( 136,15 );
insert into espece_type values ( 137,0 );
insert into espece_type values ( 138,13 );
insert into espece_type values ( 139,2 );
insert into espece_type values ( 140,9 );
insert into espece_type values ( 141,8 );
insert into espece_type values ( 23,1 );
insert into espece_type values ( 2,2 );
insert into espece_type values ( 61,3 );
insert into espece_type values ( 62,4 );
insert into espece_type values ( 10,5 );
insert into espece_type values ( 63,6 );
insert into espece_type values ( 33,7 );
insert into espece_type values ( 53,8 );
insert into espece_type values ( 59,9 );
insert into espece_type values ( 97,10 );
insert into espece_type values ( 87,12 );
insert into espece_type values ( 15,13 );
insert into espece_type values ( 59,14 );
insert into espece_type values ( 7,15 );
insert into espece_type values ( 46,16 );
insert into espece_zone values ( 0,57 );
insert into espece_zone values ( 1,66 );
insert into espece_zone values ( 2,64 );
insert into espece_zone values ( 3,12 );
insert into espece_zone values ( 4,2 );
insert into espece_zone values ( 5,41 );
insert into espece_zone values ( 6,3 );
insert into espece_zone values ( 7,7 );
insert into espece_zone values ( 8,27 );
insert into espece_zone values ( 9,80 );
insert into espece_zone values ( 10,13 );
insert into espece_zone values ( 11,44 );
insert into espece_zone values ( 12,14 );
insert into espece_zone values ( 13,4 );
insert into espece_zone values ( 14,57 );
insert into espece_zone values ( 15,75 );
insert into espece_zone values ( 16,69 );
insert into espece_zone values ( 17,18 );
insert into espece_zone values ( 18,29 );
insert into espece_zone values ( 19,64 );
insert into espece_zone values ( 20,73 );
insert into espece_zone values ( 21,68 );
insert into espece_zone values ( 22,14 );
insert into espece_zone values ( 23,33 );
insert into espece_zone values ( 24,2 );
insert into espece_zone values ( 25,2 );
insert into espece_zone values ( 26,8 );
insert into espece_zone values ( 27,82 );
insert into espece_zone values ( 28,81 );
insert into espece_zone values ( 29,23 );
insert into espece_zone values ( 30,28 );
insert into espece_zone values ( 31,56 );
insert into espece_zone values ( 32,18 );
insert into espece_zone values ( 33,54 );
insert into espece_zone values ( 34,72 );
insert into espece_zone values ( 35,28 );
insert into espece_zone values ( 36,44 );
insert into espece_zone values ( 37,66 );
insert into espece_zone values ( 38,15 );
insert into espece_zone values ( 39,5 );
insert into espece_zone values ( 40,13 );
insert into espece_zone values ( 41,22 );
insert into espece_zone values ( 42,13 );
insert into espece_zone values ( 43,41 );
insert into espece_zone values ( 44,4 );
insert into espece_zone values ( 45,29 );
insert into espece_zone values ( 46,32 );
insert into espece_zone values ( 47,9 );
insert into espece_zone values ( 48,56 );
insert into espece_zone values ( 49,17 );
insert into espece_zone values ( 50,35 );
insert into espece_zone values ( 51,63 );
insert into espece_zone values ( 52,6 );
insert into espece_zone values ( 53,77 );
insert into espece_zone values ( 54,71 );
insert into espece_zone values ( 55,78 );
insert into espece_zone values ( 56,45 );
insert into espece_zone values ( 57,81 );
insert into espece_zone values ( 58,2 );
insert into espece_zone values ( 59,8 );
insert into espece_zone values ( 60,58 );
insert into espece_zone values ( 61,77 );
insert into espece_zone values ( 62,80 );
insert into espece_zone values ( 63,20 );
insert into espece_zone values ( 64,80 );
insert into espece_zone values ( 65,12 );
insert into espece_zone values ( 66,53 );
insert into espece_zone values ( 67,15 );
insert into espece_zone values ( 68,26 );
insert into espece_zone values ( 69,41 );
insert into espece_zone values ( 70,82 );
insert into espece_zone values ( 71,38 );
insert into espece_zone values ( 72,19 );
insert into espece_zone values ( 73,78 );
insert into espece_zone values ( 74,15 );
insert into espece_zone values ( 75,5 );
insert into espece_zone values ( 76,82 );
insert into espece_zone values ( 77,68 );
insert into espece_zone values ( 78,78 );
insert into espece_zone values ( 79,82 );
insert into espece_zone values ( 80,77 );
insert into espece_zone values ( 81,2 );
insert into espece_zone values ( 82,22 );
insert into espece_zone values ( 83,45 );
insert into espece_zone values ( 84,59 );
insert into espece_zone values ( 85,38 );
insert into espece_zone values ( 86,70 );
insert into espece_zone values ( 87,12 );
insert into espece_zone values ( 88,63 );
insert into espece_zone values ( 89,12 );
insert into espece_zone values ( 90,73 );
insert into espece_zone values ( 91,79 );
insert into espece_zone values ( 92,84 );
insert into espece_zone values ( 93,33 );
insert into espece_zone values ( 94,66 );
insert into espece_zone values ( 95,54 );
insert into espece_zone values ( 96,74 );
insert into espece_zone values ( 97,56 );
insert into espece_zone values ( 98,42 );
insert into espece_zone values ( 99,67 );
insert into espece_zone values ( 100,59 );
insert into espece_zone values ( 101,7 );
insert into espece_zone values ( 102,10 );
insert into espece_zone values ( 103,56 );
insert into espece_zone values ( 104,22 );
insert into espece_zone values ( 105,39 );
insert into espece_zone values ( 106,38 );
insert into espece_zone values ( 107,42 );
insert into espece_zone values ( 108,58 );
insert into espece_zone values ( 109,23 );
insert into espece_zone values ( 110,58 );
insert into espece_zone values ( 111,63 );
insert into espece_zone values ( 112,60 );
insert into espece_zone values ( 113,21 );
insert into espece_zone values ( 114,30 );
insert into espece_zone values ( 115,3 );
insert into espece_zone values ( 116,49 );
insert into espece_zone values ( 117,78 );
insert into espece_zone values ( 118,15 );
insert into espece_zone values ( 119,78 );
insert into espece_zone values ( 120,10 );
insert into espece_zone values ( 121,3 );
insert into espece_zone values ( 122,63 );
insert into espece_zone values ( 123,54 );
insert into espece_zone values ( 124,9 );
insert into espece_zone values ( 125,2 );
insert into espece_zone values ( 126,63 );
insert into espece_zone values ( 127,15 );
insert into espece_zone values ( 128,61 );
insert into espece_zone values ( 129,19 );
insert into espece_zone values ( 130,21 );
insert into espece_zone values ( 131,24 );
insert into espece_zone values ( 132,13 );
insert into espece_zone values ( 133,6 );
insert into espece_zone values ( 134,23 );
insert into espece_zone values ( 135,8 );
insert into espece_zone values ( 136,69 );
insert into espece_zone values ( 137,79 );
insert into espece_zone values ( 138,58 );
insert into espece_zone values ( 139,36 );
insert into espece_zone values ( 140,22 );
insert into espece_zone values ( 141,67 );
insert into espece_zone values ( 78,0 );
insert into espece_zone values ( 105,1 );
insert into espece_zone values ( 51,2 );
insert into espece_zone values ( 70,3 );
insert into espece_zone values ( 29,4 );
insert into espece_zone values ( 60,5 );
insert into espece_zone values ( 48,6 );
insert into espece_zone values ( 65,7 );
insert into espece_zone values ( 37,8 );
insert into espece_zone values ( 11,9 );
insert into espece_zone values ( 139,10 );
insert into espece_zone values ( 30,11 );
insert into espece_zone values ( 63,12 );
insert into espece_zone values ( 74,13 );
insert into espece_zone values ( 53,14 );
insert into espece_zone values ( 115,15 );
insert into espece_zone values ( 124,16 );
insert into espece_zone values ( 86,17 );
insert into espece_zone values ( 93,18 );
insert into espece_zone values ( 111,19 );
insert into espece_zone values ( 78,20 );
insert into espece_zone values ( 18,21 );
insert into espece_zone values ( 8,22 );
insert into espece_zone values ( 117,23 );
insert into espece_zone values ( 121,24 );
insert into espece_zone values ( 68,25 );
insert into espece_zone values ( 46,26 );
insert into espece_zone values ( 0,27 );
insert into espece_zone values ( 67,28 );
insert into espece_zone values ( 80,29 );
insert into espece_zone values ( 115,30 );
insert into espece_zone values ( 105,31 );
insert into espece_zone values ( 37,32 );
insert into espece_zone values ( 122,33 );
insert into espece_zone values ( 36,34 );
insert into espece_zone values ( 42,35 );
insert into espece_zone values ( 28,36 );
insert into espece_zone values ( 140,37 );
insert into espece_zone values ( 138,38 );
insert into espece_zone values ( 98,39 );
insert into espece_zone values ( 85,40 );
insert into espece_zone values ( 37,42 );
insert into espece_zone values ( 15,43 );
insert into espece_zone values ( 136,44 );
insert into espece_zone values ( 0,45 );
insert into espece_zone values ( 109,46 );
insert into espece_zone values ( 135,47 );
insert into espece_zone values ( 6,48 );
insert into espece_zone values ( 130,49 );
insert into espece_zone values ( 97,50 );
insert into espece_zone values ( 141,51 );
insert into espece_zone values ( 61,52 );
insert into espece_zone values ( 141,53 );
insert into espece_zone values ( 98,54 );
insert into espece_zone values ( 31,55 );
insert into espece_zone values ( 132,56 );
insert into espece_zone values ( 106,57 );
insert into espece_zone values ( 100,58 );
insert into espece_zone values ( 55,59 );
insert into espece_zone values ( 9,60 );
insert into espece_zone values ( 103,61 );
insert into espece_zone values ( 41,62 );
insert into espece_zone values ( 80,63 );
insert into espece_zone values ( 0,64 );
insert into espece_zone values ( 88,65 );
insert into espece_zone values ( 105,66 );
insert into espece_zone values ( 73,67 );
insert into espece_zone values ( 83,68 );
insert into espece_zone values ( 65,69 );
insert into espece_zone values ( 37,70 );
insert into espece_zone values ( 50,71 );
insert into espece_zone values ( 53,72 );
insert into espece_zone values ( 15,73 );
insert into espece_zone values ( 14,74 );
insert into espece_zone values ( 96,75 );
insert into espece_zone values ( 104,76 );
insert into espece_zone values ( 10,77 );
insert into espece_zone values ( 133,78 );
insert into espece_zone values ( 44,79 );
insert into espece_zone values ( 72,80 );
insert into espece_zone values ( 106,81 );
insert into espece_zone values ( 33,82 );
insert into espece_zone values ( 20,83 );
insert into espece_zone values ( 50,84 );
insert into monstropoche_attaque values ( 0,19 );
insert into monstropoche_attaque values ( 1,1 );
insert into monstropoche_attaque values ( 2,16 );
insert into monstropoche_attaque values ( 3,21 );
insert into monstropoche_attaque values ( 4,12 );
insert into monstropoche_attaque values ( 5,1 );
insert into monstropoche_attaque values ( 6,12 );
insert into monstropoche_attaque values ( 7,0 );
insert into monstropoche_attaque values ( 8,11 );
insert into monstropoche_attaque values ( 9,13 );
insert into monstropoche_attaque values ( 10,24 );
insert into monstropoche_attaque values ( 11,24 );
insert into monstropoche_attaque values ( 12,18 );
insert into monstropoche_attaque values ( 13,17 );
insert into monstropoche_attaque values ( 14,3 );
insert into monstropoche_attaque values ( 15,19 );
insert into monstropoche_attaque values ( 16,11 );
insert into monstropoche_attaque values ( 17,26 );
insert into monstropoche_attaque values ( 18,22 );
insert into monstropoche_attaque values ( 19,19 );
insert into monstropoche_attaque values ( 20,12 );
insert into monstropoche_attaque values ( 21,9 );
insert into monstropoche_attaque values ( 22,15 );
insert into monstropoche_attaque values ( 23,10 );
insert into monstropoche_attaque values ( 24,5 );
insert into monstropoche_attaque values ( 25,17 );
insert into monstropoche_attaque values ( 26,22 );
insert into monstropoche_attaque values ( 27,28 );
insert into monstropoche_attaque values ( 28,4 );
insert into monstropoche_attaque values ( 29,5 );
insert into monstropoche_attaque values ( 30,8 );
insert into monstropoche_attaque values ( 31,17 );
insert into monstropoche_attaque values ( 32,17 );
insert into monstropoche_attaque values ( 33,18 );
insert into monstropoche_attaque values ( 34,1 );
insert into monstropoche_attaque values ( 35,6 );
insert into monstropoche_attaque values ( 36,11 );
insert into monstropoche_attaque values ( 37,7 );
insert into monstropoche_attaque values ( 38,7 );
insert into monstropoche_attaque values ( 39,25 );
insert into monstropoche_attaque values ( 40,11 );
insert into monstropoche_attaque values ( 41,17 );
insert into monstropoche_attaque values ( 42,20 );
insert into monstropoche_attaque values ( 43,17 );
insert into monstropoche_attaque values ( 44,11 );
insert into monstropoche_attaque values ( 45,28 );
insert into monstropoche_attaque values ( 46,24 );
insert into monstropoche_attaque values ( 47,17 );
insert into monstropoche_attaque values ( 48,22 );
insert into monstropoche_attaque values ( 49,7 );
insert into monstropoche_attaque values ( 50,20 );
insert into monstropoche_attaque values ( 51,10 );
insert into monstropoche_attaque values ( 52,2 );
insert into monstropoche_attaque values ( 53,26 );
insert into monstropoche_attaque values ( 54,6 );
insert into monstropoche_attaque values ( 55,12 );
insert into monstropoche_attaque values ( 56,27 );
insert into monstropoche_attaque values ( 57,4 );
insert into monstropoche_attaque values ( 58,4 );
insert into monstropoche_attaque values ( 59,7 );
insert into monstropoche_attaque values ( 60,16 );
insert into monstropoche_attaque values ( 61,18 );
insert into monstropoche_attaque values ( 62,12 );
insert into monstropoche_attaque values ( 63,12 );
insert into monstropoche_attaque values ( 64,28 );
insert into monstropoche_attaque values ( 65,4 );
insert into monstropoche_attaque values ( 66,15 );
insert into monstropoche_attaque values ( 67,9 );
insert into monstropoche_attaque values ( 68,10 );
insert into monstropoche_attaque values ( 69,9 );
insert into monstropoche_attaque values ( 70,16 );
insert into monstropoche_attaque values ( 71,22 );
insert into monstropoche_attaque values ( 72,20 );
insert into monstropoche_attaque values ( 73,23 );
insert into monstropoche_attaque values ( 74,27 );
insert into monstropoche_attaque values ( 75,4 );
insert into monstropoche_attaque values ( 76,17 );
insert into monstropoche_attaque values ( 77,21 );
insert into monstropoche_attaque values ( 78,6 );
insert into monstropoche_attaque values ( 79,13 );
insert into monstropoche_attaque values ( 80,2 );
insert into monstropoche_attaque values ( 81,19 );
insert into monstropoche_attaque values ( 82,17 );
insert into monstropoche_attaque values ( 83,17 );
insert into monstropoche_attaque values ( 84,17 );
insert into monstropoche_attaque values ( 85,6 );
insert into monstropoche_attaque values ( 86,17 );
insert into monstropoche_attaque values ( 87,25 );
insert into monstropoche_attaque values ( 88,20 );
insert into monstropoche_attaque values ( 89,22 );
insert into monstropoche_attaque values ( 90,2 );
insert into monstropoche_attaque values ( 91,12 );
insert into monstropoche_attaque values ( 92,14 );
insert into monstropoche_attaque values ( 93,26 );
insert into monstropoche_attaque values ( 94,22 );
insert into monstropoche_attaque values ( 95,8 );
insert into monstropoche_attaque values ( 96,13 );
insert into monstropoche_attaque values ( 97,7 );
insert into monstropoche_attaque values ( 98,15 );
insert into monstropoche_attaque values ( 99,4 );
insert into monstropoche_attaque values ( 11,0 );
insert into monstropoche_attaque values ( 80,1 );
insert into monstropoche_attaque values ( 36,2 );
insert into monstropoche_attaque values ( 10,3 );
insert into monstropoche_attaque values ( 80,4 );
insert into monstropoche_attaque values ( 62,5 );
insert into monstropoche_attaque values ( 62,6 );
insert into monstropoche_attaque values ( 57,7 );
insert into monstropoche_attaque values ( 53,8 );
insert into monstropoche_attaque values ( 36,9 );
insert into monstropoche_attaque values ( 44,10 );
insert into monstropoche_attaque values ( 24,11 );
insert into monstropoche_attaque values ( 14,12 );
insert into monstropoche_attaque values ( 17,13 );
insert into monstropoche_attaque values ( 70,14 );
insert into monstropoche_attaque values ( 57,15 );
insert into monstropoche_attaque values ( 4,16 );
insert into monstropoche_attaque values ( 27,17 );
insert into monstropoche_attaque values ( 3,18 );
insert into monstropoche_attaque values ( 33,19 );
insert into monstropoche_attaque values ( 66,20 );
insert into monstropoche_attaque values ( 13,21 );
insert into monstropoche_attaque values ( 2,22 );
insert into monstropoche_attaque values ( 69,23 );
insert into monstropoche_attaque values ( 99,24 );
insert into monstropoche_attaque values ( 37,25 );
insert into monstropoche_attaque values ( 71,26 );
insert into monstropoche_attaque values ( 24,27 );
insert into monstropoche_attaque values ( 9,28 );
