drop table monstropoche_attaque;
drop table espece_zone;
drop table espece_type;
drop table objet_zone;
drop table monstropoche;
drop table espece;
drop table etat;
drop table genre;
drop table objet;
drop table zone;
drop table attaque;
drop table type;
drop table proprietaire;

create table proprietaire (
  id int not null,
  nom varchar(255) not null,
  primary key(id)
);
create table type (
  id int not null,
  nom varchar(255) not null,
  primary key(id)
);
create table attaque (
  id int not null,
  type_id int not null,
  nom varchar(255) not null,
  puissance int not null,
  perequis int not null,
  precizion int not null,
  constraint fk_attaque_type foreign key (type_id) references type(id),
  primary key(id)
);
create table zone (id int not null,
  nom varchar(255) not null,
  primary key(id)
);
create table objet (id int not null,
  nom varchar(255) not null,
  est_unique number(1) not null,
  est_defensif number(1),
  est_offensif number(1),
  primary key(id)
);
create table genre (id int not null,
  femelle number(1) not null,
  male number(1) not null,
  primary key(id)
);
create table etat (id int not null,
  nom varchar(255) not null,
  primary key(id)
);
create table espece (
  id int not null,
  objet_id int,
  source_id int,
  nom varchar(255) not null,
  constraint fk_espece_objet foreign key (objet_id) references objet(id),
  constraint fk_espece_espece foreign key (source_id) references espece(id),
  primary key(id)
);
create table monstropoche (id int not null,
  surnom varchar(255) not null,
  proprietaire_id int,
  genre_id int not null,
  etat_id int not null,
  objet_id int,
  espece_id int not null,
  pv int not null,
  pe int not null,
  pv_actuel int not null,
  constraint fk_monstropoche_proprietaire foreign key (proprietaire_id) references proprietaire(id),
  constraint fk_monstropoche_genre foreign key (genre_id) references genre(id),
  constraint fk_monstropoche_etat foreign key (etat_id) references etat(id),
  constraint fk_monstropoche_objet foreign key (objet_id) references objet(id),
  constraint fk_monstropoche_espece foreign key (espece_id) references espece(id),
  primary key(id)
);
create table objet_zone (objet_id int not null,
  zone_id int not null,
  constraint fk_objet_zone_objet foreign key (objet_id) references objet(id),
  constraint fk_objet_zone_zone foreign key (zone_id) references zone(id),
  primary key(objet_id,
  zone_id)
);
create table espece_type (espece_id int not null,
  type_id int not null,
  constraint fk_espece_type_espece foreign key (espece_id) references espece(id),
  constraint fk_espece_type_type foreign key (type_id) references type(id),
  primary key(espece_id,
  type_id)
);
create table espece_zone (espece_id int not null,
  zone_id int not null,
  constraint fk_espece_zone_espece foreign key (espece_id) references espece(id),
  constraint fk_espece_zone_zone foreign key (zone_id) references zone(id),
  primary key(espece_id,
  zone_id)
);
create table monstropoche_attaque (monstropoche_id int not null,
  attaque_id int not null,
  constraint fk_monstropoche_attaque_m foreign key (monstropoche_id) references monstropoche(id),
  constraint fk_monstropoche_attaque_a foreign key (attaque_id) references attaque(id),
  primary key(monstropoche_id,
  attaque_id)
);

delete from monstropoche_attaque;
delete from espece_zone;
delete from espece_type;
delete from objet_zone;
delete from monstropoche;
delete from espece;
delete from etat;
delete from type;
delete from genre;
delete from objet;
delete from attaque;
delete from zone;
delete from proprietaire;
delete from monstropoche_attaque;
delete from espece_zone;
delete from espece_type;
delete from objet_zone;
delete from monstropoche;
delete from espece;
delete from etat;
delete from type;
delete from genre;
delete from objet;
delete from attaque;
delete from zone;
delete from proprietaire;

insert into proprietaire values ( 0,'Anaïs Gautier' );
insert into proprietaire values ( 1,'Kylian Lefevre' );
insert into proprietaire values ( 2,'Jade Roy' );
insert into proprietaire values ( 3,'Louise Dumont' );
insert into proprietaire values ( 4,'Alexandre Blanc' );
insert into proprietaire values ( 5,'Romane Benoit' );
insert into proprietaire values ( 6,'Célia Leclercq' );
insert into proprietaire values ( 7,'Léa Simon' );
insert into proprietaire values ( 8,'Jules Olivier' );
insert into proprietaire values ( 9,'Théo Dumont' );
insert into proprietaire values ( 10,'Baptiste Meyer' );
insert into proprietaire values ( 11,'Léo Vincent' );
insert into proprietaire values ( 12,'Sarah Pons IV' );
insert into proprietaire values ( 13,'Alicia Jean' );
insert into proprietaire values ( 14,'Elisa Fabre' );
insert into proprietaire values ( 15,'Nicolas Gauthier' );
insert into proprietaire values ( 16,'Romane Lemaire' );
insert into proprietaire values ( 17,'Valentin Caron' );
insert into proprietaire values ( 18,'Prof Lola Jean' );
insert into proprietaire values ( 19,'Romain Philippe' );
insert into proprietaire values ( 20,'Julien Carpentier' );
insert into proprietaire values ( 21,'Eva Renard' );
insert into proprietaire values ( 22,'Lena Brunet' );
insert into proprietaire values ( 23,'Prof Kylian Lecomte' );
insert into proprietaire values ( 24,'Romane Roche' );
insert into proprietaire values ( 25,'Anaïs Picard' );
insert into proprietaire values ( 26,'Anaïs Fournier' );
insert into proprietaire values ( 27,'M Louis Morel' );
insert into proprietaire values ( 28,'Mélissa Breton' );
insert into proprietaire values ( 29,'Mathéo Jean' );
insert into proprietaire values ( 30,'Justine Petit' );
insert into proprietaire values ( 31,'Alice Guillot' );
insert into proprietaire values ( 32,'Justine Chevalier' );
insert into proprietaire values ( 33,'Léo Chevalier' );
insert into proprietaire values ( 34,'Maeva Moulin' );
insert into proprietaire values ( 35,'Mathilde Fabre' );
insert into proprietaire values ( 36,'Benjamin Maillard' );
insert into proprietaire values ( 37,'Justine Dumas' );
insert into proprietaire values ( 38,'Noémie Lambert' );
insert into proprietaire values ( 39,'Hugo Meunier' );
insert into proprietaire values ( 40,'Maëlys Adam' );
insert into proprietaire values ( 41,'Kylian Dufour' );
insert into proprietaire values ( 42,'Emilie Fournier' );
insert into proprietaire values ( 43,'Louis Meunier' );
insert into proprietaire values ( 44,'Chloé Barre' );
insert into proprietaire values ( 45,'Justine Morin' );
insert into proprietaire values ( 46,'Mélissa Andre' );
insert into proprietaire values ( 47,'Lisa Bertrand' );
insert into proprietaire values ( 48,'Juliette Huet' );
insert into proprietaire values ( 49,'Prof Louis Durand' );
insert into proprietaire values ( 50,'Marie Sanchez' );
insert into proprietaire values ( 51,'Maxence Rolland' );
insert into proprietaire values ( 52,'Zoe Philippe' );
insert into proprietaire values ( 53,'Gabriel Bertrand Sr.' );
insert into proprietaire values ( 54,'Noa Pierre' );
insert into proprietaire values ( 55,'Tom Michel' );
insert into proprietaire values ( 56,'Quentin Marchand' );
insert into proprietaire values ( 57,'Lina Moulin' );
insert into proprietaire values ( 58,'Lucie Garcia' );
insert into proprietaire values ( 59,'Eva Remy IV' );
insert into proprietaire values ( 60,'Zoe Blanchard' );
insert into proprietaire values ( 61,'Clément Martin' );
insert into proprietaire values ( 62,'Juliette Laurent' );
insert into proprietaire values ( 63,'M Baptiste Meunier' );
insert into proprietaire values ( 64,'Clémence Fleury' );
insert into proprietaire values ( 65,'Laura Fontaine' );
insert into proprietaire values ( 66,'Clémence Michel' );
insert into proprietaire values ( 67,'Julien Gonzalez' );
insert into proprietaire values ( 68,'Louise Bourgeois' );
insert into proprietaire values ( 69,'Tom Morin' );
insert into proprietaire values ( 70,'Juliette Leclerc' );
insert into proprietaire values ( 71,'Thomas Charpentier' );
insert into proprietaire values ( 72,'Lisa David' );
insert into proprietaire values ( 73,'Maxime Perez II' );
insert into proprietaire values ( 74,'Noémie Cousin' );
insert into proprietaire values ( 75,'Raphaël Richard' );
insert into proprietaire values ( 76,'Lou Boyer' );
insert into proprietaire values ( 77,'Mael Poirier' );
insert into proprietaire values ( 78,'Anaïs Guyot DVM' );
insert into proprietaire values ( 79,'Manon Fournier' );
insert into proprietaire values ( 80,'Noa Blanc I' );
insert into proprietaire values ( 81,'Célia Cousin Sr.' );
insert into proprietaire values ( 82,'Charlotte Leclercq' );
insert into proprietaire values ( 83,'Justine Nguyen' );
insert into proprietaire values ( 84,'Ambre Lopez' );
insert into proprietaire values ( 85,'Mathéo Andre' );
insert into proprietaire values ( 86,'Sarah Huet' );
insert into proprietaire values ( 87,'Adam Menard' );
insert into proprietaire values ( 88,'Hugo Adam' );
insert into proprietaire values ( 89,'Justine Brun' );
insert into proprietaire values ( 90,'Emilie Rousseau' );
insert into proprietaire values ( 91,'Chloé Breton' );
insert into proprietaire values ( 92,'Maxime Pons' );
insert into proprietaire values ( 93,'Lena Moreau' );
insert into proprietaire values ( 94,'Mlle Lilou Perrot' );
insert into proprietaire values ( 95,'Sarah Joly' );
insert into proprietaire values ( 96,'Camille Dupuis' );
insert into proprietaire values ( 97,'Mathilde Vincent' );
insert into proprietaire values ( 98,'Maëlle Caron' );
insert into type values ( 0,'Glace' );
insert into type values ( 1,'Dragon' );
insert into type values ( 2,'Sol' );
insert into type values ( 3,'Plante' );
insert into type values ( 4,'Feu' );
insert into type values ( 5,'Eau' );
insert into type values ( 6,'Électrique' );
insert into type values ( 7,'Psy' );
insert into type values ( 8,'Spectre' );
insert into type values ( 9,'Ténèbre' );
insert into type values ( 10,'Fée' );
insert into type values ( 11,'Acier' );
insert into type values ( 12,'Poison' );
insert into type values ( 13,'Roche' );
insert into type values ( 14,'Combat' );
insert into type values ( 15,'Insecte' );
insert into type values ( 16,'Normal' );
insert into attaque values ( 0,7,'Triplattaque',107,10,60 );
insert into attaque values ( 1,0,'Escalade',154,28,23 );
insert into attaque values ( 2,1,'Morphing',31,26,52 );
insert into attaque values ( 3,5,'Vœu',29,41,23 );
insert into attaque values ( 4,9,'Grobisou',171,99,41 );
insert into attaque values ( 5,13,'Pilonnage',126,93,11 );
insert into attaque values ( 6,13,'Recyclage',199,80,69 );
insert into attaque values ( 7,8,'Regard Médusant',90,8,75 );
insert into attaque values ( 8,8,'E-Coque',39,51,89 );
insert into attaque values ( 9,1,'Constriction',36,57,2 );
insert into attaque values ( 10,14,'Picanon',103,92,9 );
insert into attaque values ( 11,16,'Uppercut',230,22,77 );
insert into attaque values ( 12,0,'Coup de Main',24,58,65 );
insert into attaque values ( 13,12,'Flash',235,70,59 );
insert into attaque values ( 14,1,'Conversion',232,92,29 );
insert into attaque values ( 15,0,'Affûtage',249,20,17 );
insert into attaque values ( 16,7,'Croc de Mort',147,85,43 );
insert into attaque values ( 17,2,'Par Ici',246,20,18 );
insert into attaque values ( 18,9,'Attrition',95,39,30 );
insert into attaque values ( 19,16,'Force-Nature',5,26,53 );
insert into attaque values ( 20,15,'Combo-Griffe',108,52,73 );
insert into attaque values ( 21,13,'Explosion',109,33,95 );
insert into attaque values ( 22,8,'Trempette',188,50,8 );
insert into attaque values ( 23,4,'Exuviation',145,95,28 );
insert into attaque values ( 24,5,'CoudKrâne',226,43,22 );
insert into attaque values ( 25,2,'Météores',108,24,91 );
insert into attaque values ( 26,0,'Relais',156,24,74 );
insert into attaque values ( 27,1,'Rengorgement',63,31,25 );
insert into attaque values ( 28,10,'BoulArmure',203,90,91 );
insert into zone values ( 0,'Singapore' );
insert into zone values ( 1,'Zambia' );
insert into zone values ( 2,'Samoa' );
insert into zone values ( 3,'Cocos (Keeling) Islands' );
insert into zone values ( 4,'Gabon' );
insert into zone values ( 5,'French Southern Territories' );
insert into zone values ( 6,'Macedonia' );
insert into zone values ( 7,'Jordan' );
insert into zone values ( 8,'Malta' );
insert into zone values ( 9,'Venezuela' );
insert into zone values ( 10,'Costa Rica' );
insert into zone values ( 11,'Saint Lucia' );
insert into zone values ( 12,'Cyprus' );
insert into zone values ( 13,'Republic of Korea' );
insert into zone values ( 14,'Northern Mariana Islands' );
insert into zone values ( 15,'Burundi' );
insert into zone values ( 16,'Croatia' );
insert into zone values ( 17,'Vanuatu' );
insert into zone values ( 18,'Yemen' );
insert into zone values ( 19,'Nigeria' );
insert into zone values ( 20,'Macao' );
insert into zone values ( 21,'Bahrain' );
insert into zone values ( 22,'Russian Federation' );
insert into zone values ( 23,'Libyan Arab Jamahiriya' );
insert into zone values ( 24,'Democratic Peoples Republic of Korea' );
insert into zone values ( 25,'Lithuania' );
insert into zone values ( 26,'Saint Helena' );
insert into zone values ( 27,'Ireland' );
insert into zone values ( 28,'Romania' );
insert into zone values ( 29,'Faroe Islands' );
insert into zone values ( 30,'Grenada' );
insert into zone values ( 31,'Tuvalu' );
insert into zone values ( 32,'United States of America' );
insert into zone values ( 33,'Norway' );
insert into zone values ( 34,'Georgia' );
insert into zone values ( 35,'Cameroon' );
insert into zone values ( 36,'Senegal' );
insert into zone values ( 37,'Jersey' );
insert into zone values ( 38,'Bulgaria' );
insert into zone values ( 39,'Uruguay' );
insert into zone values ( 40,'United Kingdom' );
insert into zone values ( 41,'Eritrea' );
insert into zone values ( 42,'Zimbabwe' );
insert into zone values ( 43,'South Africa' );
insert into zone values ( 44,'Sao Tome and Principe' );
insert into zone values ( 45,'Western Sahara' );
insert into zone values ( 46,'Sudan' );
insert into zone values ( 47,'Morocco' );
insert into zone values ( 48,'Turkmenistan' );
insert into zone values ( 49,'Iceland' );
insert into zone values ( 50,'Maldives' );
insert into zone values ( 51,'Barbados' );
insert into zone values ( 52,'Belgium' );
insert into zone values ( 53,'China' );
insert into zone values ( 54,'Saint Vincent and the Grenadines' );
insert into zone values ( 55,'Isle of Man' );
insert into zone values ( 56,'Syrian Arab Republic' );
insert into zone values ( 57,'Jamaica' );
insert into zone values ( 58,'New Zealand' );
insert into zone values ( 59,'Lao Peoples Democratic Republic' );
insert into zone values ( 60,'Monaco' );
insert into zone values ( 61,'Ecuador' );
insert into zone values ( 62,'Comoros' );
insert into zone values ( 63,'Cote dIvoire' );
insert into zone values ( 64,'United States Minor Outlying Islands' );
insert into zone values ( 65,'San Marino' );
insert into zone values ( 66,'Niue' );
insert into zone values ( 67,'Montenegro' );
insert into zone values ( 68,'Saint Barthelemy' );
insert into zone values ( 69,'Netherlands Antilles' );
insert into zone values ( 70,'Namibia' );
insert into zone values ( 71,'Algeria' );
insert into zone values ( 72,'Kuwait' );
insert into zone values ( 73,'Bolivia' );
insert into zone values ( 74,'Iran' );
insert into zone values ( 75,'American Samoa' );
insert into zone values ( 76,'Honduras' );
insert into zone values ( 77,'Guam' );
insert into zone values ( 78,'Bouvet Island (Bouvetoya)' );
insert into zone values ( 79,'Ghana' );
insert into zone values ( 80,'Australia' );
insert into objet values ( 0,'Défense +',1,0,0 );
insert into objet values ( 1,'Muscle +',0,1,1 );
insert into objet values ( 2,'Défense Spéc',0,0,0 );
insert into objet values ( 3,'Déf. Spé. +',0,1,0 );
insert into objet values ( 4,'Attaque +',1,0,1 );
insert into objet values ( 5,'Spécial +',1,0,0 );
insert into objet values ( 6,'Précision +',0,1,0 );
insert into objet values ( 7,'Vitesse +',0,0,1 );
insert into objet values ( 8,'Baie Tamato',1,1,0 );
insert into objet values ( 9,'Baie Résin',1,1,1 );
insert into objet values ( 10,'Baie Lonme',1,1,0 );
insert into objet values ( 11,'Baie Qualot',0,0,1 );
insert into objet values ( 12,'Baie Alga',1,0,0 );
insert into objet values ( 13,'Baie Grena',0,1,1 );
insert into objet values ( 14,'Baie Mepo',0,0,1 );
insert into objet values ( 15,'Baie Willia',1,1,1 );
insert into objet values ( 16,'Baie Fraive',1,1,1 );
insert into objet values ( 17,'Baie Pêcha',1,0,0 );
insert into objet values ( 18,'Baie Maron',0,1,0 );
insert into objet values ( 19,'Baie Oran',1,0,1 );
insert into genre values ( 0,0,0 );
insert into genre values ( 1,0,1 );
insert into genre values ( 2,1,1 );
insert into genre values ( 3,1,0 );
insert into etat values ( 0,'Mission' );
insert into etat values ( 1,'Repos' );
insert into etat values ( 2,'Reproduction' );
insert into espece values ( 0,null,null,'Bulbizarre' );
insert into espece values ( 1,null,null,'Chenipan' );
insert into espece values ( 2,null,0,'Voltorbe' );
insert into espece values ( 3,8,null,'Électrode' );
insert into espece values ( 4,null,null,'Nœunœuf' );
insert into espece values ( 5,null,null,'Noadkoko' );
insert into espece values ( 6,null,null,'Osselait' );
insert into espece values ( 7,null,null,'Ossatueur' );
insert into espece values ( 8,null,null,'Kicklee' );
insert into espece values ( 9,2,null,'Tygnon' );
insert into espece values ( 10,null,null,'Excelangue' );
insert into espece values ( 11,null,null,'Smogo' );
insert into espece values ( 12,null,null,'Chrysacier' );
insert into espece values ( 13,null,null,'Smogogo' );
insert into espece values ( 14,null,null,'Rhinocorne' );
insert into espece values ( 15,null,3,'Rhinoféros' );
insert into espece values ( 16,null,null,'Leveinard' );
insert into espece values ( 17,null,null,'Saquedeneu' );
insert into espece values ( 18,null,null,'Kangourex' );
insert into espece values ( 19,null,null,'Hypotrempe' );
insert into espece values ( 20,null,null,'Hypocéan' );
insert into espece values ( 21,null,null,'Poissirène' );
insert into espece values ( 22,null,null,'Poissoroy' );
insert into espece values ( 23,null,null,'Papilusion' );
insert into espece values ( 24,null,null,'Stari' );
insert into espece values ( 25,null,null,'Staross' );
insert into espece values ( 26,null,null,'M.Mime' );
insert into espece values ( 27,null,null,'Insécateur' );
insert into espece values ( 28,null,null,'Lippoutou' );
insert into espece values ( 29,null,null,'Élektek' );
insert into espece values ( 30,null,null,'Magmar' );
insert into espece values ( 31,null,null,'Scarabrute' );
insert into espece values ( 32,null,null,'Tauros' );
insert into espece values ( 33,null,null,'Magicarpe' );
insert into espece values ( 34,null,null,'Aspicot' );
insert into espece values ( 35,null,null,'Léviator' );
insert into espece values ( 36,null,null,'Lokhlass' );
insert into espece values ( 37,null,null,'Métamorph' );
insert into espece values ( 38,null,null,'Évoli' );
insert into espece values ( 39,null,null,'Aquali' );
insert into espece values ( 40,null,null,'Voltali' );
insert into espece values ( 41,null,null,'Pyroli' );
insert into espece values ( 42,null,null,'Porygon' );
insert into espece values ( 43,null,null,'Amonita' );
insert into espece values ( 44,null,null,'Amonistar' );
insert into espece values ( 45,0,null,'Coconfort' );
insert into espece values ( 46,null,null,'Kabuto' );
insert into espece values ( 47,null,null,'Kabutops' );
insert into espece values ( 48,null,null,'Ptéra' );
insert into espece values ( 49,null,null,'Ronflex' );
insert into espece values ( 50,null,null,'Artikodin' );
insert into espece values ( 51,null,null,'Électhor' );
insert into espece values ( 52,null,null,'Sulfura' );
insert into espece values ( 53,null,null,'Minidraco' );
insert into espece values ( 54,null,null,'Draco' );
insert into espece values ( 55,null,null,'Dracolosse' );
insert into espece values ( 56,null,null,'Dardargnan' );
insert into espece values ( 57,0,null,'Mewtwo' );
insert into espece values ( 58,null,null,'Mew' );
insert into espece values ( 59,null,null,'Roucool' );
insert into espece values ( 60,null,null,'Roucoups' );
insert into espece values ( 61,null,null,'Roucarnage' );
insert into espece values ( 62,null,null,'Rattata' );
insert into espece values ( 63,null,3,'Herbizarre' );
insert into espece values ( 64,null,null,'Rattatac' );
insert into espece values ( 65,null,null,'Piafabec' );
insert into espece values ( 66,null,null,'Rapasdepic' );
insert into espece values ( 67,null,null,'Abo' );
insert into espece values ( 68,null,null,'Arbok' );
insert into espece values ( 69,null,null,'Pikachu' );
insert into espece values ( 70,null,null,'Raichu' );
insert into espece values ( 71,null,null,'Sabelette' );
insert into espece values ( 72,null,null,'Sablaireau' );
insert into espece values ( 73,null,null,'Nidoran♀' );
insert into espece values ( 74,null,null,'Florizarre' );
insert into espece values ( 75,null,null,'Nidorina' );
insert into espece values ( 76,null,null,'Nidoqueen' );
insert into espece values ( 77,null,null,'Nidoran♂' );
insert into espece values ( 78,null,null,'Nidorino' );
insert into espece values ( 79,null,null,'Nidoking' );
insert into espece values ( 80,null,null,'Mélofée' );
insert into espece values ( 81,null,null,'Mélodelfe' );
insert into espece values ( 82,null,null,'Feunard' );
insert into espece values ( 83,null,null,'Rondoudou' );
insert into espece values ( 84,null,null,'Salamèche' );
insert into espece values ( 85,null,null,'Grodoudou' );
insert into espece values ( 86,null,null,'Nosferapti' );
insert into espece values ( 87,null,null,'Nosferalto' );
insert into espece values ( 88,null,null,'Mystherbe' );
insert into espece values ( 89,null,19,'Ortide' );
insert into espece values ( 90,null,53,'Rafflesia' );
insert into espece values ( 91,null,null,'Paras' );
insert into espece values ( 92,null,33,'Parasect' );
insert into espece values ( 93,null,null,'Mimitoss' );
insert into espece values ( 94,null,null,'Aéromite' );
insert into espece values ( 95,null,null,'Reptincel' );
insert into espece values ( 96,null,null,'Taupiqueur' );
insert into espece values ( 97,null,null,'Triopikeur' );
insert into espece values ( 98,null,null,'Miaouss' );
insert into espece values ( 99,null,null,'Persian' );
insert into espece values ( 100,null,null,'Psykokwak' );
insert into espece values ( 101,null,69,'Akwakwak' );
insert into espece values ( 102,null,null,'Férosinge' );
insert into espece values ( 103,null,null,'Colossinge' );
insert into espece values ( 104,null,null,'Caninos' );
insert into espece values ( 105,null,null,'Arcanin' );
insert into espece values ( 106,null,null,'Dracaufeu' );
insert into espece values ( 107,null,null,'Ptitard' );
insert into espece values ( 108,null,null,'Têtarte' );
insert into espece values ( 109,null,null,'Tartard' );
insert into espece values ( 110,null,null,'Abra' );
insert into espece values ( 111,null,null,'Kadabra' );
insert into espece values ( 112,null,null,'Alakazam' );
insert into espece values ( 113,16,null,'Machoc' );
insert into espece values ( 114,null,null,'Machopeur' );
insert into espece values ( 115,null,null,'Mackogneur' );
insert into espece values ( 116,null,null,'Chétiflor' );
insert into espece values ( 117,null,null,'Carapuce' );
insert into espece values ( 118,null,null,'Boustiflor' );
insert into espece values ( 119,null,null,'Empiflor' );
insert into espece values ( 120,null,null,'Tentacool' );
insert into espece values ( 121,null,null,'Tentacruel' );
insert into espece values ( 122,null,null,'Racaillou' );
insert into espece values ( 123,null,117,'Gravalanch' );
insert into espece values ( 124,null,null,'Grolem' );
insert into espece values ( 125,11,null,'Ponyta' );
insert into espece values ( 126,null,null,'Galopa' );
insert into espece values ( 127,null,null,'Carabaffe' );
insert into espece values ( 128,null,null,'Flagadoss' );
insert into espece values ( 129,null,null,'Magnéton' );
insert into espece values ( 130,null,null,'Canarticho' );
insert into espece values ( 131,16,null,'Dodrio' );
insert into espece values ( 132,null,107,'Otaria' );
insert into espece values ( 133,null,null,'Tadmorv' );
insert into espece values ( 134,null,null,'Grotadmorv' );
insert into espece values ( 135,null,null,'Kokiyas' );
insert into espece values ( 136,null,null,'Crustabri' );
insert into espece values ( 137,15,null,'Spectrum' );
insert into espece values ( 138,null,61,'Ectoplasma' );
insert into espece values ( 139,null,null,'Soporifik' );
insert into espece values ( 140,null,null,'Hypnomade' );
insert into espece values ( 141,6,null,'Krabboss' );
insert into monstropoche values ( 0,'Wellington.Morissette',24,3,0,13,78,29,63,16,'Vida67',0,3,1,4,Bulbizarre,100,42,19,'Braulio.Mills',0,1,2,14,Bulbizarre,100,79,6 );
insert into monstropoche values ( 1,'Kattie.Bernier84',21,3,0,9,16,96,99,13,'Jed.Gerhold6',0,0,2,12,Bulbizarre,100,23,80,'Salvatore.Abbott',0,3,1,5,Bulbizarre,100,59,19 );
insert into monstropoche values ( 2,'Reagan_Morissette',null,0,1,13,34,65,60,29,'Brice3',0,2,2,8,Bulbizarre,100,60,54,'Vicky.Raynor8',0,1,2,14,Bulbizarre,100,96,32 );
insert into monstropoche values ( 3,'Savion_Lebsack',null,1,2,2,60,71,14,43,'Ima.Hermann',0,2,0,4,Bulbizarre,100,77,8,'Markus_Russel55',0,2,0,2,Bulbizarre,100,72,93 );
insert into monstropoche values ( 4,'Theresia62',null,1,2,0,102,90,56,46,'Mandy_Ruecker',0,3,1,1,Bulbizarre,100,74,30,'Odell.Medhurst',0,0,0,3,Bulbizarre,100,77,32 );
insert into monstropoche values ( 5,'Dax.OConner27',93,1,2,7,93,64,13,60,'Elisa75',0,1,0,2,Bulbizarre,100,65,3,'Gene_Stiedemann',0,2,1,15,Bulbizarre,100,98,27 );
insert into monstropoche values ( 6,'Alanna50',73,3,0,8,21,17,66,1,'Autumn.Bode',0,0,0,13,Bulbizarre,100,99,20,'Kareem88',0,1,0,14,Bulbizarre,100,91,45 );
insert into monstropoche values ( 7,'Bette.Schiller',18,3,2,0,103,36,6,22,'Verona_Satterfield90',0,0,2,8,Bulbizarre,100,65,81,'Princess83',0,2,1,2,Bulbizarre,100,5,72 );
insert into monstropoche values ( 8,'Anissa40',null,3,1,10,73,89,25,40,'Annetta_Cartwright',0,0,1,4,Bulbizarre,100,6,41,'Clotilde9',0,2,1,5,Bulbizarre,100,36,48 );
insert into monstropoche values ( 9,'Laurine.Kemmer',21,0,0,9,46,96,5,30,'Sandra.Kuhic',0,3,1,11,Bulbizarre,100,11,81,'Cali.Flatley',0,1,1,3,Bulbizarre,100,19,30 );
insert into monstropoche values ( 10,'Sheldon51',null,1,1,18,94,5,0,3,'Edd_Jacobs29',0,0,2,4,Bulbizarre,100,75,90,'Dayne_Rippin',0,3,2,1,Bulbizarre,100,19,80 );
insert into monstropoche values ( 11,'Cloyd.Zboncak',null,3,1,13,59,9,4,3,'Moses_Schneider92',0,3,1,8,Bulbizarre,100,44,61,'Cathryn.Muller8',0,3,1,11,Bulbizarre,100,92,68 );
insert into monstropoche values ( 12,'Rico_Crooks79',55,2,2,7,55,95,48,35,'Maria_Jakubowski90',0,3,1,6,Bulbizarre,100,40,97,'Gustave_Bartell90',0,3,0,18,Bulbizarre,100,53,90 );
insert into monstropoche values ( 13,'Mike_Hand27',11,1,0,3,122,76,65,76,'Earline.Schuppe',0,2,2,14,Bulbizarre,100,9,76,'Autumn.Fisher71',0,3,2,0,Bulbizarre,100,0,78 );
insert into monstropoche values ( 14,'Kristina52',60,0,2,15,103,73,37,72,'Madyson_Gottlieb',0,0,1,3,Bulbizarre,100,52,29,'Irma8',0,1,0,19,Bulbizarre,100,46,39 );
insert into monstropoche values ( 15,'Matt_Christiansen',40,3,1,12,78,58,61,46,'Piper.Tillman54',0,3,1,17,Bulbizarre,100,11,37,'Sylvia_Sawayn44',0,3,1,13,Bulbizarre,100,47,57 );
insert into monstropoche values ( 16,'Sabina_Effertz22',75,1,0,12,136,25,74,6,'Arlo_Gutkowski48',0,3,2,8,Bulbizarre,100,80,82,'Vinnie.Gibson',0,3,1,0,Bulbizarre,100,81,8 );
insert into monstropoche values ( 17,'Ariel.Gutkowski76',64,2,0,19,90,77,66,23,'Elizabeth_Jacobson18',0,1,2,9,Bulbizarre,100,22,7,'Lauriane_Hoeger',0,3,2,15,Bulbizarre,100,11,50 );
insert into monstropoche values ( 18,'Mandy92',null,0,0,7,17,28,100,23,'Ophelia_Blick',0,1,1,8,Bulbizarre,100,79,75,'Marjorie78',0,1,1,6,Bulbizarre,100,62,51 );
insert into monstropoche values ( 19,'Jarred32',null,1,1,17,5,59,100,43,'Gerald46',0,0,2,5,Bulbizarre,100,89,99,'Malinda47',0,1,2,14,Bulbizarre,100,64,87 );
insert into monstropoche values ( 20,'Kristopher_Okuneva32',null,2,0,2,5,18,1,17,'Daren_Roberts',0,1,0,16,Bulbizarre,100,47,96,'Gennaro.Rippin21',0,0,1,4,Bulbizarre,100,79,0 );
insert into monstropoche values ( 21,'Emmie.Beatty',22,2,2,17,77,69,97,68,'Shanna.Larkin28',0,1,2,5,Bulbizarre,100,97,27,'Camron_Brekke60',0,1,1,0,Bulbizarre,100,57,19 );
insert into monstropoche values ( 22,'Betsy22',98,1,0,18,119,85,54,4,'Roderick_Hartmann',0,3,1,18,Bulbizarre,100,45,49,'Johnnie_Bauch63',0,0,1,4,Bulbizarre,100,14,42 );
insert into monstropoche values ( 23,'Mya_Strosin',null,0,2,1,1,76,54,25,'Raheem_Koelpin',0,2,1,16,Bulbizarre,100,40,49,'Lavina_Boyer',0,2,0,11,Bulbizarre,100,81,0 );
insert into monstropoche values ( 24,'Weldon75',null,1,1,1,69,23,69,1,'Beverly72',0,3,2,9,Bulbizarre,100,62,56,'Kian.Hermiston28',0,1,2,13,Bulbizarre,100,91,72 );
insert into monstropoche values ( 25,'Connie_Sauer',null,3,1,7,24,34,32,2,'Wayne_Gutmann',0,1,0,13,Bulbizarre,100,41,17,'Kaitlin34',0,1,0,14,Bulbizarre,100,74,85 );
insert into monstropoche values ( 26,'Anderson90',45,0,2,19,1,19,66,15,'Cathy_Dicki',0,0,0,17,Bulbizarre,100,92,87,'Rosella59',0,0,1,7,Bulbizarre,100,24,43 );
insert into monstropoche values ( 27,'Andres_Little84',null,3,2,5,118,77,33,41,'Freddy_Schumm76',0,3,1,9,Bulbizarre,100,32,12,'Tristin93',0,1,1,12,Bulbizarre,100,50,20 );
insert into monstropoche values ( 28,'Otilia_Prohaska',null,0,2,0,12,24,2,19,'Taryn78',0,3,1,10,Bulbizarre,100,0,16,'Selina.Schmidt',0,0,0,3,Bulbizarre,100,97,61 );
insert into monstropoche values ( 29,'Frankie88',28,3,1,6,128,94,24,55,'Glenna_Goodwin',0,3,0,2,Bulbizarre,100,61,82,'Mollie0',0,3,0,17,Bulbizarre,100,30,44 );
insert into monstropoche values ( 30,'Keagan.Hartmann26',null,2,0,1,136,71,10,11,'Anastacio_Schoen',0,2,1,11,Bulbizarre,100,59,37,'Aurelio_Gusikowski',0,3,2,19,Bulbizarre,100,81,92 );
insert into monstropoche values ( 31,'Dalton.Bergstrom78',null,0,1,10,41,45,59,25,'Walker_Pouros29',0,3,0,7,Bulbizarre,100,73,28,'Catharine_McDermott',0,0,2,14,Bulbizarre,100,81,18 );
insert into monstropoche values ( 32,'Rita_Heller82',67,2,0,3,13,2,15,1,'Melisa10',0,0,1,9,Bulbizarre,100,10,70,'Jess.Auer38',0,3,2,1,Bulbizarre,100,32,87 );
insert into monstropoche values ( 33,'Jamel2',51,1,0,11,8,58,0,27,'Nadia.Schamberger',0,0,1,6,Bulbizarre,100,95,83,'Giovanna.Kovacek81',0,3,1,4,Bulbizarre,100,12,59 );
insert into monstropoche values ( 34,'Alexandro.Grady',null,0,1,9,20,61,50,51,'Libby36',0,0,2,1,Bulbizarre,100,84,70,'Aryanna.Kuvalis72',0,2,1,11,Bulbizarre,100,43,20 );
insert into monstropoche values ( 35,'Layne48',54,3,2,13,107,82,74,47,'Carolanne.Bins',0,2,1,18,Bulbizarre,100,12,2,'Bianka_Huels',0,3,1,1,Bulbizarre,100,19,74 );
insert into monstropoche values ( 36,'Dewayne57',91,2,2,8,9,44,20,43,'Larissa.Graham',0,2,1,18,Bulbizarre,100,97,84,'Constantin.Block31',0,3,2,16,Bulbizarre,100,96,66 );
insert into monstropoche values ( 37,'Clovis92',null,3,2,11,15,13,76,12,'Narciso_Christiansen2',0,3,2,8,Bulbizarre,100,61,2,'Vida.Runte',0,3,0,12,Bulbizarre,100,77,12 );
insert into monstropoche values ( 38,'Jamar.Brekke19',null,0,1,10,55,1,5,1,'Shirley82',0,3,2,14,Bulbizarre,100,27,93,'Cecile.Gibson61',0,1,1,18,Bulbizarre,100,11,42 );
insert into monstropoche values ( 39,'Emanuel.Smitham69',null,2,1,14,123,31,71,2,'Darrell_Haley',0,1,2,16,Bulbizarre,100,17,18,'Richie.Ziemann60',0,0,0,19,Bulbizarre,100,39,52 );
insert into monstropoche values ( 40,'Jackie_Hirthe',null,1,1,6,32,1,77,1,'Barton97',0,0,2,7,Bulbizarre,100,23,4,'Elfrieda.Orn56',0,3,2,4,Bulbizarre,100,3,36 );
insert into monstropoche values ( 41,'Vallie.Metz',null,0,1,7,66,79,31,54,'Althea.Altenwerth',0,2,0,18,Bulbizarre,100,94,47,'Taylor.Kozey',0,2,1,0,Bulbizarre,100,37,89 );
insert into monstropoche values ( 42,'Elda99',null,3,0,15,41,78,10,5,'George25',0,2,0,7,Bulbizarre,100,57,26,'Jamal_Dicki',0,3,1,14,Bulbizarre,100,75,16 );
insert into monstropoche values ( 43,'Tracy69',40,1,2,12,70,11,50,9,'Alex.Parisian69',0,0,0,12,Bulbizarre,100,44,75,'Fatima.Bahringer49',0,1,0,6,Bulbizarre,100,10,26 );
insert into monstropoche values ( 44,'Elza_Bogan21',null,0,1,18,105,6,5,5,'Ashlee.Aufderhar',0,0,0,7,Bulbizarre,100,62,0,'Marquise.Kunze',0,0,1,11,Bulbizarre,100,5,81 );
insert into monstropoche values ( 45,'Madalyn.Johnson',null,2,0,18,122,36,91,7,'Hobart13',0,2,1,2,Bulbizarre,100,87,41,'Clay_Quigley18',0,3,1,0,Bulbizarre,100,97,43 );
insert into monstropoche values ( 46,'Marco.Yost',null,0,2,3,140,16,49,10,'Alena28',0,2,1,18,Bulbizarre,100,74,27,'Calista_Carroll',0,1,2,2,Bulbizarre,100,14,4 );
insert into monstropoche values ( 47,'Emelie.Oberbrunner39',null,1,2,12,126,80,74,37,'Harmony_Heathcote',0,0,1,18,Bulbizarre,100,30,98,'Laurine.Hirthe27',0,1,0,13,Bulbizarre,100,39,54 );
insert into monstropoche values ( 48,'Marilou39',null,3,1,18,124,13,87,3,'Ara52',0,2,0,19,Bulbizarre,100,22,32,'Jordi.Hoppe',0,1,2,11,Bulbizarre,100,56,62 );
insert into monstropoche values ( 49,'Albin.OReilly20',null,3,1,14,6,70,9,24,'Hayley_Heaney3',0,0,2,0,Bulbizarre,100,55,35,'Monserrat_Russel',0,3,0,19,Bulbizarre,100,63,4 );
insert into monstropoche values ( 50,'Eli_Runolfsdottir',null,3,0,11,89,30,99,16,'Helena.Hand43',0,3,0,9,Bulbizarre,100,91,80,'Jaeden.Luettgen',0,1,0,18,Bulbizarre,100,52,34 );
insert into monstropoche values ( 51,'Sadie43',57,0,0,0,124,34,65,13,'Willie.Purdy',0,2,1,15,Bulbizarre,100,63,74,'Josiah14',0,2,0,0,Bulbizarre,100,39,92 );
insert into monstropoche values ( 52,'Jefferey88',null,1,0,2,126,97,14,41,'Jazlyn_Stoltenberg37',0,3,1,14,Bulbizarre,100,82,48,'Ian.Bahringer20',0,1,1,14,Bulbizarre,100,19,68 );
insert into monstropoche values ( 53,'Cole_Herman55',null,0,2,14,122,42,11,8,'Clementine_Willms',0,0,0,3,Bulbizarre,100,33,17,'Monica7',0,0,2,12,Bulbizarre,100,49,97 );
insert into monstropoche values ( 54,'Alessandra62',98,0,2,4,50,99,85,6,'Madge_Donnelly',0,0,0,0,Bulbizarre,100,77,33,'Samara22',0,2,2,16,Bulbizarre,100,86,6 );
insert into monstropoche values ( 55,'Willa_Brekke60',59,3,1,17,33,62,35,47,'Korey.Bogisich',0,1,1,15,Bulbizarre,100,64,87,'Carole83',0,2,0,10,Bulbizarre,100,0,64 );
insert into monstropoche values ( 56,'Salvador.Lehner',20,3,1,14,66,18,59,10,'Kacey.Nicolas71',0,2,0,7,Bulbizarre,100,55,70,'Mohammed.Kovacek82',0,0,1,9,Bulbizarre,100,93,76 );
insert into monstropoche values ( 57,'Leann41',null,0,1,12,5,38,42,8,'Murl96',0,3,0,10,Bulbizarre,100,21,13,'Greyson43',0,0,1,18,Bulbizarre,100,1,47 );
insert into monstropoche values ( 58,'Alvena14',null,0,2,5,86,20,15,1,'Jesse.Waelchi',0,2,1,16,Bulbizarre,100,26,21,'Garfield.Mueller',0,0,2,4,Bulbizarre,100,83,69 );
insert into monstropoche values ( 59,'Earl_Ernser22',52,3,0,5,21,86,56,28,'Glen_Reynolds',0,1,0,10,Bulbizarre,100,61,0,'Lauryn.Huels99',0,0,2,17,Bulbizarre,100,18,77 );
insert into monstropoche values ( 60,'Tevin.Blanda',57,1,0,18,60,73,90,71,'Jimmie21',0,2,0,10,Bulbizarre,100,0,37,'Kim.Beahan',0,2,0,19,Bulbizarre,100,58,95 );
insert into monstropoche values ( 61,'Lina.Muller',43,0,1,18,88,61,88,48,'Alphonso_Schmitt48',0,0,1,5,Bulbizarre,100,52,100,'Dena.Mante',0,3,1,10,Bulbizarre,100,88,64 );
insert into monstropoche values ( 62,'Kim93',14,1,1,18,54,57,32,16,'Fanny.Cronin',0,1,0,17,Bulbizarre,100,5,56,'Trevor.Halvorson',0,0,0,16,Bulbizarre,100,90,1 );
insert into monstropoche values ( 63,'Rashad18',null,1,2,16,50,51,65,2,'Sage_Adams',0,0,1,4,Bulbizarre,100,1,15,'Ezra.Dibbert33',0,0,1,8,Bulbizarre,100,52,64 );
insert into monstropoche values ( 64,'Audreanne_Murray',82,2,2,9,86,11,4,11,'Haylie61',0,0,2,5,Bulbizarre,100,95,88,'Winston_Fay',0,1,1,1,Bulbizarre,100,65,18 );
insert into monstropoche values ( 65,'Hudson33',36,3,0,14,121,14,35,11,'Zaria82',0,1,0,10,Bulbizarre,100,59,0,'Antonio93',0,0,0,8,Bulbizarre,100,55,38 );
insert into monstropoche values ( 66,'Gabrielle.Schiller24',null,3,0,11,30,68,72,34,'Eliseo_Torp75',0,3,0,16,Bulbizarre,100,73,87,'Cory.Hintz',0,0,1,6,Bulbizarre,100,26,57 );
insert into monstropoche values ( 67,'Anibal_Labadie',58,2,2,16,109,87,94,58,'Winona21',0,0,2,11,Bulbizarre,100,50,57,'Jerod30',0,2,2,18,Bulbizarre,100,33,75 );
insert into monstropoche values ( 68,'Courtney_Auer',6,1,2,17,99,73,83,1,'Richie79',0,2,2,14,Bulbizarre,100,76,85,'Janis.McLaughlin37',0,2,2,8,Bulbizarre,100,14,56 );
insert into monstropoche values ( 69,'Jazmyne76',null,2,2,1,53,19,81,3,'Eli_Kling61',0,0,0,2,Bulbizarre,100,10,67,'Ignacio.Kirlin20',0,0,1,7,Bulbizarre,100,85,38 );
insert into monstropoche values ( 70,'Claire_Kovacek74',null,3,0,14,20,21,71,14,'Kayla_Zemlak',0,3,1,12,Bulbizarre,100,85,26,'Burdette_McClure25',0,3,1,11,Bulbizarre,100,17,19 );
insert into monstropoche values ( 71,'Jena_Welch80',null,1,2,9,65,75,54,35,'Ellie_Okuneva44',0,0,0,7,Bulbizarre,100,36,11,'Loyce_Steuber33',0,3,0,14,Bulbizarre,100,47,32 );
insert into monstropoche values ( 72,'Eulah.Hessel',22,3,2,8,38,95,94,17,'Kallie_Bailey',0,1,0,11,Bulbizarre,100,25,71,'Stephon.Mills',0,3,1,8,Bulbizarre,100,83,5 );
insert into monstropoche values ( 73,'Emmie_Cummerata55',null,0,1,14,120,86,22,12,'Gennaro.Schiller',0,1,1,2,Bulbizarre,100,76,18,'Lucienne.Yundt30',0,1,0,10,Bulbizarre,100,26,80 );
insert into monstropoche values ( 74,'Gloria_Cole55',null,3,1,2,82,94,100,0,'Haleigh70',0,3,2,6,Bulbizarre,100,97,9,'Lily.Rempel',0,1,0,16,Bulbizarre,100,17,94 );
insert into monstropoche values ( 75,'Abdul74',53,0,2,2,131,6,0,1,'Luz18',0,1,1,15,Bulbizarre,100,23,30,'Enrico_Hilll',0,2,0,6,Bulbizarre,100,95,76 );
insert into monstropoche values ( 76,'Chad_Bernier58',53,3,0,11,132,85,10,25,'Howard.Raynor',0,2,0,17,Bulbizarre,100,69,89,'Norval.DuBuque76',0,1,0,10,Bulbizarre,100,76,53 );
insert into monstropoche values ( 77,'Tobin75',null,0,1,6,84,35,72,13,'Garnett35',0,2,0,9,Bulbizarre,100,6,22,'Foster36',0,2,1,13,Bulbizarre,100,29,8 );
insert into monstropoche values ( 78,'Hillary.Zboncak',null,3,2,2,34,40,6,40,'Luis33',0,1,2,5,Bulbizarre,100,6,12,'Jonathan_Daniel',0,0,2,16,Bulbizarre,100,4,9 );
insert into monstropoche values ( 79,'Felicia.Miller',null,3,1,8,11,98,64,26,'Johathan.Ruecker',0,3,2,11,Bulbizarre,100,89,72,'Burdette_Brown37',0,2,2,8,Bulbizarre,100,38,98 );
insert into monstropoche values ( 80,'Kelsi_Lakin27',null,3,2,2,32,50,88,23,'Cleveland_Harvey',0,2,0,13,Bulbizarre,100,3,84,'Maximilian70',0,2,2,19,Bulbizarre,100,65,67 );
insert into monstropoche values ( 81,'Demetrius76',76,3,1,19,96,4,15,3,'Miles_Gaylord',0,2,2,13,Bulbizarre,100,88,95,'Lyric_Zieme',0,1,1,17,Bulbizarre,100,5,94 );
insert into monstropoche values ( 82,'Jules_OConner',null,0,2,13,62,33,36,13,'Jaiden25',0,3,2,15,Bulbizarre,100,93,8,'Mathilde.Stoltenberg',0,2,2,7,Bulbizarre,100,48,4 );
insert into monstropoche values ( 83,'Eusebio.OKon35',82,0,1,0,94,97,84,7,'Dock_Kshlerin',0,3,1,18,Bulbizarre,100,45,73,'Preston.MacGyver',0,2,2,0,Bulbizarre,100,78,39 );
insert into monstropoche values ( 84,'Vicky_Keebler89',null,0,1,17,54,11,1,2,'Korey_Buckridge',0,0,1,6,Bulbizarre,100,75,67,'Leta.Rolfson',0,2,0,11,Bulbizarre,100,92,44 );
insert into monstropoche values ( 85,'Uriah80',91,0,1,7,80,85,12,48,'Earlene70',0,2,2,3,Bulbizarre,100,36,79,'Vivien.Champlin51',0,3,2,15,Bulbizarre,100,39,55 );
insert into monstropoche values ( 86,'Eugenia88',null,3,0,7,103,87,49,20,'Lea_Bechtelar',0,2,0,4,Bulbizarre,100,2,1,'Trey68',0,1,1,3,Bulbizarre,100,38,69 );
insert into monstropoche values ( 87,'Vincenzo.Schoen',69,3,0,6,68,42,23,35,'Xavier27',0,2,0,5,Bulbizarre,100,92,98,'Charlene18',0,0,2,18,Bulbizarre,100,3,2 );
insert into monstropoche values ( 88,'Bernie_Strosin2',6,1,0,17,33,58,12,8,'Waldo53',0,2,0,11,Bulbizarre,100,21,35,'Llewellyn.Carroll51',0,0,2,12,Bulbizarre,100,83,27 );
insert into monstropoche values ( 89,'Hershel_Greenholt',null,0,0,3,79,66,25,62,'Kaci.Moore40',0,0,0,17,Bulbizarre,100,2,97,'Alverta64',0,0,0,19,Bulbizarre,100,2,11 );
insert into monstropoche values ( 90,'Austin50',null,0,2,16,114,26,29,24,'Presley_Johnson19',0,3,2,3,Bulbizarre,100,17,57,'Roxane31',0,1,0,8,Bulbizarre,100,97,52 );
insert into monstropoche values ( 91,'Vivienne.Mohr18',49,1,0,17,71,84,88,30,'Werner1',0,2,2,7,Bulbizarre,100,38,68,'Eusebio10',0,2,2,18,Bulbizarre,100,91,72 );
insert into monstropoche values ( 92,'Flo.Koelpin92',67,1,1,9,9,73,9,60,'Darien.Rice',0,0,1,2,Bulbizarre,100,36,19,'Jacky_Gaylord20',0,3,1,1,Bulbizarre,100,0,30 );
insert into monstropoche values ( 93,'Helen16',5,0,0,6,73,77,12,46,'Ethan.Gutmann',0,2,1,17,Bulbizarre,100,35,8,'Alena97',0,2,2,11,Bulbizarre,100,27,7 );
insert into monstropoche values ( 94,'Rex_Funk',null,2,1,2,14,85,85,13,'Elvera_Lindgren16',0,3,1,15,Bulbizarre,100,27,94,'Jimmie42',0,3,1,13,Bulbizarre,100,14,44 );
insert into monstropoche values ( 95,'Bridgette_Schamberger8',68,3,2,5,94,75,62,21,'Lucious.Gulgowski',0,0,2,9,Bulbizarre,100,31,62,'Jaylin.Dibbert83',0,3,0,19,Bulbizarre,100,70,39 );
insert into monstropoche values ( 96,'Brock_Abbott9',null,1,0,15,94,75,66,52,'Lavada9',0,0,1,3,Bulbizarre,100,84,10,'Name_Hudson69',0,2,0,13,Bulbizarre,100,84,19 );
insert into monstropoche values ( 97,'Samantha.Keebler',40,3,2,11,107,81,39,69,'Elyssa58',0,2,2,14,Bulbizarre,100,65,78,'Kurt_Williamson75',0,1,1,12,Bulbizarre,100,22,86 );
insert into monstropoche values ( 98,'Jocelyn.Cassin57',null,2,1,15,116,20,25,6,'Braxton38',0,0,0,5,Bulbizarre,100,67,6,'Terence.Jenkins73',0,0,1,10,Bulbizarre,100,36,93 );
insert into monstropoche values ( 99,'Johnathon5',null,3,1,1,56,26,72,3,'Petra_Cronin15',0,3,2,9,Bulbizarre,100,86,11,'Casandra56',0,0,0,12,Bulbizarre,100,36,56 );
insert into objet_zone values ( 0,36 );
insert into objet_zone values ( 1,6 );
insert into objet_zone values ( 2,76 );
insert into objet_zone values ( 3,66 );
insert into objet_zone values ( 4,42 );
insert into objet_zone values ( 5,57 );
insert into objet_zone values ( 6,11 );
insert into objet_zone values ( 7,44 );
insert into objet_zone values ( 8,4 );
insert into objet_zone values ( 9,32 );
insert into objet_zone values ( 10,62 );
insert into objet_zone values ( 11,25 );
insert into objet_zone values ( 12,8 );
insert into objet_zone values ( 13,69 );
insert into objet_zone values ( 14,77 );
insert into objet_zone values ( 15,53 );
insert into objet_zone values ( 16,27 );
insert into objet_zone values ( 17,75 );
insert into objet_zone values ( 18,56 );
insert into objet_zone values ( 19,62 );
insert into objet_zone values ( 12,0 );
insert into objet_zone values ( 1,1 );
insert into objet_zone values ( 1,2 );
insert into objet_zone values ( 5,3 );
insert into objet_zone values ( 0,4 );
insert into objet_zone values ( 12,5 );
insert into objet_zone values ( 14,6 );
insert into objet_zone values ( 16,7 );
insert into objet_zone values ( 11,8 );
insert into objet_zone values ( 12,9 );
insert into objet_zone values ( 17,10 );
insert into objet_zone values ( 19,11 );
insert into objet_zone values ( 18,12 );
insert into objet_zone values ( 16,13 );
insert into objet_zone values ( 0,14 );
insert into objet_zone values ( 8,15 );
insert into objet_zone values ( 18,16 );
insert into objet_zone values ( 3,17 );
insert into objet_zone values ( 7,18 );
insert into objet_zone values ( 0,19 );
insert into objet_zone values ( 19,20 );
insert into objet_zone values ( 18,21 );
insert into objet_zone values ( 3,22 );
insert into objet_zone values ( 7,23 );
insert into objet_zone values ( 13,24 );
insert into objet_zone values ( 3,25 );
insert into objet_zone values ( 6,26 );
insert into objet_zone values ( 15,27 );
insert into objet_zone values ( 3,28 );
insert into objet_zone values ( 16,29 );
insert into objet_zone values ( 9,30 );
insert into objet_zone values ( 4,31 );
insert into objet_zone values ( 0,32 );
insert into objet_zone values ( 16,33 );
insert into objet_zone values ( 10,34 );
insert into objet_zone values ( 13,35 );
insert into objet_zone values ( 6,36 );
insert into objet_zone values ( 5,37 );
insert into objet_zone values ( 13,38 );
insert into objet_zone values ( 5,39 );
insert into objet_zone values ( 15,40 );
insert into objet_zone values ( 18,41 );
insert into objet_zone values ( 17,42 );
insert into objet_zone values ( 3,43 );
insert into objet_zone values ( 18,44 );
insert into objet_zone values ( 2,45 );
insert into objet_zone values ( 0,46 );
insert into objet_zone values ( 18,47 );
insert into objet_zone values ( 6,48 );
insert into objet_zone values ( 19,49 );
insert into objet_zone values ( 6,50 );
insert into objet_zone values ( 5,51 );
insert into objet_zone values ( 19,52 );
insert into objet_zone values ( 17,53 );
insert into objet_zone values ( 5,54 );
insert into objet_zone values ( 0,55 );
insert into objet_zone values ( 6,56 );
insert into objet_zone values ( 14,57 );
insert into objet_zone values ( 19,58 );
insert into objet_zone values ( 16,59 );
insert into objet_zone values ( 19,60 );
insert into objet_zone values ( 12,61 );
insert into objet_zone values ( 5,62 );
insert into objet_zone values ( 16,63 );
insert into objet_zone values ( 19,64 );
insert into objet_zone values ( 0,65 );
insert into objet_zone values ( 18,66 );
insert into objet_zone values ( 13,67 );
insert into objet_zone values ( 17,68 );
insert into objet_zone values ( 4,70 );
insert into objet_zone values ( 1,71 );
insert into objet_zone values ( 9,72 );
insert into objet_zone values ( 7,73 );
insert into objet_zone values ( 14,74 );
insert into objet_zone values ( 10,75 );
insert into objet_zone values ( 18,76 );
insert into objet_zone values ( 17,77 );
insert into objet_zone values ( 5,78 );
insert into objet_zone values ( 12,79 );
insert into objet_zone values ( 17,80 );
insert into espece_type values ( 0,12 );
insert into espece_type values ( 1,16 );
insert into espece_type values ( 2,7 );
insert into espece_type values ( 3,10 );
insert into espece_type values ( 4,1 );
insert into espece_type values ( 5,1 );
insert into espece_type values ( 6,5 );
insert into espece_type values ( 7,5 );
insert into espece_type values ( 8,13 );
insert into espece_type values ( 9,10 );
insert into espece_type values ( 10,10 );
insert into espece_type values ( 11,1 );
insert into espece_type values ( 12,15 );
insert into espece_type values ( 13,5 );
insert into espece_type values ( 14,8 );
insert into espece_type values ( 15,8 );
insert into espece_type values ( 16,12 );
insert into espece_type values ( 17,12 );
insert into espece_type values ( 18,4 );
insert into espece_type values ( 19,12 );
insert into espece_type values ( 20,0 );
insert into espece_type values ( 21,15 );
insert into espece_type values ( 22,5 );
insert into espece_type values ( 23,5 );
insert into espece_type values ( 24,5 );
insert into espece_type values ( 25,10 );
insert into espece_type values ( 26,9 );
insert into espece_type values ( 27,4 );
insert into espece_type values ( 28,13 );
insert into espece_type values ( 29,2 );
insert into espece_type values ( 30,11 );
insert into espece_type values ( 31,9 );
insert into espece_type values ( 32,1 );
insert into espece_type values ( 33,9 );
insert into espece_type values ( 34,8 );
insert into espece_type values ( 35,7 );
insert into espece_type values ( 36,0 );
insert into espece_type values ( 37,3 );
insert into espece_type values ( 38,3 );
insert into espece_type values ( 39,9 );
insert into espece_type values ( 40,5 );
insert into espece_type values ( 41,16 );
insert into espece_type values ( 42,6 );
insert into espece_type values ( 43,10 );
insert into espece_type values ( 44,10 );
insert into espece_type values ( 45,5 );
insert into espece_type values ( 46,16 );
insert into espece_type values ( 47,0 );
insert into espece_type values ( 48,2 );
insert into espece_type values ( 49,11 );
insert into espece_type values ( 50,14 );
insert into espece_type values ( 51,13 );
insert into espece_type values ( 52,15 );
insert into espece_type values ( 53,11 );
insert into espece_type values ( 54,3 );
insert into espece_type values ( 55,1 );
insert into espece_type values ( 56,16 );
insert into espece_type values ( 57,6 );
insert into espece_type values ( 58,16 );
insert into espece_type values ( 59,5 );
insert into espece_type values ( 60,10 );
insert into espece_type values ( 61,4 );
insert into espece_type values ( 62,3 );
insert into espece_type values ( 63,10 );
insert into espece_type values ( 64,4 );
insert into espece_type values ( 65,5 );
insert into espece_type values ( 66,6 );
insert into espece_type values ( 67,4 );
insert into espece_type values ( 68,12 );
insert into espece_type values ( 69,9 );
insert into espece_type values ( 70,14 );
insert into espece_type values ( 71,0 );
insert into espece_type values ( 72,2 );
insert into espece_type values ( 73,11 );
insert into espece_type values ( 74,5 );
insert into espece_type values ( 75,9 );
insert into espece_type values ( 76,9 );
insert into espece_type values ( 77,10 );
insert into espece_type values ( 78,10 );
insert into espece_type values ( 79,1 );
insert into espece_type values ( 80,12 );
insert into espece_type values ( 81,13 );
insert into espece_type values ( 82,15 );
insert into espece_type values ( 83,1 );
insert into espece_type values ( 84,15 );
insert into espece_type values ( 85,0 );
insert into espece_type values ( 86,10 );
insert into espece_type values ( 87,5 );
insert into espece_type values ( 88,13 );
insert into espece_type values ( 89,12 );
insert into espece_type values ( 90,0 );
insert into espece_type values ( 91,11 );
insert into espece_type values ( 92,7 );
insert into espece_type values ( 93,16 );
insert into espece_type values ( 94,11 );
insert into espece_type values ( 95,16 );
insert into espece_type values ( 96,10 );
insert into espece_type values ( 97,16 );
insert into espece_type values ( 98,13 );
insert into espece_type values ( 99,16 );
insert into espece_type values ( 100,7 );
insert into espece_type values ( 101,5 );
insert into espece_type values ( 102,13 );
insert into espece_type values ( 103,1 );
insert into espece_type values ( 104,7 );
insert into espece_type values ( 105,4 );
insert into espece_type values ( 106,14 );
insert into espece_type values ( 107,13 );
insert into espece_type values ( 108,0 );
insert into espece_type values ( 109,3 );
insert into espece_type values ( 110,2 );
insert into espece_type values ( 111,0 );
insert into espece_type values ( 112,5 );
insert into espece_type values ( 113,4 );
insert into espece_type values ( 114,15 );
insert into espece_type values ( 115,14 );
insert into espece_type values ( 116,10 );
insert into espece_type values ( 117,15 );
insert into espece_type values ( 118,3 );
insert into espece_type values ( 119,15 );
insert into espece_type values ( 120,5 );
insert into espece_type values ( 121,6 );
insert into espece_type values ( 122,10 );
insert into espece_type values ( 123,5 );
insert into espece_type values ( 124,2 );
insert into espece_type values ( 125,2 );
insert into espece_type values ( 126,1 );
insert into espece_type values ( 127,0 );
insert into espece_type values ( 128,11 );
insert into espece_type values ( 129,2 );
insert into espece_type values ( 130,0 );
insert into espece_type values ( 131,12 );
insert into espece_type values ( 132,8 );
insert into espece_type values ( 133,3 );
insert into espece_type values ( 134,10 );
insert into espece_type values ( 135,9 );
insert into espece_type values ( 136,5 );
insert into espece_type values ( 137,9 );
insert into espece_type values ( 138,1 );
insert into espece_type values ( 139,2 );
insert into espece_type values ( 140,5 );
insert into espece_type values ( 141,10 );
insert into espece_type values ( 98,0 );
insert into espece_type values ( 139,1 );
insert into espece_type values ( 45,2 );
insert into espece_type values ( 98,3 );
insert into espece_type values ( 114,4 );
insert into espece_type values ( 79,5 );
insert into espece_type values ( 27,6 );
insert into espece_type values ( 44,7 );
insert into espece_type values ( 66,8 );
insert into espece_type values ( 71,9 );
insert into espece_type values ( 31,10 );
insert into espece_type values ( 86,11 );
insert into espece_type values ( 15,12 );
insert into espece_type values ( 9,13 );
insert into espece_type values ( 54,14 );
insert into espece_type values ( 98,15 );
insert into espece_type values ( 34,16 );
insert into espece_zone values ( 0,18 );
insert into espece_zone values ( 1,39 );
insert into espece_zone values ( 2,3 );
insert into espece_zone values ( 3,31 );
insert into espece_zone values ( 4,72 );
insert into espece_zone values ( 5,12 );
insert into espece_zone values ( 6,18 );
insert into espece_zone values ( 7,34 );
insert into espece_zone values ( 8,51 );
insert into espece_zone values ( 9,5 );
insert into espece_zone values ( 10,5 );
insert into espece_zone values ( 11,52 );
insert into espece_zone values ( 12,5 );
insert into espece_zone values ( 13,56 );
insert into espece_zone values ( 14,29 );
insert into espece_zone values ( 15,0 );
insert into espece_zone values ( 16,71 );
insert into espece_zone values ( 17,76 );
insert into espece_zone values ( 18,28 );
insert into espece_zone values ( 19,37 );
insert into espece_zone values ( 20,39 );
insert into espece_zone values ( 21,43 );
insert into espece_zone values ( 22,44 );
insert into espece_zone values ( 23,64 );
insert into espece_zone values ( 24,59 );
insert into espece_zone values ( 25,49 );
insert into espece_zone values ( 26,7 );
insert into espece_zone values ( 27,53 );
insert into espece_zone values ( 28,74 );
insert into espece_zone values ( 29,57 );
insert into espece_zone values ( 30,24 );
insert into espece_zone values ( 31,53 );
insert into espece_zone values ( 32,57 );
insert into espece_zone values ( 33,42 );
insert into espece_zone values ( 34,37 );
insert into espece_zone values ( 35,19 );
insert into espece_zone values ( 36,39 );
insert into espece_zone values ( 37,72 );
insert into espece_zone values ( 38,21 );
insert into espece_zone values ( 39,24 );
insert into espece_zone values ( 40,51 );
insert into espece_zone values ( 41,43 );
insert into espece_zone values ( 42,50 );
insert into espece_zone values ( 43,2 );
insert into espece_zone values ( 44,40 );
insert into espece_zone values ( 45,43 );
insert into espece_zone values ( 46,28 );
insert into espece_zone values ( 47,42 );
insert into espece_zone values ( 48,33 );
insert into espece_zone values ( 49,39 );
insert into espece_zone values ( 50,66 );
insert into espece_zone values ( 51,67 );
insert into espece_zone values ( 52,56 );
insert into espece_zone values ( 53,78 );
insert into espece_zone values ( 54,31 );
insert into espece_zone values ( 55,38 );
insert into espece_zone values ( 56,10 );
insert into espece_zone values ( 57,77 );
insert into espece_zone values ( 58,51 );
insert into espece_zone values ( 59,50 );
insert into espece_zone values ( 60,34 );
insert into espece_zone values ( 61,60 );
insert into espece_zone values ( 62,66 );
insert into espece_zone values ( 63,38 );
insert into espece_zone values ( 64,76 );
insert into espece_zone values ( 65,80 );
insert into espece_zone values ( 66,12 );
insert into espece_zone values ( 67,20 );
insert into espece_zone values ( 68,65 );
insert into espece_zone values ( 69,74 );
insert into espece_zone values ( 70,52 );
insert into espece_zone values ( 71,32 );
insert into espece_zone values ( 72,71 );
insert into espece_zone values ( 73,24 );
insert into espece_zone values ( 74,70 );
insert into espece_zone values ( 75,80 );
insert into espece_zone values ( 76,16 );
insert into espece_zone values ( 77,1 );
insert into espece_zone values ( 78,43 );
insert into espece_zone values ( 79,69 );
insert into espece_zone values ( 80,9 );
insert into espece_zone values ( 81,12 );
insert into espece_zone values ( 82,49 );
insert into espece_zone values ( 83,62 );
insert into espece_zone values ( 84,22 );
insert into espece_zone values ( 85,2 );
insert into espece_zone values ( 86,12 );
insert into espece_zone values ( 87,39 );
insert into espece_zone values ( 88,76 );
insert into espece_zone values ( 89,18 );
insert into espece_zone values ( 90,11 );
insert into espece_zone values ( 91,47 );
insert into espece_zone values ( 92,58 );
insert into espece_zone values ( 93,74 );
insert into espece_zone values ( 94,48 );
insert into espece_zone values ( 95,57 );
insert into espece_zone values ( 96,73 );
insert into espece_zone values ( 97,56 );
insert into espece_zone values ( 98,48 );
insert into espece_zone values ( 99,24 );
insert into espece_zone values ( 100,79 );
insert into espece_zone values ( 101,66 );
insert into espece_zone values ( 102,19 );
insert into espece_zone values ( 103,13 );
insert into espece_zone values ( 104,75 );
insert into espece_zone values ( 105,8 );
insert into espece_zone values ( 106,43 );
insert into espece_zone values ( 107,47 );
insert into espece_zone values ( 108,33 );
insert into espece_zone values ( 109,9 );
insert into espece_zone values ( 110,18 );
insert into espece_zone values ( 111,77 );
insert into espece_zone values ( 112,73 );
insert into espece_zone values ( 113,22 );
insert into espece_zone values ( 114,19 );
insert into espece_zone values ( 115,31 );
insert into espece_zone values ( 116,49 );
insert into espece_zone values ( 117,80 );
insert into espece_zone values ( 118,44 );
insert into espece_zone values ( 119,68 );
insert into espece_zone values ( 120,8 );
insert into espece_zone values ( 121,14 );
insert into espece_zone values ( 122,36 );
insert into espece_zone values ( 123,76 );
insert into espece_zone values ( 124,76 );
insert into espece_zone values ( 125,60 );
insert into espece_zone values ( 126,79 );
insert into espece_zone values ( 127,72 );
insert into espece_zone values ( 128,20 );
insert into espece_zone values ( 129,7 );
insert into espece_zone values ( 130,63 );
insert into espece_zone values ( 131,29 );
insert into espece_zone values ( 132,68 );
insert into espece_zone values ( 133,22 );
insert into espece_zone values ( 134,2 );
insert into espece_zone values ( 135,78 );
insert into espece_zone values ( 136,47 );
insert into espece_zone values ( 137,64 );
insert into espece_zone values ( 138,27 );
insert into espece_zone values ( 139,34 );
insert into espece_zone values ( 140,37 );
insert into espece_zone values ( 141,43 );
insert into espece_zone values ( 14,0 );
insert into espece_zone values ( 122,1 );
insert into espece_zone values ( 15,2 );
insert into espece_zone values ( 109,3 );
insert into espece_zone values ( 128,4 );
insert into espece_zone values ( 106,5 );
insert into espece_zone values ( 121,6 );
insert into espece_zone values ( 127,7 );
insert into espece_zone values ( 15,8 );
insert into espece_zone values ( 57,9 );
insert into espece_zone values ( 28,10 );
insert into espece_zone values ( 81,11 );
insert into espece_zone values ( 46,12 );
insert into espece_zone values ( 74,13 );
insert into espece_zone values ( 30,14 );
insert into espece_zone values ( 38,15 );
insert into espece_zone values ( 100,16 );
insert into espece_zone values ( 42,17 );
insert into espece_zone values ( 27,18 );
insert into espece_zone values ( 9,19 );
insert into espece_zone values ( 94,21 );
insert into espece_zone values ( 107,22 );
insert into espece_zone values ( 49,23 );
insert into espece_zone values ( 129,24 );
insert into espece_zone values ( 46,25 );
insert into espece_zone values ( 78,26 );
insert into espece_zone values ( 55,27 );
insert into espece_zone values ( 20,28 );
insert into espece_zone values ( 38,29 );
insert into espece_zone values ( 32,30 );
insert into espece_zone values ( 128,31 );
insert into espece_zone values ( 109,32 );
insert into espece_zone values ( 129,33 );
insert into espece_zone values ( 86,34 );
insert into espece_zone values ( 39,35 );
insert into espece_zone values ( 24,36 );
insert into espece_zone values ( 57,37 );
insert into espece_zone values ( 35,38 );
insert into espece_zone values ( 94,39 );
insert into espece_zone values ( 46,40 );
insert into espece_zone values ( 131,41 );
insert into espece_zone values ( 125,42 );
insert into espece_zone values ( 24,43 );
insert into espece_zone values ( 88,44 );
insert into espece_zone values ( 56,45 );
insert into espece_zone values ( 83,46 );
insert into espece_zone values ( 121,47 );
insert into espece_zone values ( 23,48 );
insert into espece_zone values ( 98,49 );
insert into espece_zone values ( 22,50 );
insert into espece_zone values ( 133,51 );
insert into espece_zone values ( 58,52 );
insert into espece_zone values ( 104,53 );
insert into espece_zone values ( 14,54 );
insert into espece_zone values ( 72,55 );
insert into espece_zone values ( 63,57 );
insert into espece_zone values ( 118,58 );
insert into espece_zone values ( 0,59 );
insert into espece_zone values ( 118,60 );
insert into espece_zone values ( 136,61 );
insert into espece_zone values ( 114,62 );
insert into espece_zone values ( 99,63 );
insert into espece_zone values ( 106,64 );
insert into espece_zone values ( 82,65 );
insert into espece_zone values ( 47,66 );
insert into espece_zone values ( 10,67 );
insert into espece_zone values ( 125,68 );
insert into espece_zone values ( 22,69 );
insert into espece_zone values ( 82,70 );
insert into espece_zone values ( 138,71 );
insert into espece_zone values ( 1,72 );
insert into espece_zone values ( 32,73 );
insert into espece_zone values ( 88,74 );
insert into espece_zone values ( 135,75 );
insert into espece_zone values ( 128,76 );
insert into espece_zone values ( 14,77 );
insert into espece_zone values ( 141,78 );
insert into espece_zone values ( 123,79 );
insert into espece_zone values ( 51,80 );
insert into monstropoche_attaque values ( 0,18 );
insert into monstropoche_attaque values ( 1,11 );
insert into monstropoche_attaque values ( 2,10 );
insert into monstropoche_attaque values ( 3,25 );
insert into monstropoche_attaque values ( 4,1 );
insert into monstropoche_attaque values ( 5,0 );
insert into monstropoche_attaque values ( 6,6 );
insert into monstropoche_attaque values ( 7,8 );
insert into monstropoche_attaque values ( 8,3 );
insert into monstropoche_attaque values ( 9,4 );
insert into monstropoche_attaque values ( 10,3 );
insert into monstropoche_attaque values ( 11,2 );
insert into monstropoche_attaque values ( 12,4 );
insert into monstropoche_attaque values ( 13,3 );
insert into monstropoche_attaque values ( 14,12 );
insert into monstropoche_attaque values ( 15,16 );
insert into monstropoche_attaque values ( 16,24 );
insert into monstropoche_attaque values ( 17,27 );
insert into monstropoche_attaque values ( 18,13 );
insert into monstropoche_attaque values ( 19,3 );
insert into monstropoche_attaque values ( 20,25 );
insert into monstropoche_attaque values ( 21,22 );
insert into monstropoche_attaque values ( 22,1 );
insert into monstropoche_attaque values ( 23,26 );
insert into monstropoche_attaque values ( 24,5 );
insert into monstropoche_attaque values ( 25,16 );
insert into monstropoche_attaque values ( 26,25 );
insert into monstropoche_attaque values ( 27,10 );
insert into monstropoche_attaque values ( 28,21 );
insert into monstropoche_attaque values ( 29,22 );
insert into monstropoche_attaque values ( 30,10 );
insert into monstropoche_attaque values ( 31,14 );
insert into monstropoche_attaque values ( 32,9 );
insert into monstropoche_attaque values ( 33,22 );
insert into monstropoche_attaque values ( 34,11 );
insert into monstropoche_attaque values ( 35,21 );
insert into monstropoche_attaque values ( 36,10 );
insert into monstropoche_attaque values ( 37,25 );
insert into monstropoche_attaque values ( 38,2 );
insert into monstropoche_attaque values ( 39,5 );
insert into monstropoche_attaque values ( 40,18 );
insert into monstropoche_attaque values ( 41,12 );
insert into monstropoche_attaque values ( 42,6 );
insert into monstropoche_attaque values ( 43,12 );
insert into monstropoche_attaque values ( 44,18 );
insert into monstropoche_attaque values ( 45,17 );
insert into monstropoche_attaque values ( 46,2 );
insert into monstropoche_attaque values ( 47,11 );
insert into monstropoche_attaque values ( 48,2 );
insert into monstropoche_attaque values ( 49,19 );
insert into monstropoche_attaque values ( 50,20 );
insert into monstropoche_attaque values ( 51,21 );
insert into monstropoche_attaque values ( 52,3 );
insert into monstropoche_attaque values ( 53,5 );
insert into monstropoche_attaque values ( 54,19 );
insert into monstropoche_attaque values ( 55,6 );
insert into monstropoche_attaque values ( 56,21 );
insert into monstropoche_attaque values ( 57,5 );
insert into monstropoche_attaque values ( 58,14 );
insert into monstropoche_attaque values ( 59,3 );
insert into monstropoche_attaque values ( 60,21 );
insert into monstropoche_attaque values ( 61,22 );
insert into monstropoche_attaque values ( 62,5 );
insert into monstropoche_attaque values ( 63,4 );
insert into monstropoche_attaque values ( 64,18 );
insert into monstropoche_attaque values ( 65,6 );
insert into monstropoche_attaque values ( 66,14 );
insert into monstropoche_attaque values ( 67,8 );
insert into monstropoche_attaque values ( 68,27 );
insert into monstropoche_attaque values ( 69,16 );
insert into monstropoche_attaque values ( 70,4 );
insert into monstropoche_attaque values ( 71,2 );
insert into monstropoche_attaque values ( 72,7 );
insert into monstropoche_attaque values ( 73,22 );
insert into monstropoche_attaque values ( 74,25 );
insert into monstropoche_attaque values ( 75,1 );
insert into monstropoche_attaque values ( 76,0 );
insert into monstropoche_attaque values ( 77,27 );
insert into monstropoche_attaque values ( 78,23 );
insert into monstropoche_attaque values ( 79,24 );
insert into monstropoche_attaque values ( 80,6 );
insert into monstropoche_attaque values ( 81,11 );
insert into monstropoche_attaque values ( 82,10 );
insert into monstropoche_attaque values ( 83,10 );
insert into monstropoche_attaque values ( 84,15 );
insert into monstropoche_attaque values ( 85,1 );
insert into monstropoche_attaque values ( 86,18 );
insert into monstropoche_attaque values ( 87,10 );
insert into monstropoche_attaque values ( 88,4 );
insert into monstropoche_attaque values ( 89,25 );
insert into monstropoche_attaque values ( 90,7 );
insert into monstropoche_attaque values ( 91,16 );
insert into monstropoche_attaque values ( 92,22 );
insert into monstropoche_attaque values ( 93,2 );
insert into monstropoche_attaque values ( 94,17 );
insert into monstropoche_attaque values ( 95,4 );
insert into monstropoche_attaque values ( 96,7 );
insert into monstropoche_attaque values ( 97,20 );
insert into monstropoche_attaque values ( 98,15 );
insert into monstropoche_attaque values ( 99,26 );
insert into monstropoche_attaque values ( 79,0 );
insert into monstropoche_attaque values ( 36,1 );
insert into monstropoche_attaque values ( 1,2 );
insert into monstropoche_attaque values ( 60,3 );
insert into monstropoche_attaque values ( 64,4 );
insert into monstropoche_attaque values ( 73,5 );
insert into monstropoche_attaque values ( 50,6 );
insert into monstropoche_attaque values ( 29,7 );
insert into monstropoche_attaque values ( 86,8 );
insert into monstropoche_attaque values ( 90,9 );
insert into monstropoche_attaque values ( 55,10 );
insert into monstropoche_attaque values ( 35,11 );
insert into monstropoche_attaque values ( 55,12 );
insert into monstropoche_attaque values ( 68,13 );
insert into monstropoche_attaque values ( 82,14 );
insert into monstropoche_attaque values ( 16,15 );
insert into monstropoche_attaque values ( 73,16 );
insert into monstropoche_attaque values ( 10,17 );
insert into monstropoche_attaque values ( 8,18 );
insert into monstropoche_attaque values ( 63,19 );
insert into monstropoche_attaque values ( 52,20 );
insert into monstropoche_attaque values ( 49,21 );
insert into monstropoche_attaque values ( 30,22 );
insert into monstropoche_attaque values ( 13,23 );
insert into monstropoche_attaque values ( 10,24 );
insert into monstropoche_attaque values ( 62,25 );
insert into monstropoche_attaque values ( 82,26 );
insert into monstropoche_attaque values ( 96,27 );
insert into monstropoche_attaque values ( 4,28 );
