drop table monstropoche_attaque;
drop table espece_zone;
drop table espece_type;
drop table objet_zone;
drop table monstropoche;
drop table espece;
drop table etat;
drop table type;
drop table genre;
drop table objet;
drop table attaque;
drop table zone;
drop table proprietaire;

create table proprietaire (id int not null, nom varchar(255) not null, primary key(id));
create table attaque (id int not null, nom varchar(255) not null, puissance int not null, perequis int not null, precizion int not null, primary key(id));
create table zone (id int not null, nom varchar(255) not null, primary key(id));
create table objet (id int not null, nom varchar(255) not null, est_unique number(1) not null, est_offensif number(1), est_evoluant number(1), primary key(id));
create table genre (id int not null, femelle number(1) not null, male number(1) not null, primary key(id));
create table type (id int not null, nom varchar(255) not null, primary key(id));
create table etat (id int not null, nom varchar(255) not null, primary key(id));
create table espece (id int not null, objet_id int, source_id int, nom varchar(255) not null, constraint fk_espece_objet foreign key (objet_id) references objet(id), constraint fk_espece_espece foreign key (source_id) references espece(id), primary key(id));
create table monstropoche (id int not null, surnom varchar(255) not null, proprietaire_id int, genre_id int not null, etat_id int not null, objet_id int, espece_id int not null, pv int not null, pe int not null, pv_actuel int not null, constraint fk_monstropoche_proprietaire foreign key (proprietaire_id) references proprietaire(id), constraint fk_monstropoche_genre foreign key (genre_id) references genre(id), constraint fk_monstropoche_etat foreign key (etat_id) references etat(id), constraint fk_monstropoche_objet foreign key (objet_id) references objet(id), constraint fk_monstropoche_espece foreign key (espece_id) references espece(id), primary key(id));
create table objet_zone (objet_id int not null, zone_id int not null, constraint fk_objet_zone_objet foreign key (objet_id) references objet(id), constraint fk_objet_zone_zone foreign key (zone_id) references zone(id), primary key(objet_id, zone_id));
create table espece_type (espece_id int not null, type_id int not null, constraint fk_espece_type_espece foreign key (espece_id) references espece(id), constraint fk_espece_type_type foreign key (type_id) references type(id), primary key(espece_id, type_id));
create table espece_zone (espece_id int not null, zone_id int not null, constraint fk_espece_zone_espece foreign key (espece_id) references espece(id), constraint fk_espece_zone_zone foreign key (zone_id) references zone(id), primary key(espece_id, zone_id));
create table monstropoche_attaque (monstropoche_id int not null, attaque_id int not null, constraint fk_monstropoche_attaque_m foreign key (monstropoche_id) references monstropoche(id), constraint fk_monstropoche_attaque_a foreign key (attaque_id) references attaque(id), primary key(monstropoche_id, attaque_id));

delete from monstropoche_attaque;
delete from espece_zone;
delete from espece_type;
delete from objet_zone;
delete from monstropoche;
delete from espece;
delete from etat;
delete from type;
delete from genre;
delete from objet;
delete from attaque;
delete from zone;
delete from proprietaire;

insert into proprietaire values ( 0,'Maeva Joly' );
insert into proprietaire values ( 1,'Maëlle Martinez' );
insert into proprietaire values ( 2,'Maeva Picard V' );
insert into proprietaire values ( 3,'Tom Le roux' );
insert into proprietaire values ( 4,'Gabriel Meyer' );
insert into proprietaire values ( 5,'Lena Lopez' );
insert into proprietaire values ( 6,'Alexis Le roux' );
insert into proprietaire values ( 7,'Lilou Pons' );
insert into proprietaire values ( 8,'Léo Adam' );
insert into proprietaire values ( 9,'Lisa Morel' );
insert into proprietaire values ( 10,'Julie Menard Jr.' );
insert into proprietaire values ( 11,'Mohamed Joly' );
insert into proprietaire values ( 12,'Enzo Chevalier' );
insert into proprietaire values ( 13,'Maxime Aubry' );
insert into proprietaire values ( 14,'Mattéo Perrot' );
insert into proprietaire values ( 15,'Lilou Picard' );
insert into proprietaire values ( 16,'Clément Michel' );
insert into proprietaire values ( 17,'Mathilde Marchal' );
insert into proprietaire values ( 18,'Marie Fleury' );
insert into proprietaire values ( 19,'Adam Vasseur' );
insert into proprietaire values ( 20,'Tom Michel' );
insert into proprietaire values ( 21,'Théo Meyer' );
insert into proprietaire values ( 22,'Jade Giraud' );
insert into proprietaire values ( 23,'Noémie Bernard' );
insert into proprietaire values ( 24,'Antoine Dufour I' );
insert into proprietaire values ( 25,'Yanis Benoit' );
insert into proprietaire values ( 26,'Camille Caron' );
insert into proprietaire values ( 27,'Charlotte Vasseur' );
insert into proprietaire values ( 28,'Emilie Breton' );
insert into proprietaire values ( 29,'Chloé Lemoine' );
insert into proprietaire values ( 30,'Louna Aubry' );
insert into proprietaire values ( 31,'Ambre Dumas' );
insert into proprietaire values ( 32,'Clara Bonnet IV' );
insert into proprietaire values ( 33,'Maeva Fabre' );
insert into proprietaire values ( 34,'Hugo Menard' );
insert into proprietaire values ( 35,'Mohamed Guillaume' );
insert into proprietaire values ( 36,'Arthur Fleury' );
insert into proprietaire values ( 37,'Dr Pauline Marty' );
insert into proprietaire values ( 38,'Romain Lecomte DDS' );
insert into proprietaire values ( 39,'Eva Colin' );
insert into proprietaire values ( 40,'Océane Fournier' );
insert into proprietaire values ( 41,'Sarah Roussel' );
insert into proprietaire values ( 42,'Mme Gabriel Berger' );
insert into proprietaire values ( 43,'Maëlys Fleury' );
insert into proprietaire values ( 44,'Nicolas Guyot' );
insert into proprietaire values ( 45,'Louna Renault' );
insert into proprietaire values ( 46,'Lou Francois' );
insert into proprietaire values ( 47,'Mael Philippe' );
insert into proprietaire values ( 48,'Mme Maxime Leclercq' );
insert into proprietaire values ( 49,'Julien Le roux' );
insert into proprietaire values ( 50,'Ines Nicolas' );
insert into proprietaire values ( 51,'Mélissa Masson' );
insert into proprietaire values ( 52,'Eva Jean' );
insert into proprietaire values ( 53,'Enzo Barbier III' );
insert into proprietaire values ( 54,'Noémie Fabre' );
insert into proprietaire values ( 55,'Alicia Caron' );
insert into proprietaire values ( 56,'Lena Gautier' );
insert into proprietaire values ( 57,'Jade Marty' );
insert into proprietaire values ( 58,'Valentin Bourgeois' );
insert into proprietaire values ( 59,'Thomas Laine' );
insert into proprietaire values ( 60,'Tom Guyot III' );
insert into proprietaire values ( 61,'Dr Louis Francois' );
insert into proprietaire values ( 62,'Nathan Laurent' );
insert into proprietaire values ( 63,'Quentin Picard' );
insert into proprietaire values ( 64,'Enzo Leclercq IV' );
insert into proprietaire values ( 65,'Pauline Boyer' );
insert into proprietaire values ( 66,'Prof Pierre Dupont' );
insert into proprietaire values ( 67,'Evan Carre DVM' );
insert into proprietaire values ( 68,'Sacha Pons' );
insert into proprietaire values ( 69,'Lola Gaillard' );
insert into proprietaire values ( 70,'Maëlys Fernandez' );
insert into proprietaire values ( 71,'Gabriel Dumas' );
insert into proprietaire values ( 72,'Ambre Rey PhD' );
insert into proprietaire values ( 73,'Ines Thomas' );
insert into proprietaire values ( 74,'Noémie Meyer' );
insert into proprietaire values ( 75,'M Maxime Renaud' );
insert into proprietaire values ( 76,'Juliette Dupont' );
insert into proprietaire values ( 77,'Mlle Lou Fontaine' );
insert into proprietaire values ( 78,'Justine Lambert' );
insert into proprietaire values ( 79,'Louna Paris' );
insert into proprietaire values ( 80,'Sacha Marie' );
insert into proprietaire values ( 81,'Ambre Perez' );
insert into proprietaire values ( 82,'Julie Lambert' );
insert into proprietaire values ( 83,'Raphaël Robert' );
insert into proprietaire values ( 84,'Mme Tom Marchal' );
insert into proprietaire values ( 85,'Charlotte Moulin' );
insert into proprietaire values ( 86,'Yanis Fabre' );
insert into proprietaire values ( 87,'Camille Brunet' );
insert into proprietaire values ( 88,'Anaïs Fabre' );
insert into proprietaire values ( 89,'Ambre Fournier' );
insert into proprietaire values ( 90,'Mathilde Dumas V' );
insert into proprietaire values ( 91,'Romain Dupont' );
insert into proprietaire values ( 92,'M Valentin Leroy' );
insert into proprietaire values ( 93,'Mme Célia Guerin' );
insert into proprietaire values ( 94,'Louise Schneider Jr.' );
insert into proprietaire values ( 95,'Prof Alice Lucas' );
insert into proprietaire values ( 96,'Julien Aubert' );
insert into proprietaire values ( 97,'Adam Gerard' );
insert into proprietaire values ( 98,'Dr Maëlys Rodriguez' );
insert into proprietaire values ( 99,'M Axel Richard' );
insert into zone values ( 0,'Kenya' );
insert into zone values ( 1,'Dominica' );
insert into zone values ( 2,'Kuwait' );
insert into zone values ( 3,'Greenland' );
insert into zone values ( 4,'San Marino' );
insert into zone values ( 5,'India' );
insert into zone values ( 6,'Cuba' );
insert into zone values ( 7,'Micronesia' );
insert into zone values ( 8,'Palestinian Territory' );
insert into zone values ( 9,'Macedonia' );
insert into zone values ( 10,'United States of America' );
insert into zone values ( 11,'Tuvalu' );
insert into zone values ( 12,'Reunion' );
insert into zone values ( 13,'Anguilla' );
insert into zone values ( 14,'Burkina Faso' );
insert into zone values ( 15,'Vietnam' );
insert into zone values ( 16,'Falkland Islands (Malvinas)' );
insert into zone values ( 17,'Isle of Man' );
insert into zone values ( 18,'Ecuador' );
insert into zone values ( 19,'Botswana' );
insert into zone values ( 20,'Mayotte' );
insert into zone values ( 21,'Malawi' );
insert into zone values ( 22,'Vanuatu' );
insert into zone values ( 23,'Puerto Rico' );
insert into zone values ( 24,'Myanmar' );
insert into zone values ( 25,'Guinea' );
insert into zone values ( 26,'Lesotho' );
insert into zone values ( 27,'Italy' );
insert into zone values ( 28,'Netherlands' );
insert into zone values ( 29,'Lebanon' );
insert into zone values ( 30,'Mozambique' );
insert into zone values ( 31,'Sweden' );
insert into zone values ( 32,'Pitcairn Islands' );
insert into zone values ( 33,'Sao Tome and Principe' );
insert into zone values ( 34,'Nicaragua' );
insert into zone values ( 35,'Saint Pierre and Miquelon' );
insert into zone values ( 36,'Guyana' );
insert into zone values ( 37,'Aruba' );
insert into zone values ( 38,'Faroe Islands' );
insert into zone values ( 39,'Barbados' );
insert into zone values ( 40,'Djibouti' );
insert into zone values ( 41,'Australia' );
insert into zone values ( 42,'Qatar' );
insert into zone values ( 43,'Moldova' );
insert into zone values ( 44,'Madagascar' );
insert into zone values ( 45,'Tanzania' );
insert into zone values ( 46,'Congo' );
insert into zone values ( 47,'Jersey' );
insert into zone values ( 48,'Senegal' );
insert into zone values ( 49,'Gambia' );
insert into zone values ( 50,'American Samoa' );
insert into zone values ( 51,'Syrian Arab Republic' );
insert into zone values ( 52,'Liberia' );
insert into zone values ( 53,'Christmas Island' );
insert into zone values ( 54,'Sierra Leone' );
insert into zone values ( 55,'Palau' );
insert into zone values ( 56,'Taiwan' );
insert into zone values ( 57,'Jordan' );
insert into zone values ( 58,'Hungary' );
insert into zone values ( 59,'French Guiana' );
insert into zone values ( 60,'Angola' );
insert into zone values ( 61,'Saint Kitts and Nevis' );
insert into zone values ( 62,'Armenia' );
insert into zone values ( 63,'Cameroon' );
insert into zone values ( 64,'Mali' );
insert into zone values ( 65,'Cayman Islands' );
insert into zone values ( 66,'Montenegro' );
insert into zone values ( 67,'Tokelau' );
insert into zone values ( 68,'Indonesia' );
insert into zone values ( 69,'Antigua and Barbuda' );
insert into zone values ( 70,'Croatia' );
insert into zone values ( 71,'Turkey' );
insert into zone values ( 72,'Libyan Arab Jamahiriya' );
insert into zone values ( 73,'Bahamas' );
insert into zone values ( 74,'Bhutan' );
insert into zone values ( 75,'Ireland' );
insert into zone values ( 76,'Switzerland' );
insert into zone values ( 77,'Marshall Islands' );
insert into zone values ( 78,'Saudi Arabia' );
insert into zone values ( 79,'Comoros' );
insert into zone values ( 80,'China' );
insert into zone values ( 81,'Israel' );
insert into attaque values ( 0,'Triplattaque',244,72,100 );
insert into attaque values ( 1,'Escalade',238,98,72 );
insert into attaque values ( 2,'Morphing',6,86,78 );
insert into attaque values ( 3,'Vœu',17,9,6 );
insert into attaque values ( 4,'Grobisou',16,70,70 );
insert into attaque values ( 5,'Pilonnage',96,99,56 );
insert into attaque values ( 6,'Recyclage',168,63,9 );
insert into attaque values ( 7,'Regard Médusant',24,17,39 );
insert into attaque values ( 8,'E-Coque',129,17,82 );
insert into attaque values ( 9,'Constriction',215,62,74 );
insert into attaque values ( 10,'Picanon',248,89,73 );
insert into attaque values ( 11,'Uppercut',121,93,78 );
insert into attaque values ( 12,'Coup de Main',10,43,23 );
insert into attaque values ( 13,'Flash',132,2,52 );
insert into attaque values ( 14,'Conversion',203,12,30 );
insert into attaque values ( 15,'Affûtage',35,70,5 );
insert into attaque values ( 16,'Croc de Mort',212,46,94 );
insert into attaque values ( 17,'Par Ici',210,87,51 );
insert into attaque values ( 18,'Attrition',82,34,39 );
insert into attaque values ( 19,'Force-Nature',77,11,3 );
insert into attaque values ( 20,'Combo-Griffe',209,50,0 );
insert into attaque values ( 21,'Explosion',34,29,84 );
insert into attaque values ( 22,'Trempette',170,18,12 );
insert into attaque values ( 23,'Exuviation',20,92,40 );
insert into attaque values ( 24,'CoudKrâne',189,92,53 );
insert into attaque values ( 25,'Météores',196,8,31 );
insert into attaque values ( 26,'Relais',213,34,15 );
insert into attaque values ( 27,'Rengorgement',17,71,66 );
insert into attaque values ( 28,'BoulArmure',0,54,11 );
insert into objet values ( 0,'Défense +',0,0,0 );
insert into objet values ( 1,'Muscle +',0,0,0 );
insert into objet values ( 2,'Défense Spéc',0,0,0 );
insert into objet values ( 3,'Déf. Spé. +',0,0,0 );
insert into objet values ( 4,'Attaque +',0,0,0 );
insert into objet values ( 5,'Spécial +',0,0,0 );
insert into objet values ( 6,'Précision +',0,0,0 );
insert into objet values ( 7,'Vitesse +',0,0,0 );
insert into objet values ( 8,'Baie Tamato',0,0,0 );
insert into objet values ( 9,'Baie Résin',0,0,0 );
insert into objet values ( 10,'Baie Lonme',0,0,0 );
insert into objet values ( 11,'Baie Qualot',0,0,0 );
insert into objet values ( 12,'Baie Alga',0,0,0 );
insert into objet values ( 13,'Baie Grena',0,0,0 );
insert into objet values ( 14,'Baie Mepo',0,0,0 );
insert into objet values ( 15,'Baie Willia',0,0,0 );
insert into objet values ( 16,'Baie Fraive',0,0,0 );
insert into objet values ( 17,'Baie Pêcha',0,0,0 );
insert into objet values ( 18,'Baie Maron',0,0,0 );
insert into objet values ( 19,'Baie Oran',0,0,0 );
insert into genre values ( 0,0,0 );
insert into genre values ( 1,0,1 );
insert into genre values ( 2,1,1 );
insert into genre values ( 3,1,0 );
insert into type values ( 0,'Glace' );
insert into type values ( 1,'Dragon' );
insert into type values ( 2,'Sol' );
insert into type values ( 3,'Plante' );
insert into type values ( 4,'Feu' );
insert into type values ( 5,'Eau' );
insert into type values ( 6,'Électrique' );
insert into type values ( 7,'Psy' );
insert into type values ( 8,'Spectre' );
insert into type values ( 9,'Ténèbre' );
insert into type values ( 10,'Fée' );
insert into type values ( 11,'Acier' );
insert into type values ( 12,'Poison' );
insert into type values ( 13,'Roche' );
insert into type values ( 14,'Combat' );
insert into type values ( 15,'Insecte' );
insert into type values ( 16,'Normal' );
insert into etat values ( 0,'Mission' );
insert into etat values ( 1,'Repos' );
insert into etat values ( 2,'Reproduction' );
insert into espece values ( 0,4,null,'Bulbizarre' );
insert into espece values ( 1,4,null,'Chenipan' );
insert into espece values ( 2,null,null,'Voltorbe' );
insert into espece values ( 3,null,null,'Électrode' );
insert into espece values ( 4,18,null,'Nœunœuf' );
insert into espece values ( 5,null,null,'Noadkoko' );
insert into espece values ( 6,null,null,'Osselait' );
insert into espece values ( 7,11,null,'Ossatueur' );
insert into espece values ( 8,10,null,'Kicklee' );
insert into espece values ( 9,2,null,'Tygnon' );
insert into espece values ( 10,null,null,'Excelangue' );
insert into espece values ( 11,null,null,'Smogo' );
insert into espece values ( 12,12,null,'Chrysacier' );
insert into espece values ( 13,15,null,'Smogogo' );
insert into espece values ( 14,null,null,'Rhinocorne' );
insert into espece values ( 15,null,null,'Rhinoféros' );
insert into espece values ( 16,5,null,'Leveinard' );
insert into espece values ( 17,null,null,'Saquedeneu' );
insert into espece values ( 18,null,null,'Kangourex' );
insert into espece values ( 19,13,null,'Hypotrempe' );
insert into espece values ( 20,null,null,'Hypocéan' );
insert into espece values ( 21,6,null,'Poissirène' );
insert into espece values ( 22,16,null,'Poissoroy' );
insert into espece values ( 23,6,null,'Papilusion' );
insert into espece values ( 24,null,null,'Stari' );
insert into espece values ( 25,3,null,'Staross' );
insert into espece values ( 26,null,null,'M.Mime' );
insert into espece values ( 27,null,null,'Insécateur' );
insert into espece values ( 28,5,null,'Lippoutou' );
insert into espece values ( 29,13,null,'Élektek' );
insert into espece values ( 30,12,null,'Magmar' );
insert into espece values ( 31,8,null,'Scarabrute' );
insert into espece values ( 32,null,null,'Tauros' );
insert into espece values ( 33,null,null,'Magicarpe' );
insert into espece values ( 34,0,null,'Aspicot' );
insert into espece values ( 35,0,null,'Léviator' );
insert into espece values ( 36,null,25,'Lokhlass' );
insert into espece values ( 37,null,null,'Métamorph' );
insert into espece values ( 38,null,null,'Évoli' );
insert into espece values ( 39,null,null,'Aquali' );
insert into espece values ( 40,6,34,'Voltali' );
insert into espece values ( 41,4,null,'Pyroli' );
insert into espece values ( 42,null,null,'Porygon' );
insert into espece values ( 43,null,null,'Amonita' );
insert into espece values ( 44,null,null,'Amonistar' );
insert into espece values ( 45,null,null,'Coconfort' );
insert into espece values ( 46,4,null,'Kabuto' );
insert into espece values ( 47,17,null,'Kabutops' );
insert into espece values ( 48,null,null,'Ptéra' );
insert into espece values ( 49,null,null,'Ronflex' );
insert into espece values ( 50,null,null,'Artikodin' );
insert into espece values ( 51,14,16,'Électhor' );
insert into espece values ( 52,null,null,'Sulfura' );
insert into espece values ( 53,null,null,'Minidraco' );
insert into espece values ( 54,null,null,'Draco' );
insert into espece values ( 55,null,null,'Dracolosse' );
insert into espece values ( 56,null,28,'Dardargnan' );
insert into espece values ( 57,null,null,'Mewtwo' );
insert into espece values ( 58,16,null,'Mew' );
insert into espece values ( 59,3,null,'Roucool' );
insert into espece values ( 60,8,53,'Roucoups' );
insert into espece values ( 61,11,null,'Roucarnage' );
insert into espece values ( 62,null,null,'Rattata' );
insert into espece values ( 63,6,null,'Herbizarre' );
insert into espece values ( 64,18,null,'Rattatac' );
insert into espece values ( 65,13,null,'Piafabec' );
insert into espece values ( 66,5,null,'Rapasdepic' );
insert into espece values ( 67,null,null,'Abo' );
insert into espece values ( 68,null,null,'Arbok' );
insert into espece values ( 69,null,null,'Pikachu' );
insert into espece values ( 70,0,null,'Raichu' );
insert into espece values ( 71,16,null,'Sabelette' );
insert into espece values ( 72,null,null,'Sablaireau' );
insert into espece values ( 73,null,null,'Nidoran♀' );
insert into espece values ( 74,null,null,'Florizarre' );
insert into espece values ( 75,null,null,'Nidorina' );
insert into espece values ( 76,12,null,'Nidoqueen' );
insert into espece values ( 77,0,null,'Nidoran♂' );
insert into espece values ( 78,8,null,'Nidorino' );
insert into espece values ( 79,null,39,'Nidoking' );
insert into espece values ( 80,null,null,'Mélofée' );
insert into espece values ( 81,2,40,'Mélodelfe' );
insert into espece values ( 82,null,81,'Feunard' );
insert into espece values ( 83,8,81,'Rondoudou' );
insert into espece values ( 84,0,null,'Salamèche' );
insert into espece values ( 85,null,null,'Grodoudou' );
insert into espece values ( 86,4,null,'Nosferapti' );
insert into espece values ( 87,16,null,'Nosferalto' );
insert into espece values ( 88,null,null,'Mystherbe' );
insert into espece values ( 89,16,null,'Ortide' );
insert into espece values ( 90,8,13,'Rafflesia' );
insert into espece values ( 91,6,null,'Paras' );
insert into espece values ( 92,15,null,'Parasect' );
insert into espece values ( 93,17,null,'Mimitoss' );
insert into espece values ( 94,null,null,'Aéromite' );
insert into espece values ( 95,9,null,'Reptincel' );
insert into espece values ( 96,null,null,'Taupiqueur' );
insert into espece values ( 97,null,null,'Triopikeur' );
insert into espece values ( 98,null,null,'Miaouss' );
insert into espece values ( 99,null,null,'Persian' );
insert into espece values ( 100,18,null,'Psykokwak' );
insert into espece values ( 101,null,null,'Akwakwak' );
insert into espece values ( 102,null,null,'Férosinge' );
insert into espece values ( 103,6,null,'Colossinge' );
insert into espece values ( 104,null,null,'Caninos' );
insert into espece values ( 105,0,null,'Arcanin' );
insert into espece values ( 106,null,null,'Dracaufeu' );
insert into espece values ( 107,null,null,'Ptitard' );
insert into espece values ( 108,17,null,'Têtarte' );
insert into espece values ( 109,null,43,'Tartard' );
insert into espece values ( 110,16,null,'Abra' );
insert into espece values ( 111,null,null,'Kadabra' );
insert into espece values ( 112,null,null,'Alakazam' );
insert into espece values ( 113,10,null,'Machoc' );
insert into espece values ( 114,4,null,'Machopeur' );
insert into espece values ( 115,null,null,'Mackogneur' );
insert into espece values ( 116,null,null,'Chétiflor' );
insert into espece values ( 117,null,null,'Carapuce' );
insert into espece values ( 118,15,null,'Boustiflor' );
insert into espece values ( 119,10,null,'Empiflor' );
insert into espece values ( 120,null,null,'Tentacool' );
insert into espece values ( 121,0,null,'Tentacruel' );
insert into espece values ( 122,15,null,'Racaillou' );
insert into espece values ( 123,14,92,'Gravalanch' );
insert into espece values ( 124,16,null,'Grolem' );
insert into espece values ( 125,null,null,'Ponyta' );
insert into espece values ( 126,null,null,'Galopa' );
insert into espece values ( 127,18,null,'Carabaffe' );
insert into espece values ( 128,18,null,'Flagadoss' );
insert into espece values ( 129,19,null,'Magnéton' );
insert into espece values ( 130,null,null,'Canarticho' );
insert into espece values ( 131,11,null,'Dodrio' );
insert into espece values ( 132,null,79,'Otaria' );
insert into espece values ( 133,8,null,'Tadmorv' );
insert into espece values ( 134,7,null,'Grotadmorv' );
insert into espece values ( 135,19,null,'Kokiyas' );
insert into espece values ( 136,8,null,'Crustabri' );
insert into espece values ( 137,null,null,'Spectrum' );
insert into espece values ( 138,null,null,'Ectoplasma' );
insert into espece values ( 139,null,122,'Soporifik' );
insert into espece values ( 140,null,null,'Hypnomade' );
insert into espece values ( 141,7,null,'Krabboss' );
insert into monstropoche values ( 0,'Marguerite.Connelly',null,2,1,17,137,54,60,32 );
insert into monstropoche values ( 1,'Ransom_Grant',null,0,2,17,41,18,53,0 );
insert into monstropoche values ( 2,'Lilyan_Treutel',null,3,1,7,23,25,90,6 );
insert into monstropoche values ( 3,'Itzel.Wyman',88,1,0,11,51,28,34,23 );
insert into monstropoche values ( 4,'Catharine_Corkery19',82,2,2,18,37,96,51,47 );
insert into monstropoche values ( 5,'Tiffany.Will',null,0,2,2,66,6,49,1 );
insert into monstropoche values ( 6,'Rudy44',33,3,0,15,40,37,50,25 );
insert into monstropoche values ( 7,'Gunner_Ruecker27',92,2,0,18,18,12,47,12 );
insert into monstropoche values ( 8,'Tristin36',null,3,2,2,81,75,78,32 );
insert into monstropoche values ( 9,'Ewell35',null,3,2,10,93,78,48,36 );
insert into monstropoche values ( 10,'Isaac.Bailey',null,1,1,17,136,34,18,12 );
insert into monstropoche values ( 11,'Sandy29',null,1,0,17,86,100,8,27 );
insert into monstropoche values ( 12,'Destini_Bayer6',27,1,2,19,125,100,77,56 );
insert into monstropoche values ( 13,'Barry2',1,1,1,14,5,14,76,8 );
insert into monstropoche values ( 14,'Magdalen_Swaniawski87',null,3,2,19,85,58,43,21 );
insert into monstropoche values ( 15,'Miles_Hilll9',58,2,0,4,22,27,79,12 );
insert into monstropoche values ( 16,'Dena_Ortiz17',null,2,1,9,57,88,26,88 );
insert into monstropoche values ( 17,'Alisa_Renner',null,1,0,3,25,18,78,10 );
insert into monstropoche values ( 18,'Adela_Purdy',82,1,1,9,73,54,79,11 );
insert into monstropoche values ( 19,'Consuelo_Balistreri',null,3,0,18,7,80,78,68 );
insert into monstropoche values ( 20,'Alba20',null,1,1,17,84,39,91,15 );
insert into monstropoche values ( 21,'Aniya.Gleichner60',null,2,0,18,0,95,63,54 );
insert into monstropoche values ( 22,'Marcel39',null,1,2,18,49,59,29,16 );
insert into monstropoche values ( 23,'Berneice45',17,1,2,13,67,49,100,39 );
insert into monstropoche values ( 24,'Milford.Hettinger20',null,1,2,17,61,34,67,25 );
insert into monstropoche values ( 25,'Tyson_Abbott2',null,1,2,8,129,85,6,43 );
insert into monstropoche values ( 26,'Brando.Wilkinson',37,2,0,16,110,36,40,11 );
insert into monstropoche values ( 27,'Bethel_Cruickshank',null,1,2,1,31,71,78,71 );
insert into monstropoche values ( 28,'Julius15',null,1,2,18,59,24,82,21 );
insert into monstropoche values ( 29,'Jayden.Schuster',null,2,0,18,127,61,69,38 );
insert into monstropoche values ( 30,'Zakary.McLaughlin',91,2,2,4,72,0,93,0 );
insert into monstropoche values ( 31,'Adell.Luettgen',null,3,2,7,136,76,20,76 );
insert into monstropoche values ( 32,'Candelario_Lynch',36,2,2,4,137,90,92,84 );
insert into monstropoche values ( 33,'Jameson.Durgan',null,0,2,3,50,76,30,2 );
insert into monstropoche values ( 34,'Don_Marquardt82',49,2,1,19,19,94,69,35 );
insert into monstropoche values ( 35,'Kaylah.Steuber83',null,0,0,4,139,69,2,10 );
insert into monstropoche values ( 36,'Rhett.Cartwright23',41,3,2,16,48,61,36,7 );
insert into monstropoche values ( 37,'Alden.Steuber84',null,2,1,14,84,14,87,0 );
insert into monstropoche values ( 38,'Gabriel8',null,2,2,12,71,23,77,19 );
insert into monstropoche values ( 39,'Annette29',null,0,1,8,105,75,57,64 );
insert into monstropoche values ( 40,'Steve_Doyle59',null,3,1,17,42,21,89,15 );
insert into monstropoche values ( 41,'Samson_Nolan1',null,0,2,13,16,59,6,39 );
insert into monstropoche values ( 42,'Amparo_Will',0,3,2,12,76,4,64,1 );
insert into monstropoche values ( 43,'Timmothy.Hermiston',61,2,1,13,69,61,35,36 );
insert into monstropoche values ( 44,'Nelda_Koelpin53',null,1,2,10,134,77,1,31 );
insert into monstropoche values ( 45,'Tod.Bashirian',null,3,2,11,84,49,52,46 );
insert into monstropoche values ( 46,'Frances.Kuhlman',null,1,2,19,69,51,82,46 );
insert into monstropoche values ( 47,'Alycia_Walter',27,3,2,13,77,35,38,0 );
insert into monstropoche values ( 48,'Alia.Hodkiewicz91',null,2,2,16,128,87,55,39 );
insert into monstropoche values ( 49,'Florine_Lebsack24',38,3,2,8,88,80,44,13 );
insert into monstropoche values ( 50,'Carissa41',null,1,2,12,7,83,78,21 );
insert into monstropoche values ( 51,'Jennifer_Heaney',51,0,0,2,115,37,47,11 );
insert into monstropoche values ( 52,'Otho69',45,3,1,2,93,81,19,43 );
insert into monstropoche values ( 53,'Davon23',null,3,0,17,124,92,47,30 );
insert into monstropoche values ( 54,'Mertie57',94,1,0,3,100,2,80,2 );
insert into monstropoche values ( 55,'Eusebio20',1,1,0,6,140,46,60,5 );
insert into monstropoche values ( 56,'Dayne.Shields32',31,1,0,4,84,25,98,16 );
insert into monstropoche values ( 57,'Cortney_Ratke11',18,3,2,10,36,4,19,1 );
insert into monstropoche values ( 58,'Julien.Wintheiser',null,3,2,5,83,32,82,12 );
insert into monstropoche values ( 59,'Melissa.Hills',38,2,0,6,136,38,58,21 );
insert into monstropoche values ( 60,'Bertram68',72,3,2,4,128,66,66,43 );
insert into monstropoche values ( 61,'Aidan_Grimes',null,0,1,13,101,83,73,22 );
insert into monstropoche values ( 62,'Murray26',null,1,1,8,34,46,42,44 );
insert into monstropoche values ( 63,'Terrill85',6,2,2,10,9,41,35,30 );
insert into monstropoche values ( 64,'Rose_Renner',41,0,1,2,119,61,21,34 );
insert into monstropoche values ( 65,'Joe.Bruen',33,2,0,11,93,56,74,26 );
insert into monstropoche values ( 66,'Lenore.Greenfelder37',null,2,0,14,107,17,11,15 );
insert into monstropoche values ( 67,'Gabrielle_Rippin55',null,1,2,15,2,98,4,2 );
insert into monstropoche values ( 68,'Donny.Bayer',51,1,0,0,111,76,84,51 );
insert into monstropoche values ( 69,'Florence_Little63',null,1,2,8,62,81,11,36 );
insert into monstropoche values ( 70,'Estell.Gerlach',null,1,0,5,108,57,0,20 );
insert into monstropoche values ( 71,'Megane_Schneider',null,1,2,6,63,99,60,44 );
insert into monstropoche values ( 72,'Braulio48',null,1,0,9,133,11,74,3 );
insert into monstropoche values ( 73,'Audrey.Kerluke',null,2,0,12,69,77,30,34 );
insert into monstropoche values ( 74,'Abby48',80,1,2,11,36,35,69,17 );
insert into monstropoche values ( 75,'Kailyn.Kuhic',5,0,1,9,93,59,13,31 );
insert into monstropoche values ( 76,'Nolan_Weimann76',null,2,1,10,84,17,9,5 );
insert into monstropoche values ( 77,'Clinton_Huels',69,0,0,8,140,12,15,12 );
insert into monstropoche values ( 78,'Erick_VonRueden',74,2,0,5,28,28,100,6 );
insert into monstropoche values ( 79,'Johnathon_Zboncak88',25,3,2,5,101,55,76,38 );
insert into monstropoche values ( 80,'Hugh.Zulauf',80,3,0,1,130,16,15,15 );
insert into monstropoche values ( 81,'Jed24',99,1,0,1,135,37,92,19 );
insert into monstropoche values ( 82,'Bailey_Wehner',null,3,2,5,14,83,42,67 );
insert into monstropoche values ( 83,'Victoria_Schneider',76,0,0,7,102,73,59,55 );
insert into monstropoche values ( 84,'Adrain63',null,1,2,11,31,47,90,34 );
insert into monstropoche values ( 85,'Miracle_Satterfield',null,0,2,6,79,46,76,40 );
insert into monstropoche values ( 86,'Camden_Beatty70',null,1,0,7,96,24,3,22 );
insert into monstropoche values ( 87,'Tracy46',null,2,0,10,52,92,19,86 );
insert into monstropoche values ( 88,'Jessyca_Greenfelder19',null,2,2,8,17,63,28,42 );
insert into monstropoche values ( 89,'Aleen85',23,3,1,6,71,2,92,2 );
insert into monstropoche values ( 90,'Thaddeus46',null,2,2,6,137,26,48,0 );
insert into monstropoche values ( 91,'David.Collins',null,1,1,19,59,46,69,38 );
insert into monstropoche values ( 92,'Nova_Parker',75,0,0,5,84,12,62,8 );
insert into monstropoche values ( 93,'Marilou32',4,1,2,17,141,35,81,18 );
insert into monstropoche values ( 94,'Carmen_Dickens',null,2,2,0,3,90,40,66 );
insert into monstropoche values ( 95,'Odie96',77,2,2,13,134,30,94,23 );
insert into monstropoche values ( 96,'Antonio_Paucek',72,3,1,2,84,16,26,2 );
insert into monstropoche values ( 97,'Joan_Metz65',null,0,1,9,41,43,6,18 );
insert into monstropoche values ( 98,'Claudine.Schoen',null,3,1,15,1,12,31,8 );
insert into monstropoche values ( 99,'Eleonore55',77,2,2,11,89,26,81,9 );
insert into objet_zone values ( 0,5 );
insert into objet_zone values ( 1,59 );
insert into objet_zone values ( 2,7 );
insert into objet_zone values ( 3,16 );
insert into objet_zone values ( 4,21 );
insert into objet_zone values ( 5,64 );
insert into objet_zone values ( 6,10 );
insert into objet_zone values ( 7,5 );
insert into objet_zone values ( 8,74 );
insert into objet_zone values ( 9,64 );
insert into objet_zone values ( 10,15 );
insert into objet_zone values ( 11,70 );
insert into objet_zone values ( 12,27 );
insert into objet_zone values ( 13,70 );
insert into objet_zone values ( 14,79 );
insert into objet_zone values ( 15,19 );
insert into objet_zone values ( 16,37 );
insert into objet_zone values ( 17,23 );
insert into objet_zone values ( 18,54 );
insert into objet_zone values ( 19,46 );
insert into objet_zone values ( 17,0 );
insert into objet_zone values ( 3,1 );
insert into objet_zone values ( 15,2 );
insert into objet_zone values ( 8,3 );
insert into objet_zone values ( 17,4 );
insert into objet_zone values ( 10,5 );
insert into objet_zone values ( 6,6 );
insert into objet_zone values ( 1,7 );
insert into objet_zone values ( 3,8 );
insert into objet_zone values ( 6,9 );
insert into objet_zone values ( 8,10 );
insert into objet_zone values ( 5,11 );
insert into objet_zone values ( 13,12 );
insert into objet_zone values ( 12,13 );
insert into objet_zone values ( 5,14 );
insert into objet_zone values ( 2,15 );
insert into objet_zone values ( 0,16 );
insert into objet_zone values ( 15,17 );
insert into objet_zone values ( 0,18 );
insert into objet_zone values ( 2,19 );
insert into objet_zone values ( 6,20 );
insert into objet_zone values ( 15,21 );
insert into objet_zone values ( 6,22 );
insert into objet_zone values ( 18,23 );
insert into objet_zone values ( 13,24 );
insert into objet_zone values ( 4,25 );
insert into objet_zone values ( 3,26 );
insert into objet_zone values ( 17,27 );
insert into objet_zone values ( 7,28 );
insert into objet_zone values ( 4,29 );
insert into objet_zone values ( 9,30 );
insert into objet_zone values ( 4,31 );
insert into objet_zone values ( 17,32 );
insert into objet_zone values ( 17,33 );
insert into objet_zone values ( 5,34 );
insert into objet_zone values ( 1,35 );
insert into objet_zone values ( 3,36 );
insert into objet_zone values ( 19,37 );
insert into objet_zone values ( 5,38 );
insert into objet_zone values ( 17,39 );
insert into objet_zone values ( 17,40 );
insert into objet_zone values ( 11,41 );
insert into objet_zone values ( 0,42 );
insert into objet_zone values ( 18,43 );
insert into objet_zone values ( 4,44 );
insert into objet_zone values ( 5,45 );
insert into objet_zone values ( 13,46 );
insert into objet_zone values ( 2,47 );
insert into objet_zone values ( 18,48 );
insert into objet_zone values ( 7,49 );
insert into objet_zone values ( 12,50 );
insert into objet_zone values ( 16,51 );
insert into objet_zone values ( 17,52 );
insert into objet_zone values ( 8,53 );
insert into objet_zone values ( 1,54 );
insert into objet_zone values ( 4,55 );
insert into objet_zone values ( 16,56 );
insert into objet_zone values ( 0,57 );
insert into objet_zone values ( 4,58 );
insert into objet_zone values ( 0,59 );
insert into objet_zone values ( 17,60 );
insert into objet_zone values ( 15,61 );
insert into objet_zone values ( 13,62 );
insert into objet_zone values ( 2,63 );
insert into objet_zone values ( 10,64 );
insert into objet_zone values ( 7,65 );
insert into objet_zone values ( 4,66 );
insert into objet_zone values ( 1,67 );
insert into objet_zone values ( 19,68 );
insert into objet_zone values ( 12,69 );
insert into objet_zone values ( 6,70 );
insert into objet_zone values ( 11,71 );
insert into objet_zone values ( 4,72 );
insert into objet_zone values ( 8,73 );
insert into objet_zone values ( 13,74 );
insert into objet_zone values ( 1,75 );
insert into objet_zone values ( 10,76 );
insert into objet_zone values ( 8,77 );
insert into objet_zone values ( 2,78 );
insert into objet_zone values ( 7,80 );
insert into objet_zone values ( 18,81 );
insert into espece_type values ( 0,6 );
insert into espece_type values ( 1,0 );
insert into espece_type values ( 2,3 );
insert into espece_type values ( 3,7 );
insert into espece_type values ( 4,14 );
insert into espece_type values ( 5,6 );
insert into espece_type values ( 6,16 );
insert into espece_type values ( 7,2 );
insert into espece_type values ( 8,14 );
insert into espece_type values ( 9,13 );
insert into espece_type values ( 10,12 );
insert into espece_type values ( 11,8 );
insert into espece_type values ( 12,16 );
insert into espece_type values ( 13,10 );
insert into espece_type values ( 14,3 );
insert into espece_type values ( 15,16 );
insert into espece_type values ( 16,14 );
insert into espece_type values ( 17,14 );
insert into espece_type values ( 18,2 );
insert into espece_type values ( 19,16 );
insert into espece_type values ( 20,7 );
insert into espece_type values ( 21,12 );
insert into espece_type values ( 22,9 );
insert into espece_type values ( 23,14 );
insert into espece_type values ( 24,0 );
insert into espece_type values ( 25,4 );
insert into espece_type values ( 26,15 );
insert into espece_type values ( 27,7 );
insert into espece_type values ( 28,2 );
insert into espece_type values ( 29,7 );
insert into espece_type values ( 30,12 );
insert into espece_type values ( 31,16 );
insert into espece_type values ( 32,11 );
insert into espece_type values ( 33,16 );
insert into espece_type values ( 34,7 );
insert into espece_type values ( 35,8 );
insert into espece_type values ( 36,15 );
insert into espece_type values ( 37,6 );
insert into espece_type values ( 38,8 );
insert into espece_type values ( 39,14 );
insert into espece_type values ( 40,4 );
insert into espece_type values ( 41,13 );
insert into espece_type values ( 42,12 );
insert into espece_type values ( 43,12 );
insert into espece_type values ( 44,2 );
insert into espece_type values ( 45,4 );
insert into espece_type values ( 46,0 );
insert into espece_type values ( 47,0 );
insert into espece_type values ( 48,2 );
insert into espece_type values ( 49,3 );
insert into espece_type values ( 50,7 );
insert into espece_type values ( 51,10 );
insert into espece_type values ( 52,10 );
insert into espece_type values ( 53,13 );
insert into espece_type values ( 54,0 );
insert into espece_type values ( 55,8 );
insert into espece_type values ( 56,1 );
insert into espece_type values ( 57,1 );
insert into espece_type values ( 58,3 );
insert into espece_type values ( 59,13 );
insert into espece_type values ( 60,1 );
insert into espece_type values ( 61,16 );
insert into espece_type values ( 62,10 );
insert into espece_type values ( 63,4 );
insert into espece_type values ( 64,1 );
insert into espece_type values ( 65,5 );
insert into espece_type values ( 66,8 );
insert into espece_type values ( 67,7 );
insert into espece_type values ( 68,14 );
insert into espece_type values ( 69,1 );
insert into espece_type values ( 70,14 );
insert into espece_type values ( 71,9 );
insert into espece_type values ( 72,12 );
insert into espece_type values ( 73,4 );
insert into espece_type values ( 74,1 );
insert into espece_type values ( 75,5 );
insert into espece_type values ( 76,0 );
insert into espece_type values ( 77,13 );
insert into espece_type values ( 78,8 );
insert into espece_type values ( 79,5 );
insert into espece_type values ( 80,11 );
insert into espece_type values ( 81,14 );
insert into espece_type values ( 82,9 );
insert into espece_type values ( 83,12 );
insert into espece_type values ( 84,16 );
insert into espece_type values ( 85,5 );
insert into espece_type values ( 86,11 );
insert into espece_type values ( 87,8 );
insert into espece_type values ( 88,4 );
insert into espece_type values ( 89,11 );
insert into espece_type values ( 90,10 );
insert into espece_type values ( 91,14 );
insert into espece_type values ( 92,16 );
insert into espece_type values ( 93,3 );
insert into espece_type values ( 94,6 );
insert into espece_type values ( 95,6 );
insert into espece_type values ( 96,16 );
insert into espece_type values ( 97,12 );
insert into espece_type values ( 98,7 );
insert into espece_type values ( 99,1 );
insert into espece_type values ( 100,7 );
insert into espece_type values ( 101,7 );
insert into espece_type values ( 102,10 );
insert into espece_type values ( 103,6 );
insert into espece_type values ( 104,6 );
insert into espece_type values ( 105,2 );
insert into espece_type values ( 106,8 );
insert into espece_type values ( 107,0 );
insert into espece_type values ( 108,1 );
insert into espece_type values ( 109,3 );
insert into espece_type values ( 110,16 );
insert into espece_type values ( 111,7 );
insert into espece_type values ( 112,15 );
insert into espece_type values ( 113,7 );
insert into espece_type values ( 114,12 );
insert into espece_type values ( 115,5 );
insert into espece_type values ( 116,6 );
insert into espece_type values ( 117,4 );
insert into espece_type values ( 118,11 );
insert into espece_type values ( 119,2 );
insert into espece_type values ( 120,3 );
insert into espece_type values ( 121,10 );
insert into espece_type values ( 122,10 );
insert into espece_type values ( 123,0 );
insert into espece_type values ( 124,14 );
insert into espece_type values ( 125,14 );
insert into espece_type values ( 126,4 );
insert into espece_type values ( 127,13 );
insert into espece_type values ( 128,3 );
insert into espece_type values ( 129,15 );
insert into espece_type values ( 130,11 );
insert into espece_type values ( 131,15 );
insert into espece_type values ( 132,11 );
insert into espece_type values ( 133,13 );
insert into espece_type values ( 134,7 );
insert into espece_type values ( 135,1 );
insert into espece_type values ( 136,13 );
insert into espece_type values ( 137,11 );
insert into espece_type values ( 138,5 );
insert into espece_type values ( 139,15 );
insert into espece_type values ( 140,3 );
insert into espece_type values ( 141,1 );
insert into espece_type values ( 99,0 );
insert into espece_type values ( 72,1 );
insert into espece_type values ( 69,2 );
insert into espece_type values ( 131,3 );
insert into espece_type values ( 3,4 );
insert into espece_type values ( 47,5 );
insert into espece_type values ( 33,6 );
insert into espece_type values ( 132,7 );
insert into espece_type values ( 97,8 );
insert into espece_type values ( 138,9 );
insert into espece_type values ( 66,11 );
insert into espece_type values ( 121,12 );
insert into espece_type values ( 111,13 );
insert into espece_type values ( 7,14 );
insert into espece_type values ( 121,15 );
insert into espece_type values ( 30,16 );
insert into espece_zone values ( 0,35 );
insert into espece_zone values ( 1,1 );
insert into espece_zone values ( 2,40 );
insert into espece_zone values ( 3,17 );
insert into espece_zone values ( 4,50 );
insert into espece_zone values ( 5,47 );
insert into espece_zone values ( 6,18 );
insert into espece_zone values ( 7,33 );
insert into espece_zone values ( 8,28 );
insert into espece_zone values ( 9,73 );
insert into espece_zone values ( 10,33 );
insert into espece_zone values ( 11,4 );
insert into espece_zone values ( 12,75 );
insert into espece_zone values ( 13,44 );
insert into espece_zone values ( 14,7 );
insert into espece_zone values ( 15,34 );
insert into espece_zone values ( 16,62 );
insert into espece_zone values ( 17,15 );
insert into espece_zone values ( 18,8 );
insert into espece_zone values ( 19,69 );
insert into espece_zone values ( 20,64 );
insert into espece_zone values ( 21,74 );
insert into espece_zone values ( 22,30 );
insert into espece_zone values ( 23,15 );
insert into espece_zone values ( 24,76 );
insert into espece_zone values ( 25,3 );
insert into espece_zone values ( 26,38 );
insert into espece_zone values ( 27,50 );
insert into espece_zone values ( 28,46 );
insert into espece_zone values ( 29,63 );
insert into espece_zone values ( 30,78 );
insert into espece_zone values ( 31,81 );
insert into espece_zone values ( 32,26 );
insert into espece_zone values ( 33,6 );
insert into espece_zone values ( 34,3 );
insert into espece_zone values ( 35,45 );
insert into espece_zone values ( 36,15 );
insert into espece_zone values ( 37,38 );
insert into espece_zone values ( 38,34 );
insert into espece_zone values ( 39,34 );
insert into espece_zone values ( 40,54 );
insert into espece_zone values ( 41,9 );
insert into espece_zone values ( 42,60 );
insert into espece_zone values ( 43,80 );
insert into espece_zone values ( 44,75 );
insert into espece_zone values ( 45,40 );
insert into espece_zone values ( 46,80 );
insert into espece_zone values ( 47,25 );
insert into espece_zone values ( 48,25 );
insert into espece_zone values ( 49,50 );
insert into espece_zone values ( 50,47 );
insert into espece_zone values ( 51,42 );
insert into espece_zone values ( 52,22 );
insert into espece_zone values ( 53,25 );
insert into espece_zone values ( 54,77 );
insert into espece_zone values ( 55,22 );
insert into espece_zone values ( 56,32 );
insert into espece_zone values ( 57,65 );
insert into espece_zone values ( 58,45 );
insert into espece_zone values ( 59,68 );
insert into espece_zone values ( 60,72 );
insert into espece_zone values ( 61,75 );
insert into espece_zone values ( 62,63 );
insert into espece_zone values ( 63,20 );
insert into espece_zone values ( 64,41 );
insert into espece_zone values ( 65,37 );
insert into espece_zone values ( 66,70 );
insert into espece_zone values ( 67,6 );
insert into espece_zone values ( 68,32 );
insert into espece_zone values ( 69,39 );
insert into espece_zone values ( 70,32 );
insert into espece_zone values ( 71,76 );
insert into espece_zone values ( 72,63 );
insert into espece_zone values ( 73,58 );
insert into espece_zone values ( 74,4 );
insert into espece_zone values ( 75,47 );
insert into espece_zone values ( 76,12 );
insert into espece_zone values ( 77,65 );
insert into espece_zone values ( 78,65 );
insert into espece_zone values ( 79,40 );
insert into espece_zone values ( 80,7 );
insert into espece_zone values ( 81,27 );
insert into espece_zone values ( 82,21 );
insert into espece_zone values ( 83,7 );
insert into espece_zone values ( 84,36 );
insert into espece_zone values ( 85,19 );
insert into espece_zone values ( 86,74 );
insert into espece_zone values ( 87,72 );
insert into espece_zone values ( 88,3 );
insert into espece_zone values ( 89,74 );
insert into espece_zone values ( 90,33 );
insert into espece_zone values ( 91,65 );
insert into espece_zone values ( 92,42 );
insert into espece_zone values ( 93,5 );
insert into espece_zone values ( 94,65 );
insert into espece_zone values ( 95,64 );
insert into espece_zone values ( 96,53 );
insert into espece_zone values ( 97,48 );
insert into espece_zone values ( 98,18 );
insert into espece_zone values ( 99,9 );
insert into espece_zone values ( 100,58 );
insert into espece_zone values ( 101,47 );
insert into espece_zone values ( 102,5 );
insert into espece_zone values ( 103,19 );
insert into espece_zone values ( 104,67 );
insert into espece_zone values ( 105,2 );
insert into espece_zone values ( 106,76 );
insert into espece_zone values ( 107,66 );
insert into espece_zone values ( 108,49 );
insert into espece_zone values ( 109,54 );
insert into espece_zone values ( 110,50 );
insert into espece_zone values ( 111,49 );
insert into espece_zone values ( 112,18 );
insert into espece_zone values ( 113,63 );
insert into espece_zone values ( 114,79 );
insert into espece_zone values ( 115,24 );
insert into espece_zone values ( 116,29 );
insert into espece_zone values ( 117,25 );
insert into espece_zone values ( 118,35 );
insert into espece_zone values ( 119,57 );
insert into espece_zone values ( 120,14 );
insert into espece_zone values ( 121,56 );
insert into espece_zone values ( 122,53 );
insert into espece_zone values ( 123,2 );
insert into espece_zone values ( 124,71 );
insert into espece_zone values ( 125,31 );
insert into espece_zone values ( 126,34 );
insert into espece_zone values ( 127,75 );
insert into espece_zone values ( 128,68 );
insert into espece_zone values ( 129,60 );
insert into espece_zone values ( 130,51 );
insert into espece_zone values ( 131,60 );
insert into espece_zone values ( 132,16 );
insert into espece_zone values ( 133,34 );
insert into espece_zone values ( 134,16 );
insert into espece_zone values ( 135,70 );
insert into espece_zone values ( 136,46 );
insert into espece_zone values ( 137,19 );
insert into espece_zone values ( 138,17 );
insert into espece_zone values ( 139,15 );
insert into espece_zone values ( 140,48 );
insert into espece_zone values ( 141,42 );
insert into espece_zone values ( 27,0 );
insert into espece_zone values ( 33,1 );
insert into espece_zone values ( 59,2 );
insert into espece_zone values ( 101,3 );
insert into espece_zone values ( 120,4 );
insert into espece_zone values ( 119,5 );
insert into espece_zone values ( 78,6 );
insert into espece_zone values ( 139,7 );
insert into espece_zone values ( 119,8 );
insert into espece_zone values ( 49,9 );
insert into espece_zone values ( 2,10 );
insert into espece_zone values ( 90,11 );
insert into espece_zone values ( 40,12 );
insert into espece_zone values ( 4,13 );
insert into espece_zone values ( 101,14 );
insert into espece_zone values ( 77,15 );
insert into espece_zone values ( 14,16 );
insert into espece_zone values ( 140,17 );
insert into espece_zone values ( 50,18 );
insert into espece_zone values ( 75,19 );
insert into espece_zone values ( 50,20 );
insert into espece_zone values ( 127,21 );
insert into espece_zone values ( 62,22 );
insert into espece_zone values ( 54,23 );
insert into espece_zone values ( 53,24 );
insert into espece_zone values ( 100,25 );
insert into espece_zone values ( 2,26 );
insert into espece_zone values ( 31,27 );
insert into espece_zone values ( 126,28 );
insert into espece_zone values ( 127,29 );
insert into espece_zone values ( 76,30 );
insert into espece_zone values ( 24,31 );
insert into espece_zone values ( 113,32 );
insert into espece_zone values ( 30,33 );
insert into espece_zone values ( 16,34 );
insert into espece_zone values ( 76,35 );
insert into espece_zone values ( 26,36 );
insert into espece_zone values ( 139,37 );
insert into espece_zone values ( 122,38 );
insert into espece_zone values ( 66,39 );
insert into espece_zone values ( 89,40 );
insert into espece_zone values ( 75,41 );
insert into espece_zone values ( 58,42 );
insert into espece_zone values ( 24,43 );
insert into espece_zone values ( 98,44 );
insert into espece_zone values ( 31,45 );
insert into espece_zone values ( 86,46 );
insert into espece_zone values ( 0,47 );
insert into espece_zone values ( 114,48 );
insert into espece_zone values ( 125,49 );
insert into espece_zone values ( 100,50 );
insert into espece_zone values ( 10,51 );
insert into espece_zone values ( 114,52 );
insert into espece_zone values ( 53,53 );
insert into espece_zone values ( 39,54 );
insert into espece_zone values ( 64,55 );
insert into espece_zone values ( 55,56 );
insert into espece_zone values ( 68,57 );
insert into espece_zone values ( 71,58 );
insert into espece_zone values ( 128,59 );
insert into espece_zone values ( 128,60 );
insert into espece_zone values ( 101,61 );
insert into espece_zone values ( 1,62 );
insert into espece_zone values ( 46,63 );
insert into espece_zone values ( 56,64 );
insert into espece_zone values ( 74,65 );
insert into espece_zone values ( 141,66 );
insert into espece_zone values ( 23,67 );
insert into espece_zone values ( 114,68 );
insert into espece_zone values ( 2,69 );
insert into espece_zone values ( 48,70 );
insert into espece_zone values ( 8,71 );
insert into espece_zone values ( 124,72 );
insert into espece_zone values ( 54,73 );
insert into espece_zone values ( 32,74 );
insert into espece_zone values ( 26,75 );
insert into espece_zone values ( 74,76 );
insert into espece_zone values ( 133,77 );
insert into espece_zone values ( 126,78 );
insert into espece_zone values ( 53,79 );
insert into espece_zone values ( 111,80 );
insert into espece_zone values ( 17,81 );
insert into monstropoche_attaque values ( 0,22 );
insert into monstropoche_attaque values ( 1,5 );
insert into monstropoche_attaque values ( 2,4 );
insert into monstropoche_attaque values ( 3,11 );
insert into monstropoche_attaque values ( 4,16 );
insert into monstropoche_attaque values ( 5,5 );
insert into monstropoche_attaque values ( 6,18 );
insert into monstropoche_attaque values ( 7,5 );
insert into monstropoche_attaque values ( 8,15 );
insert into monstropoche_attaque values ( 9,18 );
insert into monstropoche_attaque values ( 10,18 );
insert into monstropoche_attaque values ( 11,17 );
insert into monstropoche_attaque values ( 12,22 );
insert into monstropoche_attaque values ( 13,20 );
insert into monstropoche_attaque values ( 14,10 );
insert into monstropoche_attaque values ( 15,5 );
insert into monstropoche_attaque values ( 16,4 );
insert into monstropoche_attaque values ( 17,28 );
insert into monstropoche_attaque values ( 18,3 );
insert into monstropoche_attaque values ( 19,18 );
insert into monstropoche_attaque values ( 20,25 );
insert into monstropoche_attaque values ( 21,17 );
insert into monstropoche_attaque values ( 22,13 );
insert into monstropoche_attaque values ( 23,15 );
insert into monstropoche_attaque values ( 24,14 );
insert into monstropoche_attaque values ( 25,9 );
insert into monstropoche_attaque values ( 26,18 );
insert into monstropoche_attaque values ( 27,14 );
insert into monstropoche_attaque values ( 28,17 );
insert into monstropoche_attaque values ( 29,20 );
insert into monstropoche_attaque values ( 30,25 );
insert into monstropoche_attaque values ( 31,22 );
insert into monstropoche_attaque values ( 32,16 );
insert into monstropoche_attaque values ( 33,15 );
insert into monstropoche_attaque values ( 34,2 );
insert into monstropoche_attaque values ( 35,1 );
insert into monstropoche_attaque values ( 36,23 );
insert into monstropoche_attaque values ( 37,25 );
insert into monstropoche_attaque values ( 38,7 );
insert into monstropoche_attaque values ( 39,24 );
insert into monstropoche_attaque values ( 40,3 );
insert into monstropoche_attaque values ( 41,16 );
insert into monstropoche_attaque values ( 42,19 );
insert into monstropoche_attaque values ( 43,18 );
insert into monstropoche_attaque values ( 44,17 );
insert into monstropoche_attaque values ( 45,24 );
insert into monstropoche_attaque values ( 46,8 );
insert into monstropoche_attaque values ( 47,17 );
insert into monstropoche_attaque values ( 48,26 );
insert into monstropoche_attaque values ( 49,15 );
insert into monstropoche_attaque values ( 50,8 );
insert into monstropoche_attaque values ( 51,5 );
insert into monstropoche_attaque values ( 52,12 );
insert into monstropoche_attaque values ( 53,4 );
insert into monstropoche_attaque values ( 54,18 );
insert into monstropoche_attaque values ( 55,21 );
insert into monstropoche_attaque values ( 56,14 );
insert into monstropoche_attaque values ( 57,2 );
insert into monstropoche_attaque values ( 58,21 );
insert into monstropoche_attaque values ( 59,25 );
insert into monstropoche_attaque values ( 60,24 );
insert into monstropoche_attaque values ( 61,10 );
insert into monstropoche_attaque values ( 62,25 );
insert into monstropoche_attaque values ( 63,16 );
insert into monstropoche_attaque values ( 64,16 );
insert into monstropoche_attaque values ( 65,6 );
insert into monstropoche_attaque values ( 66,17 );
insert into monstropoche_attaque values ( 67,2 );
insert into monstropoche_attaque values ( 68,26 );
insert into monstropoche_attaque values ( 69,17 );
insert into monstropoche_attaque values ( 70,9 );
insert into monstropoche_attaque values ( 71,15 );
insert into monstropoche_attaque values ( 72,2 );
insert into monstropoche_attaque values ( 73,16 );
insert into monstropoche_attaque values ( 74,19 );
insert into monstropoche_attaque values ( 75,16 );
insert into monstropoche_attaque values ( 76,23 );
insert into monstropoche_attaque values ( 77,2 );
insert into monstropoche_attaque values ( 78,13 );
insert into monstropoche_attaque values ( 79,16 );
insert into monstropoche_attaque values ( 80,0 );
insert into monstropoche_attaque values ( 81,7 );
insert into monstropoche_attaque values ( 82,5 );
insert into monstropoche_attaque values ( 83,12 );
insert into monstropoche_attaque values ( 84,15 );
insert into monstropoche_attaque values ( 85,3 );
insert into monstropoche_attaque values ( 86,20 );
insert into monstropoche_attaque values ( 87,27 );
insert into monstropoche_attaque values ( 88,5 );
insert into monstropoche_attaque values ( 89,10 );
insert into monstropoche_attaque values ( 90,23 );
insert into monstropoche_attaque values ( 91,5 );
insert into monstropoche_attaque values ( 92,26 );
insert into monstropoche_attaque values ( 93,15 );
insert into monstropoche_attaque values ( 94,27 );
insert into monstropoche_attaque values ( 95,8 );
insert into monstropoche_attaque values ( 96,9 );
insert into monstropoche_attaque values ( 97,13 );
insert into monstropoche_attaque values ( 98,21 );
insert into monstropoche_attaque values ( 99,26 );
insert into monstropoche_attaque values ( 35,0 );
insert into monstropoche_attaque values ( 58,1 );
insert into monstropoche_attaque values ( 81,2 );
insert into monstropoche_attaque values ( 10,3 );
insert into monstropoche_attaque values ( 58,4 );
insert into monstropoche_attaque values ( 64,5 );
insert into monstropoche_attaque values ( 88,6 );
insert into monstropoche_attaque values ( 86,7 );
insert into monstropoche_attaque values ( 0,8 );
insert into monstropoche_attaque values ( 19,9 );
insert into monstropoche_attaque values ( 12,10 );
insert into monstropoche_attaque values ( 78,11 );
insert into monstropoche_attaque values ( 1,13 );
insert into monstropoche_attaque values ( 34,14 );
insert into monstropoche_attaque values ( 83,15 );
insert into monstropoche_attaque values ( 51,16 );
insert into monstropoche_attaque values ( 55,17 );
insert into monstropoche_attaque values ( 28,18 );
insert into monstropoche_attaque values ( 54,19 );
insert into monstropoche_attaque values ( 2,20 );
insert into monstropoche_attaque values ( 21,21 );
insert into monstropoche_attaque values ( 30,22 );
insert into monstropoche_attaque values ( 60,23 );
insert into monstropoche_attaque values ( 41,24 );
insert into monstropoche_attaque values ( 2,25 );
insert into monstropoche_attaque values ( 71,26 );
insert into monstropoche_attaque values ( 99,27 );
insert into monstropoche_attaque values ( 97,28 );
