drop table monstropoche_attaque;
drop table espece_zone;
drop table espece_type;
drop table objet_zone;
drop table monstropoche;
drop table espece;
drop table etat;
drop table genre;
drop table objet;
drop table zone;
drop table attaque;
drop table type;
drop table proprietaire;

create table proprietaire (id int not null, nom varchar(255) not null, primary key(id));
create table type (id int not null, nom varchar(255) not null, primary key(id));
create table attaque (id int not null, type_id int not null, nom varchar(255) not null, puissance int not null, perequis int not null, precizion int not null, constraint fk_attaque_type foreign key (type_id) references type(id), primary key(id));
create table zone (id int not null, nom varchar(255) not null, primary key(id));
create table objet (id int not null, nom varchar(255) not null, est_unique number(1) not null, est_defensif number(1), est_offensif number(1), primary key(id));
create table genre (id int not null, femelle number(1) not null, male number(1) not null, primary key(id));
create table etat (id int not null, nom varchar(255) not null, primary key(id));
create table espece (id int not null, objet_id int, source_id int, nom varchar(255) not null, constraint fk_espece_objet foreign key (objet_id) references objet(id), constraint fk_espece_espece foreign key (source_id) references espece(id), primary key(id));
create table monstropoche (id int not null, surnom varchar(255) not null, proprietaire_id int, genre_id int not null, etat_id int not null, objet_id int, espece_id int not null, pv int not null, pe int not null, pv_actuel int not null, constraint fk_monstropoche_proprietaire foreign key (proprietaire_id) references proprietaire(id), constraint fk_monstropoche_genre foreign key (genre_id) references genre(id), constraint fk_monstropoche_etat foreign key (etat_id) references etat(id), constraint fk_monstropoche_objet foreign key (objet_id) references objet(id), constraint fk_monstropoche_espece foreign key (espece_id) references espece(id), primary key(id));
create table objet_zone (objet_id int not null, zone_id int not null, constraint fk_objet_zone_objet foreign key (objet_id) references objet(id), constraint fk_objet_zone_zone foreign key (zone_id) references zone(id), primary key(objet_id, zone_id));
create table espece_type (espece_id int not null, type_id int not null, constraint fk_espece_type_espece foreign key (espece_id) references espece(id), constraint fk_espece_type_type foreign key (type_id) references type(id), primary key(espece_id, type_id));
create table espece_zone (espece_id int not null, zone_id int not null, constraint fk_espece_zone_espece foreign key (espece_id) references espece(id), constraint fk_espece_zone_zone foreign key (zone_id) references zone(id), primary key(espece_id, zone_id));
create table monstropoche_attaque (monstropoche_id int not null, attaque_id int not null, constraint fk_monstropoche_attaque_m foreign key (monstropoche_id) references monstropoche(id), constraint fk_monstropoche_attaque_a foreign key (attaque_id) references attaque(id), primary key(monstropoche_id, attaque_id));

delete from monstropoche_attaque;
delete from espece_zone;
delete from espece_type;
delete from objet_zone;
delete from monstropoche;
delete from espece;
delete from etat;
delete from type;
delete from genre;
delete from objet;
delete from attaque;
delete from zone;
delete from proprietaire;

insert into proprietaire values ( 0,'Ambre David' );
insert into proprietaire values ( 1,'Lena Guillaume' );
insert into proprietaire values ( 2,'Anaïs Duval' );
insert into proprietaire values ( 3,'Julie Caron' );
insert into proprietaire values ( 4,'Adam Barbier' );
insert into proprietaire values ( 5,'M Ambre Leclercq' );
insert into proprietaire values ( 6,'Arthur Moreau' );
insert into proprietaire values ( 7,'Mathilde Roux' );
insert into proprietaire values ( 8,'Lina Gaillard' );
insert into proprietaire values ( 9,'Alicia Garnier' );
insert into proprietaire values ( 10,'Maxime Charles' );
insert into proprietaire values ( 11,'Lena Gonzalez' );
insert into proprietaire values ( 12,'Jules Gaillard' );
insert into proprietaire values ( 13,'Mlle Thomas Marty' );
insert into proprietaire values ( 14,'Benjamin Schneider II' );
insert into proprietaire values ( 15,'Ethan Simon' );
insert into proprietaire values ( 16,'Mathéo Renard' );
insert into proprietaire values ( 17,'Mélissa Adam' );
insert into proprietaire values ( 18,'Célia Fabre' );
insert into proprietaire values ( 19,'Zoe Fernandez' );
insert into proprietaire values ( 20,'Hugo Gonzalez' );
insert into proprietaire values ( 21,'Romain Laine' );
insert into proprietaire values ( 22,'Camille Gerard' );
insert into proprietaire values ( 23,'Chloé Meunier' );
insert into proprietaire values ( 24,'Lilou Le gall' );
insert into proprietaire values ( 25,'Ethan Philippe' );
insert into proprietaire values ( 26,'Marie Lucas' );
insert into proprietaire values ( 27,'Léa Guerin' );
insert into proprietaire values ( 28,'Mathéo Lacroix IV' );
insert into proprietaire values ( 29,'Emilie Fernandez' );
insert into proprietaire values ( 30,'Théo Lefebvre' );
insert into proprietaire values ( 31,'Raphaël Gautier' );
insert into proprietaire values ( 32,'Adam Berger' );
insert into proprietaire values ( 33,'Paul Carre DDS' );
insert into proprietaire values ( 34,'Maxence Rodriguez' );
insert into proprietaire values ( 35,'Jeanne Fournier' );
insert into proprietaire values ( 36,'Chloé Roussel' );
insert into proprietaire values ( 37,'Eva Lemoine' );
insert into proprietaire values ( 38,'Antoine Pons' );
insert into proprietaire values ( 39,'Julie Perrot' );
insert into proprietaire values ( 40,'Mlle Clément Renard' );
insert into proprietaire values ( 41,'Alexandre Petit' );
insert into proprietaire values ( 42,'Mélissa Da silva' );
insert into proprietaire values ( 43,'Lina Lambert' );
insert into proprietaire values ( 44,'Yanis Julien' );
insert into proprietaire values ( 45,'Pauline Petit' );
insert into proprietaire values ( 46,'Alicia Da silva' );
insert into proprietaire values ( 47,'Prof Mathilde Bonnet' );
insert into proprietaire values ( 48,'Dr Sarah Blanchard' );
insert into proprietaire values ( 49,'Léo Dumas' );
insert into proprietaire values ( 50,'Lou Vidal' );
insert into proprietaire values ( 51,'Laura Royer' );
insert into proprietaire values ( 52,'Antoine Vidal' );
insert into proprietaire values ( 53,'Mael Rodriguez' );
insert into proprietaire values ( 54,'Yanis Brun' );
insert into proprietaire values ( 55,'Rayan Philippe' );
insert into proprietaire values ( 56,'Dr Benjamin Colin' );
insert into proprietaire values ( 57,'Jade Dumont' );
insert into proprietaire values ( 58,'Mathilde Vasseur' );
insert into proprietaire values ( 59,'Mlle Victor Huet' );
insert into proprietaire values ( 60,'Ines Marty Sr.' );
insert into proprietaire values ( 61,'Mathis Lefebvre' );
insert into proprietaire values ( 62,'Mme Zoe Arnaud' );
insert into proprietaire values ( 63,'Victor Perez' );
insert into proprietaire values ( 64,'Julien Gerard' );
insert into proprietaire values ( 65,'Julien David' );
insert into proprietaire values ( 66,'Maëlys Roux' );
insert into proprietaire values ( 67,'Louise Cousin' );
insert into proprietaire values ( 68,'Ambre Thomas' );
insert into proprietaire values ( 69,'Léa Prevost II' );
insert into proprietaire values ( 70,'Mme Rayan Jean' );
insert into proprietaire values ( 71,'Enzo Rousseau V' );
insert into proprietaire values ( 72,'Evan Adam' );
insert into proprietaire values ( 73,'Prof Carla Vincent' );
insert into proprietaire values ( 74,'Mohamed Vasseur MD' );
insert into proprietaire values ( 75,'Mélissa Nguyen' );
insert into proprietaire values ( 76,'Dr Ines Caron' );
insert into proprietaire values ( 77,'Tom Vidal' );
insert into proprietaire values ( 78,'Jade Lemoine IV' );
insert into proprietaire values ( 79,'Elisa Vidal' );
insert into proprietaire values ( 80,'Mlle Noémie Nguyen' );
insert into proprietaire values ( 81,'Mathéo Vidal' );
insert into proprietaire values ( 82,'Louna Garcia' );
insert into proprietaire values ( 83,'Dr Pauline Philippe' );
insert into proprietaire values ( 84,'Romane Moulin' );
insert into proprietaire values ( 85,'Maxime Vincent' );
insert into proprietaire values ( 86,'Camille Aubert' );
insert into proprietaire values ( 87,'Mathis Arnaud' );
insert into proprietaire values ( 88,'Clément Barbier' );
insert into proprietaire values ( 89,'Lucie Bertrand' );
insert into proprietaire values ( 90,'Mlle Nicolas Dupont' );
insert into proprietaire values ( 91,'Carla Leroux' );
insert into proprietaire values ( 92,'Alice Michel' );
insert into proprietaire values ( 93,'Jeanne Le gall' );
insert into proprietaire values ( 94,'Pauline Louis' );
insert into proprietaire values ( 95,'Anaïs Nicolas' );
insert into proprietaire values ( 96,'Laura Fontaine' );
insert into proprietaire values ( 97,'Valentin Roy' );
insert into proprietaire values ( 98,'Dr Manon Fleury' );
insert into proprietaire values ( 99,'Louise Durand IV' );
insert into type values ( 0,'Glace' );
insert into type values ( 1,'Dragon' );
insert into type values ( 2,'Sol' );
insert into type values ( 3,'Plante' );
insert into type values ( 4,'Feu' );
insert into type values ( 5,'Eau' );
insert into type values ( 6,'Électrique' );
insert into type values ( 7,'Psy' );
insert into type values ( 8,'Spectre' );
insert into type values ( 9,'Ténèbre' );
insert into type values ( 10,'Fée' );
insert into type values ( 11,'Acier' );
insert into type values ( 12,'Poison' );
insert into type values ( 13,'Roche' );
insert into type values ( 14,'Combat' );
insert into type values ( 15,'Insecte' );
insert into type values ( 16,'Normal' );
insert into attaque values ( 0,13,'Triplattaque',197,55,68 );
insert into attaque values ( 1,0,'Escalade',152,0,73 );
insert into attaque values ( 2,13,'Morphing',165,20,6 );
insert into attaque values ( 3,5,'Vœu',218,86,69 );
insert into attaque values ( 4,12,'Grobisou',214,99,91 );
insert into attaque values ( 5,6,'Pilonnage',77,25,59 );
insert into attaque values ( 6,1,'Recyclage',184,64,11 );
insert into attaque values ( 7,0,'Regard Médusant',123,25,69 );
insert into attaque values ( 8,1,'E-Coque',158,94,57 );
insert into attaque values ( 9,9,'Constriction',150,60,74 );
insert into attaque values ( 10,8,'Picanon',33,12,44 );
insert into attaque values ( 11,14,'Uppercut',143,31,94 );
insert into attaque values ( 12,1,'Coup de Main',181,62,22 );
insert into attaque values ( 13,9,'Flash',67,96,58 );
insert into attaque values ( 14,8,'Conversion',111,51,56 );
insert into attaque values ( 15,13,'Affûtage',42,3,52 );
insert into attaque values ( 16,13,'Croc de Mort',245,73,43 );
insert into attaque values ( 17,15,'Par Ici',15,76,8 );
insert into attaque values ( 18,13,'Attrition',31,8,85 );
insert into attaque values ( 19,3,'Force-Nature',28,81,94 );
insert into attaque values ( 20,10,'Combo-Griffe',65,99,54 );
insert into attaque values ( 21,1,'Explosion',248,18,90 );
insert into attaque values ( 22,9,'Trempette',43,84,20 );
insert into attaque values ( 23,8,'Exuviation',78,49,79 );
insert into attaque values ( 24,16,'CoudKrâne',227,13,92 );
insert into attaque values ( 25,14,'Météores',122,39,35 );
insert into attaque values ( 26,12,'Relais',169,60,49 );
insert into attaque values ( 27,9,'Rengorgement',4,81,34 );
insert into attaque values ( 28,5,'BoulArmure',94,1,20 );
insert into zone values ( 0,'Sri Lanka' );
insert into zone values ( 1,'Venezuela' );
insert into zone values ( 2,'American Samoa' );
insert into zone values ( 3,'Romania' );
insert into zone values ( 4,'Afghanistan' );
insert into zone values ( 5,'Latvia' );
insert into zone values ( 6,'China' );
insert into zone values ( 7,'Togo' );
insert into zone values ( 8,'France' );
insert into zone values ( 9,'Virgin Islands, U.S.' );
insert into zone values ( 10,'Uzbekistan' );
insert into zone values ( 11,'Saint Lucia' );
insert into zone values ( 12,'Syrian Arab Republic' );
insert into zone values ( 13,'Ecuador' );
insert into zone values ( 14,'Portugal' );
insert into zone values ( 15,'Mongolia' );
insert into zone values ( 16,'Nicaragua' );
insert into zone values ( 17,'Guernsey' );
insert into zone values ( 18,'Falkland Islands (Malvinas)' );
insert into zone values ( 19,'Iceland' );
insert into zone values ( 20,'Nepal' );
insert into zone values ( 21,'Cape Verde' );
insert into zone values ( 22,'Northern Mariana Islands' );
insert into zone values ( 23,'Montenegro' );
insert into zone values ( 24,'British Indian Ocean Territory (Chagos Archipelago)' );
insert into zone values ( 25,'Hong Kong' );
insert into zone values ( 26,'French Guiana' );
insert into zone values ( 27,'Maldives' );
insert into zone values ( 28,'Niger' );
insert into zone values ( 29,'Papua New Guinea' );
insert into zone values ( 30,'Niue' );
insert into zone values ( 31,'Dominican Republic' );
insert into zone values ( 32,'Fiji' );
insert into zone values ( 33,'Cuba' );
insert into zone values ( 34,'Mozambique' );
insert into zone values ( 35,'Slovakia (Slovak Republic)' );
insert into zone values ( 36,'Trinidad and Tobago' );
insert into zone values ( 37,'Hungary' );
insert into zone values ( 38,'Gambia' );
insert into zone values ( 39,'Brazil' );
insert into zone values ( 40,'Japan' );
insert into zone values ( 41,'Gibraltar' );
insert into zone values ( 42,'Zambia' );
insert into zone values ( 43,'Saint Vincent and the Grenadines' );
insert into zone values ( 44,'Ethiopia' );
insert into zone values ( 45,'Heard Island and McDonald Islands' );
insert into zone values ( 46,'Thailand' );
insert into zone values ( 47,'Dominica' );
insert into zone values ( 48,'Micronesia' );
insert into zone values ( 49,'Honduras' );
insert into zone values ( 50,'Timor-Leste' );
insert into zone values ( 51,'United Arab Emirates' );
insert into zone values ( 52,'New Zealand' );
insert into zone values ( 53,'Ireland' );
insert into zone values ( 54,'Cambodia' );
insert into zone values ( 55,'Saudi Arabia' );
insert into zone values ( 56,'Germany' );
insert into zone values ( 57,'Saint Martin' );
insert into zone values ( 58,'Bulgaria' );
insert into zone values ( 59,'Argentina' );
insert into zone values ( 60,'Italy' );
insert into zone values ( 61,'Comoros' );
insert into zone values ( 62,'Sierra Leone' );
insert into zone values ( 63,'Turkmenistan' );
insert into zone values ( 64,'Egypt' );
insert into zone values ( 65,'Isle of Man' );
insert into zone values ( 66,'Virgin Islands, British' );
insert into zone values ( 67,'Indonesia' );
insert into zone values ( 68,'Cameroon' );
insert into zone values ( 69,'Belarus' );
insert into zone values ( 70,'Kazakhstan' );
insert into zone values ( 71,'Burundi' );
insert into zone values ( 72,'Sweden' );
insert into zone values ( 73,'Netherlands' );
insert into zone values ( 74,'Colombia' );
insert into zone values ( 75,'French Polynesia' );
insert into zone values ( 76,'Western Sahara' );
insert into zone values ( 77,'Chad' );
insert into zone values ( 78,'Puerto Rico' );
insert into zone values ( 79,'Tanzania' );
insert into zone values ( 80,'Turkey' );
insert into zone values ( 81,'Cocos (Keeling) Islands' );
insert into zone values ( 82,'Senegal' );
insert into zone values ( 83,'Guam' );
insert into zone values ( 84,'Malaysia' );
insert into zone values ( 85,'Cyprus' );
insert into zone values ( 86,'Burkina Faso' );
insert into objet values ( 0,'Défense +',0,0,0 );
insert into objet values ( 1,'Muscle +',1,0,1 );
insert into objet values ( 2,'Défense Spéc',0,0,0 );
insert into objet values ( 3,'Déf. Spé. +',1,0,0 );
insert into objet values ( 4,'Attaque +',1,1,1 );
insert into objet values ( 5,'Spécial +',1,0,0 );
insert into objet values ( 6,'Précision +',1,1,1 );
insert into objet values ( 7,'Vitesse +',1,1,0 );
insert into objet values ( 8,'Baie Tamato',0,1,1 );
insert into objet values ( 9,'Baie Résin',0,0,1 );
insert into objet values ( 10,'Baie Lonme',1,0,1 );
insert into objet values ( 11,'Baie Qualot',1,1,0 );
insert into objet values ( 12,'Baie Alga',1,0,1 );
insert into objet values ( 13,'Baie Grena',0,1,0 );
insert into objet values ( 14,'Baie Mepo',0,0,0 );
insert into objet values ( 15,'Baie Willia',0,1,1 );
insert into objet values ( 16,'Baie Fraive',0,0,1 );
insert into objet values ( 17,'Baie Pêcha',1,0,1 );
insert into objet values ( 18,'Baie Maron',0,0,0 );
insert into objet values ( 19,'Baie Oran',1,1,0 );
insert into genre values ( 0,0,0 );
insert into genre values ( 1,0,1 );
insert into genre values ( 2,1,1 );
insert into genre values ( 3,1,0 );
insert into etat values ( 0,'Mission' );
insert into etat values ( 1,'Repos' );
insert into etat values ( 2,'Reproduction' );
insert into espece values ( 0,null,null,'Bulbizarre' );
insert into espece values ( 1,null,null,'Chenipan' );
insert into espece values ( 2,null,null,'Voltorbe' );
insert into espece values ( 3,null,null,'Électrode' );
insert into espece values ( 4,null,null,'Nœunœuf' );
insert into espece values ( 5,null,null,'Noadkoko' );
insert into espece values ( 6,null,3,'Osselait' );
insert into espece values ( 7,null,0,'Ossatueur' );
insert into espece values ( 8,null,null,'Kicklee' );
insert into espece values ( 9,null,null,'Tygnon' );
insert into espece values ( 10,null,null,'Excelangue' );
insert into espece values ( 11,null,null,'Smogo' );
insert into espece values ( 12,null,null,'Chrysacier' );
insert into espece values ( 13,null,null,'Smogogo' );
insert into espece values ( 14,null,11,'Rhinocorne' );
insert into espece values ( 15,null,null,'Rhinoféros' );
insert into espece values ( 16,null,null,'Leveinard' );
insert into espece values ( 17,null,null,'Saquedeneu' );
insert into espece values ( 18,null,5,'Kangourex' );
insert into espece values ( 19,null,null,'Hypotrempe' );
insert into espece values ( 20,null,null,'Hypocéan' );
insert into espece values ( 21,null,null,'Poissirène' );
insert into espece values ( 22,null,null,'Poissoroy' );
insert into espece values ( 23,null,null,'Papilusion' );
insert into espece values ( 24,null,null,'Stari' );
insert into espece values ( 25,null,null,'Staross' );
insert into espece values ( 26,null,null,'M.Mime' );
insert into espece values ( 27,null,null,'Insécateur' );
insert into espece values ( 28,null,null,'Lippoutou' );
insert into espece values ( 29,null,12,'Élektek' );
insert into espece values ( 30,null,null,'Magmar' );
insert into espece values ( 31,null,null,'Scarabrute' );
insert into espece values ( 32,null,null,'Tauros' );
insert into espece values ( 33,null,null,'Magicarpe' );
insert into espece values ( 34,null,null,'Aspicot' );
insert into espece values ( 35,null,null,'Léviator' );
insert into espece values ( 36,null,null,'Lokhlass' );
insert into espece values ( 37,null,null,'Métamorph' );
insert into espece values ( 38,null,null,'Évoli' );
insert into espece values ( 39,null,null,'Aquali' );
insert into espece values ( 40,null,null,'Voltali' );
insert into espece values ( 41,null,null,'Pyroli' );
insert into espece values ( 42,null,null,'Porygon' );
insert into espece values ( 43,null,null,'Amonita' );
insert into espece values ( 44,null,null,'Amonistar' );
insert into espece values ( 45,null,null,'Coconfort' );
insert into espece values ( 46,null,null,'Kabuto' );
insert into espece values ( 47,null,null,'Kabutops' );
insert into espece values ( 48,null,null,'Ptéra' );
insert into espece values ( 49,6,null,'Ronflex' );
insert into espece values ( 50,null,null,'Artikodin' );
insert into espece values ( 51,null,null,'Électhor' );
insert into espece values ( 52,null,null,'Sulfura' );
insert into espece values ( 53,17,null,'Minidraco' );
insert into espece values ( 54,null,null,'Draco' );
insert into espece values ( 55,null,null,'Dracolosse' );
insert into espece values ( 56,null,null,'Dardargnan' );
insert into espece values ( 57,null,null,'Mewtwo' );
insert into espece values ( 58,null,null,'Mew' );
insert into espece values ( 59,null,null,'Roucool' );
insert into espece values ( 60,null,null,'Roucoups' );
insert into espece values ( 61,null,null,'Roucarnage' );
insert into espece values ( 62,null,null,'Rattata' );
insert into espece values ( 63,null,null,'Herbizarre' );
insert into espece values ( 64,null,null,'Rattatac' );
insert into espece values ( 65,null,null,'Piafabec' );
insert into espece values ( 66,null,null,'Rapasdepic' );
insert into espece values ( 67,null,null,'Abo' );
insert into espece values ( 68,null,null,'Arbok' );
insert into espece values ( 69,6,null,'Pikachu' );
insert into espece values ( 70,null,null,'Raichu' );
insert into espece values ( 71,null,null,'Sabelette' );
insert into espece values ( 72,null,null,'Sablaireau' );
insert into espece values ( 73,null,null,'Nidoran♀' );
insert into espece values ( 74,null,null,'Florizarre' );
insert into espece values ( 75,17,null,'Nidorina' );
insert into espece values ( 76,null,6,'Nidoqueen' );
insert into espece values ( 77,null,null,'Nidoran♂' );
insert into espece values ( 78,null,null,'Nidorino' );
insert into espece values ( 79,null,null,'Nidoking' );
insert into espece values ( 80,null,null,'Mélofée' );
insert into espece values ( 81,null,null,'Mélodelfe' );
insert into espece values ( 82,null,30,'Feunard' );
insert into espece values ( 83,null,null,'Rondoudou' );
insert into espece values ( 84,null,null,'Salamèche' );
insert into espece values ( 85,null,null,'Grodoudou' );
insert into espece values ( 86,null,null,'Nosferapti' );
insert into espece values ( 87,null,null,'Nosferalto' );
insert into espece values ( 88,null,null,'Mystherbe' );
insert into espece values ( 89,null,null,'Ortide' );
insert into espece values ( 90,null,null,'Rafflesia' );
insert into espece values ( 91,null,null,'Paras' );
insert into espece values ( 92,null,null,'Parasect' );
insert into espece values ( 93,null,null,'Mimitoss' );
insert into espece values ( 94,null,54,'Aéromite' );
insert into espece values ( 95,null,null,'Reptincel' );
insert into espece values ( 96,null,null,'Taupiqueur' );
insert into espece values ( 97,null,null,'Triopikeur' );
insert into espece values ( 98,null,50,'Miaouss' );
insert into espece values ( 99,null,null,'Persian' );
insert into espece values ( 100,null,null,'Psykokwak' );
insert into espece values ( 101,null,null,'Akwakwak' );
insert into espece values ( 102,null,null,'Férosinge' );
insert into espece values ( 103,null,null,'Colossinge' );
insert into espece values ( 104,null,null,'Caninos' );
insert into espece values ( 105,null,null,'Arcanin' );
insert into espece values ( 106,null,null,'Dracaufeu' );
insert into espece values ( 107,null,null,'Ptitard' );
insert into espece values ( 108,null,null,'Têtarte' );
insert into espece values ( 109,null,74,'Tartard' );
insert into espece values ( 110,null,null,'Abra' );
insert into espece values ( 111,null,null,'Kadabra' );
insert into espece values ( 112,null,null,'Alakazam' );
insert into espece values ( 113,null,9,'Machoc' );
insert into espece values ( 114,null,null,'Machopeur' );
insert into espece values ( 115,null,null,'Mackogneur' );
insert into espece values ( 116,null,28,'Chétiflor' );
insert into espece values ( 117,null,null,'Carapuce' );
insert into espece values ( 118,null,41,'Boustiflor' );
insert into espece values ( 119,null,null,'Empiflor' );
insert into espece values ( 120,null,80,'Tentacool' );
insert into espece values ( 121,null,67,'Tentacruel' );
insert into espece values ( 122,null,null,'Racaillou' );
insert into espece values ( 123,null,25,'Gravalanch' );
insert into espece values ( 124,null,null,'Grolem' );
insert into espece values ( 125,null,null,'Ponyta' );
insert into espece values ( 126,null,null,'Galopa' );
insert into espece values ( 127,null,null,'Carabaffe' );
insert into espece values ( 128,null,null,'Flagadoss' );
insert into espece values ( 129,null,null,'Magnéton' );
insert into espece values ( 130,null,null,'Canarticho' );
insert into espece values ( 131,8,null,'Dodrio' );
insert into espece values ( 132,null,null,'Otaria' );
insert into espece values ( 133,null,null,'Tadmorv' );
insert into espece values ( 134,1,null,'Grotadmorv' );
insert into espece values ( 135,null,null,'Kokiyas' );
insert into espece values ( 136,null,24,'Crustabri' );
insert into espece values ( 137,null,null,'Spectrum' );
insert into espece values ( 138,null,null,'Ectoplasma' );
insert into espece values ( 139,null,null,'Soporifik' );
insert into espece values ( 140,null,null,'Hypnomade' );
insert into espece values ( 141,null,null,'Krabboss' );
insert into monstropoche values ( 0,'Wyatt_Cole',null,1,0,14,80,55,0,2 );
insert into monstropoche values ( 1,'Sophia.Yundt20',null,0,0,10,137,15,58,13 );
insert into monstropoche values ( 2,'May38',null,3,2,1,2,25,40,17 );
insert into monstropoche values ( 3,'Antonio.Weissnat20',7,3,1,9,83,11,68,11 );
insert into monstropoche values ( 4,'Joshuah_Harvey48',null,2,1,13,36,98,100,77 );
insert into monstropoche values ( 5,'Beau_Metz93',10,1,2,0,35,52,57,44 );
insert into monstropoche values ( 6,'Hettie78',94,2,0,12,103,65,90,29 );
insert into monstropoche values ( 7,'Brandon61',null,1,1,16,136,86,6,54 );
insert into monstropoche values ( 8,'Ruben38',null,0,2,17,113,94,77,23 );
insert into monstropoche values ( 9,'Cristian_Lueilwitz',null,1,2,10,57,100,51,60 );
insert into monstropoche values ( 10,'Barry.Toy94',null,3,1,0,23,34,65,25 );
insert into monstropoche values ( 11,'Herminia9',null,2,1,2,138,30,23,13 );
insert into monstropoche values ( 12,'Monty.Daugherty93',null,0,0,11,38,32,32,10 );
insert into monstropoche values ( 13,'Unique_Ziemann89',null,0,2,10,120,58,72,7 );
insert into monstropoche values ( 14,'Carlee51',30,1,2,12,84,38,9,18 );
insert into monstropoche values ( 15,'Annie_Senger24',90,3,2,9,90,53,32,17 );
insert into monstropoche values ( 16,'Lavonne49',null,0,1,2,48,75,50,73 );
insert into monstropoche values ( 17,'Bessie_Barton',null,1,2,10,96,37,30,37 );
insert into monstropoche values ( 18,'Orlando1',null,3,1,3,70,7,61,7 );
insert into monstropoche values ( 19,'Gladys_Larkin',null,0,0,1,65,62,62,17 );
insert into monstropoche values ( 20,'Dianna_Olson87',34,1,0,5,93,0,84,0 );
insert into monstropoche values ( 21,'Ethan38',84,3,0,5,113,58,56,37 );
insert into monstropoche values ( 22,'Celine13',null,2,0,0,77,63,74,29 );
insert into monstropoche values ( 23,'Cara.DuBuque53',18,3,1,2,105,53,88,17 );
insert into monstropoche values ( 24,'Karina_Boehm',95,1,1,15,7,53,63,12 );
insert into monstropoche values ( 25,'Keith.Larkin',33,3,0,3,0,78,18,68 );
insert into monstropoche values ( 26,'Pearl.Cassin',98,0,2,17,137,34,31,30 );
insert into monstropoche values ( 27,'Lindsey.Shanahan',58,1,1,10,45,77,99,3 );
insert into monstropoche values ( 28,'Marisol_Romaguera',63,2,0,0,131,14,0,11 );
insert into monstropoche values ( 29,'Clifford_Beahan',null,3,0,17,28,96,10,43 );
insert into monstropoche values ( 30,'Evalyn_Johns24',null,0,2,2,122,91,4,13 );
insert into monstropoche values ( 31,'Frederik.Stiedemann',64,1,1,19,24,8,23,6 );
insert into monstropoche values ( 32,'Chaim_DAmore11',58,3,0,15,98,7,68,3 );
insert into monstropoche values ( 33,'Marielle_Kilback',33,2,1,9,28,99,33,72 );
insert into monstropoche values ( 34,'Tatyana48',null,1,1,6,124,54,57,9 );
insert into monstropoche values ( 35,'Eldridge.Shanahan35',27,1,0,13,73,49,53,19 );
insert into monstropoche values ( 36,'Marquise84',null,3,0,3,12,44,49,25 );
insert into monstropoche values ( 37,'Bettye_Lynch54',null,2,2,17,15,48,67,19 );
insert into monstropoche values ( 38,'Avis_Watsica42',null,0,2,15,108,78,49,47 );
insert into monstropoche values ( 39,'Mathias_Purdy',null,1,1,3,118,0,26,0 );
insert into monstropoche values ( 40,'Alexa.Gusikowski',62,3,0,8,121,37,84,21 );
insert into monstropoche values ( 41,'Raleigh_Moore73',null,1,2,13,133,94,52,25 );
insert into monstropoche values ( 42,'Ona26',7,3,0,10,36,16,71,7 );
insert into monstropoche values ( 43,'Violette_Daugherty62',null,1,2,8,107,48,35,4 );
insert into monstropoche values ( 44,'Euna_Dach91',null,1,0,5,109,37,75,0 );
insert into monstropoche values ( 45,'Rubie.Friesen',98,1,2,2,139,14,12,3 );
insert into monstropoche values ( 46,'Piper_Little',22,3,1,15,41,53,47,22 );
insert into monstropoche values ( 47,'Aletha.Lind',null,3,0,3,137,43,32,6 );
insert into monstropoche values ( 48,'Philip68',59,2,2,6,39,48,9,11 );
insert into monstropoche values ( 49,'Carmella.Runte78',null,2,0,19,81,87,56,58 );
insert into monstropoche values ( 50,'Mohammad_Abbott',null,3,0,6,28,70,37,66 );
insert into monstropoche values ( 51,'Keira1',91,3,1,4,39,10,68,1 );
insert into monstropoche values ( 52,'Samson.Medhurst',36,3,0,18,51,0,94,0 );
insert into monstropoche values ( 53,'Erica.Schoen',null,2,2,10,111,58,49,19 );
insert into monstropoche values ( 54,'Dino.Bartell',null,3,2,4,27,66,34,53 );
insert into monstropoche values ( 55,'Maddison_Doyle',44,3,2,14,84,36,15,2 );
insert into monstropoche values ( 56,'Cornell.Upton',null,2,2,17,94,51,10,29 );
insert into monstropoche values ( 57,'Hollie.Hoppe56',93,0,2,18,78,89,92,77 );
insert into monstropoche values ( 58,'Natalie90',null,1,1,9,99,51,30,20 );
insert into monstropoche values ( 59,'Daniela41',null,3,1,13,83,22,45,0 );
insert into monstropoche values ( 60,'Cassidy.Marks69',48,0,1,10,83,0,67,0 );
insert into monstropoche values ( 61,'Danyka29',37,3,1,16,133,17,14,14 );
insert into monstropoche values ( 62,'Justen_Brakus',72,2,0,8,102,2,65,1 );
insert into monstropoche values ( 63,'Earline22',14,2,2,1,112,58,77,18 );
insert into monstropoche values ( 64,'Noemi.Ledner25',null,2,2,2,52,56,80,28 );
insert into monstropoche values ( 65,'Ruben.Turner',null,2,0,3,118,49,0,45 );
insert into monstropoche values ( 66,'Adolphus.Heathcote52',26,1,1,5,49,81,16,2 );
insert into monstropoche values ( 67,'Elfrieda98',61,3,1,10,58,40,75,31 );
insert into monstropoche values ( 68,'Alphonso_Kessler',64,1,2,14,64,94,54,73 );
insert into monstropoche values ( 69,'Ethyl.Dooley46',null,0,2,13,33,26,60,20 );
insert into monstropoche values ( 70,'Jayden48',39,0,0,4,115,0,71,0 );
insert into monstropoche values ( 71,'Geovanni.Volkman',22,0,1,18,69,14,4,5 );
insert into monstropoche values ( 72,'Trenton_Krajcik65',null,1,0,6,69,4,20,2 );
insert into monstropoche values ( 73,'Ethel32',11,2,1,2,133,45,46,45 );
insert into monstropoche values ( 74,'Reed_Leannon',null,3,2,5,130,99,14,27 );
insert into monstropoche values ( 75,'Pearline.Little',62,3,0,4,74,85,22,55 );
insert into monstropoche values ( 76,'Mollie_Kuhn51',55,1,2,13,55,84,80,35 );
insert into monstropoche values ( 77,'Beaulah_Kshlerin',null,2,2,0,141,84,36,15 );
insert into monstropoche values ( 78,'Art.Prohaska14',8,0,2,6,126,62,81,49 );
insert into monstropoche values ( 79,'London.Wisoky',null,2,2,19,95,77,20,15 );
insert into monstropoche values ( 80,'Genevieve.Waelchi21',94,3,2,7,126,86,37,49 );
insert into monstropoche values ( 81,'Hans13',null,0,1,11,62,18,76,4 );
insert into monstropoche values ( 82,'Micaela.Lakin',null,3,0,6,83,80,95,3 );
insert into monstropoche values ( 83,'Constance.Anderson',null,2,2,13,115,24,53,19 );
insert into monstropoche values ( 84,'Marilou76',37,1,1,11,119,69,77,41 );
insert into monstropoche values ( 85,'Baron_Hammes',81,2,0,11,54,5,74,3 );
insert into monstropoche values ( 86,'Katelynn_Reichert',null,2,0,0,93,23,33,13 );
insert into monstropoche values ( 87,'Cornelius91',15,3,2,5,83,4,58,0 );
insert into monstropoche values ( 88,'Lucy24',75,1,2,1,67,20,51,10 );
insert into monstropoche values ( 89,'Amparo_Cole37',25,1,2,19,31,38,75,25 );
insert into monstropoche values ( 90,'Raoul_Feil',8,0,1,0,27,34,24,5 );
insert into monstropoche values ( 91,'Clarissa14',60,3,1,13,108,15,17,15 );
insert into monstropoche values ( 92,'Dudley.Goyette40',69,3,1,4,30,95,33,6 );
insert into monstropoche values ( 93,'Adelle_Daniel6',50,3,1,5,42,6,82,1 );
insert into monstropoche values ( 94,'Vernice93',31,3,0,0,51,32,88,24 );
insert into monstropoche values ( 95,'Dasia_Rath91',73,2,1,3,106,24,37,19 );
insert into monstropoche values ( 96,'Jessyca60',null,1,1,8,68,87,78,81 );
insert into monstropoche values ( 97,'Kristina_Parisian',null,2,2,19,122,14,0,5 );
insert into monstropoche values ( 98,'Kaley.McCullough',30,2,2,3,78,69,68,10 );
insert into monstropoche values ( 99,'Reginald.Weber25',74,0,2,10,53,40,32,12 );
insert into objet_zone values ( 0,14 );
insert into objet_zone values ( 1,69 );
insert into objet_zone values ( 2,2 );
insert into objet_zone values ( 3,26 );
insert into objet_zone values ( 4,25 );
insert into objet_zone values ( 5,45 );
insert into objet_zone values ( 6,49 );
insert into objet_zone values ( 7,33 );
insert into objet_zone values ( 8,34 );
insert into objet_zone values ( 9,51 );
insert into objet_zone values ( 10,61 );
insert into objet_zone values ( 11,72 );
insert into objet_zone values ( 12,48 );
insert into objet_zone values ( 13,68 );
insert into objet_zone values ( 14,50 );
insert into objet_zone values ( 15,45 );
insert into objet_zone values ( 16,42 );
insert into objet_zone values ( 17,20 );
insert into objet_zone values ( 18,16 );
insert into objet_zone values ( 19,57 );
insert into objet_zone values ( 14,0 );
insert into objet_zone values ( 3,1 );
insert into objet_zone values ( 8,2 );
insert into objet_zone values ( 8,3 );
insert into objet_zone values ( 4,4 );
insert into objet_zone values ( 11,5 );
insert into objet_zone values ( 6,6 );
insert into objet_zone values ( 5,7 );
insert into objet_zone values ( 10,8 );
insert into objet_zone values ( 19,9 );
insert into objet_zone values ( 2,10 );
insert into objet_zone values ( 6,11 );
insert into objet_zone values ( 17,12 );
insert into objet_zone values ( 12,13 );
insert into objet_zone values ( 8,14 );
insert into objet_zone values ( 17,15 );
insert into objet_zone values ( 10,16 );
insert into objet_zone values ( 1,17 );
insert into objet_zone values ( 1,18 );
insert into objet_zone values ( 6,19 );
insert into objet_zone values ( 12,20 );
insert into objet_zone values ( 14,21 );
insert into objet_zone values ( 5,22 );
insert into objet_zone values ( 13,23 );
insert into objet_zone values ( 12,24 );
insert into objet_zone values ( 2,25 );
insert into objet_zone values ( 11,26 );
insert into objet_zone values ( 11,27 );
insert into objet_zone values ( 0,28 );
insert into objet_zone values ( 10,29 );
insert into objet_zone values ( 19,30 );
insert into objet_zone values ( 6,31 );
insert into objet_zone values ( 10,32 );
insert into objet_zone values ( 0,34 );
insert into objet_zone values ( 11,35 );
insert into objet_zone values ( 16,36 );
insert into objet_zone values ( 19,37 );
insert into objet_zone values ( 3,38 );
insert into objet_zone values ( 6,39 );
insert into objet_zone values ( 17,40 );
insert into objet_zone values ( 10,41 );
insert into objet_zone values ( 2,42 );
insert into objet_zone values ( 19,43 );
insert into objet_zone values ( 19,44 );
insert into objet_zone values ( 6,45 );
insert into objet_zone values ( 8,46 );
insert into objet_zone values ( 13,47 );
insert into objet_zone values ( 16,48 );
insert into objet_zone values ( 15,49 );
insert into objet_zone values ( 17,50 );
insert into objet_zone values ( 4,51 );
insert into objet_zone values ( 11,52 );
insert into objet_zone values ( 16,53 );
insert into objet_zone values ( 15,54 );
insert into objet_zone values ( 17,55 );
insert into objet_zone values ( 9,56 );
insert into objet_zone values ( 13,57 );
insert into objet_zone values ( 16,58 );
insert into objet_zone values ( 7,59 );
insert into objet_zone values ( 17,60 );
insert into objet_zone values ( 14,61 );
insert into objet_zone values ( 6,62 );
insert into objet_zone values ( 1,63 );
insert into objet_zone values ( 19,64 );
insert into objet_zone values ( 1,65 );
insert into objet_zone values ( 16,66 );
insert into objet_zone values ( 14,67 );
insert into objet_zone values ( 11,68 );
insert into objet_zone values ( 19,69 );
insert into objet_zone values ( 19,70 );
insert into objet_zone values ( 7,71 );
insert into objet_zone values ( 12,72 );
insert into objet_zone values ( 5,73 );
insert into objet_zone values ( 2,74 );
insert into objet_zone values ( 8,75 );
insert into objet_zone values ( 17,76 );
insert into objet_zone values ( 4,77 );
insert into objet_zone values ( 19,78 );
insert into objet_zone values ( 8,79 );
insert into objet_zone values ( 18,80 );
insert into objet_zone values ( 11,81 );
insert into objet_zone values ( 14,82 );
insert into objet_zone values ( 1,83 );
insert into objet_zone values ( 19,84 );
insert into objet_zone values ( 14,85 );
insert into objet_zone values ( 8,86 );
insert into espece_type values ( 0,0 );
insert into espece_type values ( 1,2 );
insert into espece_type values ( 2,13 );
insert into espece_type values ( 3,2 );
insert into espece_type values ( 4,8 );
insert into espece_type values ( 5,0 );
insert into espece_type values ( 6,15 );
insert into espece_type values ( 7,3 );
insert into espece_type values ( 8,11 );
insert into espece_type values ( 9,16 );
insert into espece_type values ( 10,15 );
insert into espece_type values ( 11,16 );
insert into espece_type values ( 12,4 );
insert into espece_type values ( 13,1 );
insert into espece_type values ( 14,1 );
insert into espece_type values ( 15,7 );
insert into espece_type values ( 16,4 );
insert into espece_type values ( 17,9 );
insert into espece_type values ( 18,8 );
insert into espece_type values ( 19,2 );
insert into espece_type values ( 20,4 );
insert into espece_type values ( 21,0 );
insert into espece_type values ( 22,8 );
insert into espece_type values ( 23,9 );
insert into espece_type values ( 24,16 );
insert into espece_type values ( 25,4 );
insert into espece_type values ( 26,0 );
insert into espece_type values ( 27,2 );
insert into espece_type values ( 28,6 );
insert into espece_type values ( 29,12 );
insert into espece_type values ( 30,15 );
insert into espece_type values ( 31,10 );
insert into espece_type values ( 32,1 );
insert into espece_type values ( 33,11 );
insert into espece_type values ( 34,7 );
insert into espece_type values ( 35,5 );
insert into espece_type values ( 36,14 );
insert into espece_type values ( 37,0 );
insert into espece_type values ( 38,15 );
insert into espece_type values ( 39,13 );
insert into espece_type values ( 40,3 );
insert into espece_type values ( 41,14 );
insert into espece_type values ( 42,7 );
insert into espece_type values ( 43,5 );
insert into espece_type values ( 44,14 );
insert into espece_type values ( 45,6 );
insert into espece_type values ( 46,2 );
insert into espece_type values ( 47,16 );
insert into espece_type values ( 48,7 );
insert into espece_type values ( 49,2 );
insert into espece_type values ( 50,10 );
insert into espece_type values ( 51,7 );
insert into espece_type values ( 52,1 );
insert into espece_type values ( 53,2 );
insert into espece_type values ( 54,5 );
insert into espece_type values ( 55,14 );
insert into espece_type values ( 56,5 );
insert into espece_type values ( 57,9 );
insert into espece_type values ( 58,7 );
insert into espece_type values ( 59,11 );
insert into espece_type values ( 60,4 );
insert into espece_type values ( 61,0 );
insert into espece_type values ( 62,0 );
insert into espece_type values ( 63,3 );
insert into espece_type values ( 64,2 );
insert into espece_type values ( 65,5 );
insert into espece_type values ( 66,14 );
insert into espece_type values ( 67,7 );
insert into espece_type values ( 68,11 );
insert into espece_type values ( 69,4 );
insert into espece_type values ( 70,8 );
insert into espece_type values ( 71,8 );
insert into espece_type values ( 72,13 );
insert into espece_type values ( 73,4 );
insert into espece_type values ( 74,4 );
insert into espece_type values ( 75,2 );
insert into espece_type values ( 76,0 );
insert into espece_type values ( 77,4 );
insert into espece_type values ( 78,10 );
insert into espece_type values ( 79,0 );
insert into espece_type values ( 80,11 );
insert into espece_type values ( 81,14 );
insert into espece_type values ( 82,3 );
insert into espece_type values ( 83,16 );
insert into espece_type values ( 84,4 );
insert into espece_type values ( 85,2 );
insert into espece_type values ( 86,0 );
insert into espece_type values ( 87,8 );
insert into espece_type values ( 88,9 );
insert into espece_type values ( 89,9 );
insert into espece_type values ( 90,8 );
insert into espece_type values ( 91,0 );
insert into espece_type values ( 92,14 );
insert into espece_type values ( 93,13 );
insert into espece_type values ( 94,10 );
insert into espece_type values ( 95,9 );
insert into espece_type values ( 96,1 );
insert into espece_type values ( 97,4 );
insert into espece_type values ( 98,2 );
insert into espece_type values ( 99,4 );
insert into espece_type values ( 100,3 );
insert into espece_type values ( 101,16 );
insert into espece_type values ( 102,4 );
insert into espece_type values ( 103,1 );
insert into espece_type values ( 104,4 );
insert into espece_type values ( 105,9 );
insert into espece_type values ( 106,8 );
insert into espece_type values ( 107,10 );
insert into espece_type values ( 108,11 );
insert into espece_type values ( 109,10 );
insert into espece_type values ( 110,0 );
insert into espece_type values ( 111,13 );
insert into espece_type values ( 112,12 );
insert into espece_type values ( 113,8 );
insert into espece_type values ( 114,14 );
insert into espece_type values ( 115,13 );
insert into espece_type values ( 116,3 );
insert into espece_type values ( 117,13 );
insert into espece_type values ( 118,13 );
insert into espece_type values ( 119,3 );
insert into espece_type values ( 120,5 );
insert into espece_type values ( 121,2 );
insert into espece_type values ( 122,10 );
insert into espece_type values ( 123,2 );
insert into espece_type values ( 124,14 );
insert into espece_type values ( 125,13 );
insert into espece_type values ( 126,6 );
insert into espece_type values ( 127,15 );
insert into espece_type values ( 128,3 );
insert into espece_type values ( 129,5 );
insert into espece_type values ( 130,6 );
insert into espece_type values ( 131,4 );
insert into espece_type values ( 132,2 );
insert into espece_type values ( 133,1 );
insert into espece_type values ( 134,14 );
insert into espece_type values ( 135,14 );
insert into espece_type values ( 136,5 );
insert into espece_type values ( 137,10 );
insert into espece_type values ( 138,10 );
insert into espece_type values ( 139,10 );
insert into espece_type values ( 140,6 );
insert into espece_type values ( 141,1 );
insert into espece_type values ( 33,0 );
insert into espece_type values ( 56,1 );
insert into espece_type values ( 111,2 );
insert into espece_type values ( 122,3 );
insert into espece_type values ( 13,4 );
insert into espece_type values ( 114,5 );
insert into espece_type values ( 71,6 );
insert into espece_type values ( 35,7 );
insert into espece_type values ( 34,8 );
insert into espece_type values ( 49,9 );
insert into espece_type values ( 39,10 );
insert into espece_type values ( 88,11 );
insert into espece_type values ( 42,12 );
insert into espece_type values ( 112,13 );
insert into espece_type values ( 128,14 );
insert into espece_type values ( 132,15 );
insert into espece_zone values ( 0,8 );
insert into espece_zone values ( 1,23 );
insert into espece_zone values ( 2,39 );
insert into espece_zone values ( 3,76 );
insert into espece_zone values ( 4,29 );
insert into espece_zone values ( 5,46 );
insert into espece_zone values ( 6,78 );
insert into espece_zone values ( 7,22 );
insert into espece_zone values ( 8,34 );
insert into espece_zone values ( 9,52 );
insert into espece_zone values ( 10,9 );
insert into espece_zone values ( 11,36 );
insert into espece_zone values ( 12,64 );
insert into espece_zone values ( 13,27 );
insert into espece_zone values ( 14,54 );
insert into espece_zone values ( 15,18 );
insert into espece_zone values ( 16,2 );
insert into espece_zone values ( 17,86 );
insert into espece_zone values ( 18,50 );
insert into espece_zone values ( 19,82 );
insert into espece_zone values ( 20,59 );
insert into espece_zone values ( 21,43 );
insert into espece_zone values ( 22,9 );
insert into espece_zone values ( 23,35 );
insert into espece_zone values ( 24,25 );
insert into espece_zone values ( 25,46 );
insert into espece_zone values ( 26,65 );
insert into espece_zone values ( 27,74 );
insert into espece_zone values ( 28,74 );
insert into espece_zone values ( 29,80 );
insert into espece_zone values ( 30,59 );
insert into espece_zone values ( 31,57 );
insert into espece_zone values ( 32,17 );
insert into espece_zone values ( 33,54 );
insert into espece_zone values ( 34,67 );
insert into espece_zone values ( 35,71 );
insert into espece_zone values ( 36,27 );
insert into espece_zone values ( 37,10 );
insert into espece_zone values ( 38,66 );
insert into espece_zone values ( 39,86 );
insert into espece_zone values ( 40,29 );
insert into espece_zone values ( 41,47 );
insert into espece_zone values ( 42,33 );
insert into espece_zone values ( 43,38 );
insert into espece_zone values ( 44,8 );
insert into espece_zone values ( 45,72 );
insert into espece_zone values ( 46,51 );
insert into espece_zone values ( 47,48 );
insert into espece_zone values ( 48,38 );
insert into espece_zone values ( 49,20 );
insert into espece_zone values ( 50,59 );
insert into espece_zone values ( 51,79 );
insert into espece_zone values ( 52,4 );
insert into espece_zone values ( 53,30 );
insert into espece_zone values ( 54,10 );
insert into espece_zone values ( 55,22 );
insert into espece_zone values ( 56,67 );
insert into espece_zone values ( 57,39 );
insert into espece_zone values ( 58,66 );
insert into espece_zone values ( 59,21 );
insert into espece_zone values ( 60,46 );
insert into espece_zone values ( 61,67 );
insert into espece_zone values ( 62,27 );
insert into espece_zone values ( 63,85 );
insert into espece_zone values ( 64,53 );
insert into espece_zone values ( 65,19 );
insert into espece_zone values ( 66,55 );
insert into espece_zone values ( 67,83 );
insert into espece_zone values ( 68,56 );
insert into espece_zone values ( 69,35 );
insert into espece_zone values ( 70,59 );
insert into espece_zone values ( 71,13 );
insert into espece_zone values ( 72,16 );
insert into espece_zone values ( 73,51 );
insert into espece_zone values ( 74,36 );
insert into espece_zone values ( 75,28 );
insert into espece_zone values ( 76,26 );
insert into espece_zone values ( 77,80 );
insert into espece_zone values ( 78,65 );
insert into espece_zone values ( 79,6 );
insert into espece_zone values ( 80,0 );
insert into espece_zone values ( 81,46 );
insert into espece_zone values ( 82,0 );
insert into espece_zone values ( 83,60 );
insert into espece_zone values ( 84,48 );
insert into espece_zone values ( 85,15 );
insert into espece_zone values ( 86,72 );
insert into espece_zone values ( 87,41 );
insert into espece_zone values ( 88,69 );
insert into espece_zone values ( 89,2 );
insert into espece_zone values ( 90,49 );
insert into espece_zone values ( 91,37 );
insert into espece_zone values ( 92,7 );
insert into espece_zone values ( 93,10 );
insert into espece_zone values ( 94,71 );
insert into espece_zone values ( 95,3 );
insert into espece_zone values ( 96,19 );
insert into espece_zone values ( 97,74 );
insert into espece_zone values ( 98,49 );
insert into espece_zone values ( 99,69 );
insert into espece_zone values ( 100,0 );
insert into espece_zone values ( 101,21 );
insert into espece_zone values ( 102,62 );
insert into espece_zone values ( 103,29 );
insert into espece_zone values ( 104,79 );
insert into espece_zone values ( 105,81 );
insert into espece_zone values ( 106,60 );
insert into espece_zone values ( 107,37 );
insert into espece_zone values ( 108,34 );
insert into espece_zone values ( 109,70 );
insert into espece_zone values ( 110,72 );
insert into espece_zone values ( 111,10 );
insert into espece_zone values ( 112,64 );
insert into espece_zone values ( 113,18 );
insert into espece_zone values ( 114,28 );
insert into espece_zone values ( 115,37 );
insert into espece_zone values ( 116,47 );
insert into espece_zone values ( 117,42 );
insert into espece_zone values ( 118,17 );
insert into espece_zone values ( 119,10 );
insert into espece_zone values ( 120,62 );
insert into espece_zone values ( 121,1 );
insert into espece_zone values ( 122,3 );
insert into espece_zone values ( 123,72 );
insert into espece_zone values ( 124,28 );
insert into espece_zone values ( 125,76 );
insert into espece_zone values ( 126,14 );
insert into espece_zone values ( 127,79 );
insert into espece_zone values ( 128,81 );
insert into espece_zone values ( 129,79 );
insert into espece_zone values ( 130,21 );
insert into espece_zone values ( 131,55 );
insert into espece_zone values ( 132,3 );
insert into espece_zone values ( 133,67 );
insert into espece_zone values ( 134,24 );
insert into espece_zone values ( 135,82 );
insert into espece_zone values ( 136,30 );
insert into espece_zone values ( 137,86 );
insert into espece_zone values ( 138,33 );
insert into espece_zone values ( 139,76 );
insert into espece_zone values ( 140,6 );
insert into espece_zone values ( 141,4 );
insert into espece_zone values ( 124,0 );
insert into espece_zone values ( 19,1 );
insert into espece_zone values ( 120,2 );
insert into espece_zone values ( 127,3 );
insert into espece_zone values ( 69,4 );
insert into espece_zone values ( 88,5 );
insert into espece_zone values ( 0,6 );
insert into espece_zone values ( 40,7 );
insert into espece_zone values ( 126,8 );
insert into espece_zone values ( 132,9 );
insert into espece_zone values ( 135,10 );
insert into espece_zone values ( 117,11 );
insert into espece_zone values ( 141,12 );
insert into espece_zone values ( 68,13 );
insert into espece_zone values ( 21,14 );
insert into espece_zone values ( 94,15 );
insert into espece_zone values ( 24,16 );
insert into espece_zone values ( 77,17 );
insert into espece_zone values ( 132,18 );
insert into espece_zone values ( 87,19 );
insert into espece_zone values ( 21,20 );
insert into espece_zone values ( 118,22 );
insert into espece_zone values ( 8,23 );
insert into espece_zone values ( 86,24 );
insert into espece_zone values ( 7,25 );
insert into espece_zone values ( 117,26 );
insert into espece_zone values ( 139,27 );
insert into espece_zone values ( 13,28 );
insert into espece_zone values ( 52,29 );
insert into espece_zone values ( 138,30 );
insert into espece_zone values ( 119,31 );
insert into espece_zone values ( 57,32 );
insert into espece_zone values ( 9,33 );
insert into espece_zone values ( 74,34 );
insert into espece_zone values ( 120,35 );
insert into espece_zone values ( 65,36 );
insert into espece_zone values ( 72,37 );
insert into espece_zone values ( 119,38 );
insert into espece_zone values ( 128,39 );
insert into espece_zone values ( 15,40 );
insert into espece_zone values ( 37,41 );
insert into espece_zone values ( 3,42 );
insert into espece_zone values ( 76,43 );
insert into espece_zone values ( 26,44 );
insert into espece_zone values ( 5,45 );
insert into espece_zone values ( 33,46 );
insert into espece_zone values ( 132,47 );
insert into espece_zone values ( 22,48 );
insert into espece_zone values ( 29,49 );
insert into espece_zone values ( 87,50 );
insert into espece_zone values ( 26,51 );
insert into espece_zone values ( 135,52 );
insert into espece_zone values ( 77,53 );
insert into espece_zone values ( 139,54 );
insert into espece_zone values ( 37,55 );
insert into espece_zone values ( 31,56 );
insert into espece_zone values ( 37,57 );
insert into espece_zone values ( 126,58 );
insert into espece_zone values ( 136,59 );
insert into espece_zone values ( 58,60 );
insert into espece_zone values ( 5,61 );
insert into espece_zone values ( 111,62 );
insert into espece_zone values ( 75,63 );
insert into espece_zone values ( 14,64 );
insert into espece_zone values ( 121,65 );
insert into espece_zone values ( 74,66 );
insert into espece_zone values ( 44,67 );
insert into espece_zone values ( 116,68 );
insert into espece_zone values ( 14,69 );
insert into espece_zone values ( 135,70 );
insert into espece_zone values ( 123,71 );
insert into espece_zone values ( 35,73 );
insert into espece_zone values ( 17,74 );
insert into espece_zone values ( 129,75 );
insert into espece_zone values ( 123,76 );
insert into espece_zone values ( 37,77 );
insert into espece_zone values ( 99,78 );
insert into espece_zone values ( 85,79 );
insert into espece_zone values ( 129,80 );
insert into espece_zone values ( 75,81 );
insert into espece_zone values ( 81,82 );
insert into espece_zone values ( 64,83 );
insert into espece_zone values ( 56,84 );
insert into espece_zone values ( 84,85 );
insert into espece_zone values ( 107,86 );
insert into monstropoche_attaque values ( 0,3 );
insert into monstropoche_attaque values ( 1,22 );
insert into monstropoche_attaque values ( 2,7 );
insert into monstropoche_attaque values ( 3,25 );
insert into monstropoche_attaque values ( 4,3 );
insert into monstropoche_attaque values ( 5,19 );
insert into monstropoche_attaque values ( 6,15 );
insert into monstropoche_attaque values ( 7,18 );
insert into monstropoche_attaque values ( 8,22 );
insert into monstropoche_attaque values ( 9,7 );
insert into monstropoche_attaque values ( 10,26 );
insert into monstropoche_attaque values ( 11,8 );
insert into monstropoche_attaque values ( 12,18 );
insert into monstropoche_attaque values ( 13,10 );
insert into monstropoche_attaque values ( 14,21 );
insert into monstropoche_attaque values ( 15,18 );
insert into monstropoche_attaque values ( 16,20 );
insert into monstropoche_attaque values ( 17,5 );
insert into monstropoche_attaque values ( 18,22 );
insert into monstropoche_attaque values ( 19,22 );
insert into monstropoche_attaque values ( 20,2 );
insert into monstropoche_attaque values ( 21,10 );
insert into monstropoche_attaque values ( 22,0 );
insert into monstropoche_attaque values ( 23,26 );
insert into monstropoche_attaque values ( 24,21 );
insert into monstropoche_attaque values ( 25,27 );
insert into monstropoche_attaque values ( 26,1 );
insert into monstropoche_attaque values ( 27,4 );
insert into monstropoche_attaque values ( 28,6 );
insert into monstropoche_attaque values ( 29,14 );
insert into monstropoche_attaque values ( 30,15 );
insert into monstropoche_attaque values ( 31,18 );
insert into monstropoche_attaque values ( 32,28 );
insert into monstropoche_attaque values ( 33,16 );
insert into monstropoche_attaque values ( 34,10 );
insert into monstropoche_attaque values ( 35,14 );
insert into monstropoche_attaque values ( 36,18 );
insert into monstropoche_attaque values ( 37,17 );
insert into monstropoche_attaque values ( 38,6 );
insert into monstropoche_attaque values ( 39,10 );
insert into monstropoche_attaque values ( 40,0 );
insert into monstropoche_attaque values ( 41,18 );
insert into monstropoche_attaque values ( 42,23 );
insert into monstropoche_attaque values ( 43,13 );
insert into monstropoche_attaque values ( 44,19 );
insert into monstropoche_attaque values ( 45,23 );
insert into monstropoche_attaque values ( 46,6 );
insert into monstropoche_attaque values ( 47,8 );
insert into monstropoche_attaque values ( 48,13 );
insert into monstropoche_attaque values ( 49,23 );
insert into monstropoche_attaque values ( 50,15 );
insert into monstropoche_attaque values ( 51,16 );
insert into monstropoche_attaque values ( 52,6 );
insert into monstropoche_attaque values ( 53,9 );
insert into monstropoche_attaque values ( 54,10 );
insert into monstropoche_attaque values ( 55,15 );
insert into monstropoche_attaque values ( 56,2 );
insert into monstropoche_attaque values ( 57,10 );
insert into monstropoche_attaque values ( 58,26 );
insert into monstropoche_attaque values ( 59,20 );
insert into monstropoche_attaque values ( 60,23 );
insert into monstropoche_attaque values ( 61,3 );
insert into monstropoche_attaque values ( 62,9 );
insert into monstropoche_attaque values ( 63,10 );
insert into monstropoche_attaque values ( 64,23 );
insert into monstropoche_attaque values ( 65,21 );
insert into monstropoche_attaque values ( 66,21 );
insert into monstropoche_attaque values ( 67,0 );
insert into monstropoche_attaque values ( 68,5 );
insert into monstropoche_attaque values ( 69,9 );
insert into monstropoche_attaque values ( 70,27 );
insert into monstropoche_attaque values ( 71,19 );
insert into monstropoche_attaque values ( 72,13 );
insert into monstropoche_attaque values ( 73,22 );
insert into monstropoche_attaque values ( 74,19 );
insert into monstropoche_attaque values ( 75,21 );
insert into monstropoche_attaque values ( 76,14 );
insert into monstropoche_attaque values ( 77,0 );
insert into monstropoche_attaque values ( 78,5 );
insert into monstropoche_attaque values ( 79,26 );
insert into monstropoche_attaque values ( 80,4 );
insert into monstropoche_attaque values ( 81,4 );
insert into monstropoche_attaque values ( 82,12 );
insert into monstropoche_attaque values ( 83,10 );
insert into monstropoche_attaque values ( 84,25 );
insert into monstropoche_attaque values ( 85,14 );
insert into monstropoche_attaque values ( 86,24 );
insert into monstropoche_attaque values ( 87,6 );
insert into monstropoche_attaque values ( 88,8 );
insert into monstropoche_attaque values ( 89,8 );
insert into monstropoche_attaque values ( 90,5 );
insert into monstropoche_attaque values ( 91,7 );
insert into monstropoche_attaque values ( 92,24 );
insert into monstropoche_attaque values ( 93,19 );
insert into monstropoche_attaque values ( 94,22 );
insert into monstropoche_attaque values ( 95,14 );
insert into monstropoche_attaque values ( 96,18 );
insert into monstropoche_attaque values ( 97,24 );
insert into monstropoche_attaque values ( 98,22 );
insert into monstropoche_attaque values ( 99,17 );
insert into monstropoche_attaque values ( 54,0 );
insert into monstropoche_attaque values ( 65,1 );
insert into monstropoche_attaque values ( 16,2 );
insert into monstropoche_attaque values ( 55,3 );
insert into monstropoche_attaque values ( 49,4 );
insert into monstropoche_attaque values ( 33,5 );
insert into monstropoche_attaque values ( 3,6 );
insert into monstropoche_attaque values ( 44,7 );
insert into monstropoche_attaque values ( 36,8 );
insert into monstropoche_attaque values ( 92,9 );
insert into monstropoche_attaque values ( 20,10 );
insert into monstropoche_attaque values ( 60,11 );
insert into monstropoche_attaque values ( 1,12 );
insert into monstropoche_attaque values ( 31,13 );
insert into monstropoche_attaque values ( 61,14 );
insert into monstropoche_attaque values ( 82,15 );
insert into monstropoche_attaque values ( 58,16 );
insert into monstropoche_attaque values ( 55,17 );
insert into monstropoche_attaque values ( 11,18 );
insert into monstropoche_attaque values ( 97,19 );
insert into monstropoche_attaque values ( 75,22 );
insert into monstropoche_attaque values ( 76,23 );
insert into monstropoche_attaque values ( 36,25 );
insert into monstropoche_attaque values ( 42,26 );
insert into monstropoche_attaque values ( 68,27 );
insert into monstropoche_attaque values ( 87,28 );
