drop table monstropoche_attaque;
drop table espece_zone;
drop table espece_type;
drop table objet_zone;
drop table monstropoche;
drop table espece;
drop table etat;
drop table genre;
drop table objet;
drop table zone;
drop table attaque;
drop table type;
drop table proprietaire;

create table proprietaire (id int not null, nom varchar(255) not null, primary key(id));
create table type (id int not null, nom varchar(255) not null, primary key(id));
create table attaque (id int not null, type_id int not null, nom varchar(255) not null, puissance int not null, perequis int not null, precizion int not null, constraint fk_attaque_type foreign key (type_id) references type(id), primary key(id));
create table zone (id int not null, nom varchar(255) not null, primary key(id));
create table objet (id int not null, nom varchar(255) not null, est_unique number(1) not null, est_offensif number(1), primary key(id));
create table genre (id int not null, femelle number(1) not null, male number(1) not null, primary key(id));
create table etat (id int not null, nom varchar(255) not null, primary key(id));
create table espece (id int not null, objet_id int, source_id int, nom varchar(255) not null, constraint fk_espece_objet foreign key (objet_id) references objet(id), constraint fk_espece_espece foreign key (source_id) references espece(id), primary key(id));
create table monstropoche (id int not null, surnom varchar(255) not null, proprietaire_id int, genre_id int not null, etat_id int not null, objet_id int, espece_id int not null, pv int not null, pe int not null, pv_actuel int not null, constraint fk_monstropoche_proprietaire foreign key (proprietaire_id) references proprietaire(id), constraint fk_monstropoche_genre foreign key (genre_id) references genre(id), constraint fk_monstropoche_etat foreign key (etat_id) references etat(id), constraint fk_monstropoche_objet foreign key (objet_id) references objet(id), constraint fk_monstropoche_espece foreign key (espece_id) references espece(id), primary key(id));
create table objet_zone (objet_id int not null, zone_id int not null, constraint fk_objet_zone_objet foreign key (objet_id) references objet(id), constraint fk_objet_zone_zone foreign key (zone_id) references zone(id), primary key(objet_id, zone_id));
create table espece_type (espece_id int not null, type_id int not null, constraint fk_espece_type_espece foreign key (espece_id) references espece(id), constraint fk_espece_type_type foreign key (type_id) references type(id), primary key(espece_id, type_id));
create table espece_zone (espece_id int not null, zone_id int not null, constraint fk_espece_zone_espece foreign key (espece_id) references espece(id), constraint fk_espece_zone_zone foreign key (zone_id) references zone(id), primary key(espece_id, zone_id));
create table monstropoche_attaque (monstropoche_id int not null, attaque_id int not null, constraint fk_monstropoche_attaque_m foreign key (monstropoche_id) references monstropoche(id), constraint fk_monstropoche_attaque_a foreign key (attaque_id) references attaque(id), primary key(monstropoche_id, attaque_id));

delete from monstropoche_attaque;
delete from espece_zone;
delete from espece_type;
delete from objet_zone;
delete from monstropoche;
delete from espece;
delete from etat;
delete from type;
delete from genre;
delete from objet;
delete from attaque;
delete from zone;
delete from proprietaire;

insert into proprietaire values ( 0,'Louis Le gall' );
insert into proprietaire values ( 1,'Zoe Renaud' );
insert into proprietaire values ( 2,'Mohamed Fournier' );
insert into proprietaire values ( 3,'Ethan Mathieu' );
insert into proprietaire values ( 4,'Carla Marchal' );
insert into proprietaire values ( 5,'Maëlle Menard' );
insert into proprietaire values ( 6,'Mattéo David Sr.' );
insert into proprietaire values ( 7,'Romane Schneider' );
insert into proprietaire values ( 8,'Maxime Perrin III' );
insert into proprietaire values ( 9,'Jade Laurent' );
insert into proprietaire values ( 10,'Louna Breton DVM' );
insert into proprietaire values ( 11,'Louna Clement' );
insert into proprietaire values ( 12,'Mathilde Lambert' );
insert into proprietaire values ( 13,'Noah Lemaire' );
insert into proprietaire values ( 14,'Nathan Lopez' );
insert into proprietaire values ( 15,'Mael Dupuis' );
insert into proprietaire values ( 16,'Lou Moulin' );
insert into proprietaire values ( 17,'Noah Robin' );
insert into proprietaire values ( 18,'Julien Cousin' );
insert into proprietaire values ( 19,'Emilie Renaud' );
insert into proprietaire values ( 20,'Lucas Carpentier' );
insert into proprietaire values ( 21,'Clara Arnaud' );
insert into proprietaire values ( 22,'Romain Martinez' );
insert into proprietaire values ( 23,'M Clara Jean' );
insert into proprietaire values ( 24,'Théo Laurent' );
insert into proprietaire values ( 25,'Mathis Marchal' );
insert into proprietaire values ( 26,'Dr Mathéo Denis' );
insert into proprietaire values ( 27,'Victor Carre' );
insert into proprietaire values ( 28,'Chloé Giraud' );
insert into proprietaire values ( 29,'Ines Schmitt' );
insert into proprietaire values ( 30,'Mathilde Leroy' );
insert into proprietaire values ( 31,'Evan Perrot' );
insert into proprietaire values ( 32,'Antoine Moreau' );
insert into proprietaire values ( 33,'Gabriel Morel II' );
insert into proprietaire values ( 34,'Antoine Gautier' );
insert into proprietaire values ( 35,'Mattéo Andre' );
insert into proprietaire values ( 36,'Prof Raphaël Denis' );
insert into proprietaire values ( 37,'Lou Fleury' );
insert into proprietaire values ( 38,'Juliette Meunier Sr.' );
insert into proprietaire values ( 39,'Antoine Girard' );
insert into proprietaire values ( 40,'Mathis Lopez Jr.' );
insert into proprietaire values ( 41,'Yanis Nguyen' );
insert into proprietaire values ( 42,'Alexandre Nicolas' );
insert into proprietaire values ( 43,'Alice Mathieu' );
insert into proprietaire values ( 44,'Mlle Gabriel Louis' );
insert into proprietaire values ( 45,'Adam Marchand' );
insert into proprietaire values ( 46,'Nathan Robin' );
insert into proprietaire values ( 47,'Mélissa Blanc' );
insert into proprietaire values ( 48,'Justine Adam' );
insert into proprietaire values ( 49,'Raphaël Poirier' );
insert into proprietaire values ( 50,'Emilie Olivier' );
insert into proprietaire values ( 51,'Ambre Lacroix' );
insert into proprietaire values ( 52,'Mael Robert' );
insert into proprietaire values ( 53,'Noémie Gonzalez' );
insert into proprietaire values ( 54,'Mael Perez' );
insert into proprietaire values ( 55,'Ines Renault' );
insert into proprietaire values ( 56,'Hugo Bonnet Jr.' );
insert into proprietaire values ( 57,'Baptiste Hubert' );
insert into proprietaire values ( 58,'Lilou Royer' );
insert into proprietaire values ( 59,'Hugo Petit' );
insert into proprietaire values ( 60,'Jade Leroux' );
insert into proprietaire values ( 61,'Nathan Rey' );
insert into proprietaire values ( 62,'Benjamin Berger' );
insert into proprietaire values ( 63,'Baptiste Vincent' );
insert into proprietaire values ( 64,'Mathilde Garnier' );
insert into proprietaire values ( 65,'Léo Masson' );
insert into proprietaire values ( 66,'Mathis Leroux' );
insert into proprietaire values ( 67,'Quentin Fournier' );
insert into proprietaire values ( 68,'Hugo Colin' );
insert into proprietaire values ( 69,'Yanis Morin' );
insert into proprietaire values ( 70,'Paul Le gall' );
insert into proprietaire values ( 71,'Lina Brun' );
insert into proprietaire values ( 72,'Maxence Olivier' );
insert into proprietaire values ( 73,'Rayan Gonzalez' );
insert into proprietaire values ( 74,'Mlle Pauline Cousin' );
insert into proprietaire values ( 75,'Lucas Sanchez' );
insert into proprietaire values ( 76,'Zoe Masson' );
insert into proprietaire values ( 77,'Jeanne Laine' );
insert into proprietaire values ( 78,'Kylian Renaud' );
insert into proprietaire values ( 79,'Baptiste Guillot' );
insert into proprietaire values ( 80,'Adrien Mathieu' );
insert into proprietaire values ( 81,'Alexandre Chevalier' );
insert into proprietaire values ( 82,'Maeva Schmitt' );
insert into proprietaire values ( 83,'Lucas Arnaud' );
insert into proprietaire values ( 84,'Quentin Morin' );
insert into proprietaire values ( 85,'Ethan Fournier' );
insert into proprietaire values ( 86,'Victor Perrot' );
insert into proprietaire values ( 87,'Benjamin Andre' );
insert into proprietaire values ( 88,'Jeanne Charpentier' );
insert into proprietaire values ( 89,'Clément Marchal' );
insert into proprietaire values ( 90,'Adrien Collet' );
insert into proprietaire values ( 91,'Carla Laurent' );
insert into proprietaire values ( 92,'Gabriel Leclercq' );
insert into proprietaire values ( 93,'Mélissa Fleury III' );
insert into proprietaire values ( 94,'Nathan Moreau MD' );
insert into proprietaire values ( 95,'Prof Benjamin Durand' );
insert into proprietaire values ( 96,'Dr Louise Paris' );
insert into proprietaire values ( 97,'Océane Pons' );
insert into proprietaire values ( 98,'Benjamin Lacroix' );
insert into proprietaire values ( 99,'Léa Nicolas' );
insert into type values ( 0,'Glace' );
insert into type values ( 1,'Dragon' );
insert into type values ( 2,'Sol' );
insert into type values ( 3,'Plante' );
insert into type values ( 4,'Feu' );
insert into type values ( 5,'Eau' );
insert into type values ( 6,'Électrique' );
insert into type values ( 7,'Psy' );
insert into type values ( 8,'Spectre' );
insert into type values ( 9,'Ténèbre' );
insert into type values ( 10,'Fée' );
insert into type values ( 11,'Acier' );
insert into type values ( 12,'Poison' );
insert into type values ( 13,'Roche' );
insert into type values ( 14,'Combat' );
insert into type values ( 15,'Insecte' );
insert into type values ( 16,'Normal' );
insert into attaque values ( 0,8,'Triplattaque',163,94,26 );
insert into attaque values ( 1,9,'Escalade',94,69,56 );
insert into attaque values ( 2,15,'Morphing',85,67,87 );
insert into attaque values ( 3,6,'Vœu',122,74,10 );
insert into attaque values ( 4,5,'Grobisou',39,65,80 );
insert into attaque values ( 5,2,'Pilonnage',83,31,89 );
insert into attaque values ( 6,1,'Recyclage',16,19,79 );
insert into attaque values ( 7,1,'Regard Médusant',204,12,52 );
insert into attaque values ( 8,1,'E-Coque',162,84,57 );
insert into attaque values ( 9,7,'Constriction',56,11,46 );
insert into attaque values ( 10,14,'Picanon',232,47,0 );
insert into attaque values ( 11,13,'Uppercut',80,94,46 );
insert into attaque values ( 12,3,'Coup de Main',183,71,15 );
insert into attaque values ( 13,5,'Flash',159,52,41 );
insert into attaque values ( 14,10,'Conversion',31,42,41 );
insert into attaque values ( 15,8,'Affûtage',125,1,28 );
insert into attaque values ( 16,0,'Croc de Mort',202,90,52 );
insert into attaque values ( 17,8,'Par Ici',77,50,58 );
insert into attaque values ( 18,4,'Attrition',104,77,77 );
insert into attaque values ( 19,5,'Force-Nature',205,79,26 );
insert into attaque values ( 20,8,'Combo-Griffe',30,34,90 );
insert into attaque values ( 21,4,'Explosion',33,27,33 );
insert into attaque values ( 22,8,'Trempette',67,80,2 );
insert into attaque values ( 23,11,'Exuviation',187,7,8 );
insert into attaque values ( 24,10,'CoudKrâne',81,34,92 );
insert into attaque values ( 25,5,'Météores',235,79,23 );
insert into attaque values ( 26,5,'Relais',118,56,80 );
insert into attaque values ( 27,7,'Rengorgement',201,94,43 );
insert into attaque values ( 28,6,'BoulArmure',85,75,17 );
insert into zone values ( 0,'Croatia' );
insert into zone values ( 1,'El Salvador' );
insert into zone values ( 2,'Lebanon' );
insert into zone values ( 3,'Czech Republic' );
insert into zone values ( 4,'China' );
insert into zone values ( 5,'Comoros' );
insert into zone values ( 6,'Cocos (Keeling) Islands' );
insert into zone values ( 7,'Cameroon' );
insert into zone values ( 8,'Belgium' );
insert into zone values ( 9,'Armenia' );
insert into zone values ( 10,'Thailand' );
insert into zone values ( 11,'Andorra' );
insert into zone values ( 12,'Ghana' );
insert into zone values ( 13,'Cuba' );
insert into zone values ( 14,'Pakistan' );
insert into zone values ( 15,'Macao' );
insert into zone values ( 16,'Benin' );
insert into zone values ( 17,'Azerbaijan' );
insert into zone values ( 18,'Kiribati' );
insert into zone values ( 19,'British Indian Ocean Territory (Chagos Archipelago)' );
insert into zone values ( 20,'Bosnia and Herzegovina' );
insert into zone values ( 21,'Puerto Rico' );
insert into zone values ( 22,'Uzbekistan' );
insert into zone values ( 23,'Lao Peoples Democratic Republic' );
insert into zone values ( 24,'Brazil' );
insert into zone values ( 25,'Netherlands' );
insert into zone values ( 26,'Ukraine' );
insert into zone values ( 27,'Myanmar' );
insert into zone values ( 28,'Afghanistan' );
insert into zone values ( 29,'Netherlands Antilles' );
insert into zone values ( 30,'Jersey' );
insert into zone values ( 31,'Central African Republic' );
insert into zone values ( 32,'Tunisia' );
insert into zone values ( 33,'Mongolia' );
insert into zone values ( 34,'Tonga' );
insert into zone values ( 35,'Albania' );
insert into zone values ( 36,'Israel' );
insert into zone values ( 37,'Turks and Caicos Islands' );
insert into zone values ( 38,'Italy' );
insert into zone values ( 39,'Montenegro' );
insert into zone values ( 40,'Luxembourg' );
insert into zone values ( 41,'Georgia' );
insert into zone values ( 42,'Philippines' );
insert into zone values ( 43,'Saint Helena' );
insert into zone values ( 44,'Greenland' );
insert into zone values ( 45,'Brunei Darussalam' );
insert into zone values ( 46,'Turkey' );
insert into zone values ( 47,'Cambodia' );
insert into zone values ( 48,'Burkina Faso' );
insert into zone values ( 49,'Virgin Islands, U.S.' );
insert into zone values ( 50,'Bangladesh' );
insert into zone values ( 51,'Colombia' );
insert into zone values ( 52,'Lithuania' );
insert into zone values ( 53,'Gibraltar' );
insert into zone values ( 54,'Maldives' );
insert into zone values ( 55,'Sweden' );
insert into zone values ( 56,'French Guiana' );
insert into zone values ( 57,'Malawi' );
insert into zone values ( 58,'India' );
insert into zone values ( 59,'Cayman Islands' );
insert into zone values ( 60,'Egypt' );
insert into zone values ( 61,'Kazakhstan' );
insert into zone values ( 62,'Nicaragua' );
insert into zone values ( 63,'Uganda' );
insert into zone values ( 64,'Bahrain' );
insert into zone values ( 65,'Kuwait' );
insert into zone values ( 66,'Anguilla' );
insert into zone values ( 67,'Pitcairn Islands' );
insert into zone values ( 68,'Christmas Island' );
insert into zone values ( 69,'Wallis and Futuna' );
insert into zone values ( 70,'Kyrgyz Republic' );
insert into zone values ( 71,'Guam' );
insert into zone values ( 72,'Grenada' );
insert into zone values ( 73,'Monaco' );
insert into zone values ( 74,'Togo' );
insert into zone values ( 75,'Indonesia' );
insert into zone values ( 76,'Samoa' );
insert into zone values ( 77,'Fiji' );
insert into zone values ( 78,'Nepal' );
insert into objet values ( 0,'Défense +',0,0 );
insert into objet values ( 1,'Muscle +',0,0 );
insert into objet values ( 2,'Défense Spéc',0,0 );
insert into objet values ( 3,'Déf. Spé. +',0,0 );
insert into objet values ( 4,'Attaque +',0,0 );
insert into objet values ( 5,'Spécial +',0,0 );
insert into objet values ( 6,'Précision +',0,0 );
insert into objet values ( 7,'Vitesse +',0,0 );
insert into objet values ( 8,'Baie Tamato',0,0 );
insert into objet values ( 9,'Baie Résin',0,0 );
insert into objet values ( 10,'Baie Lonme',0,0 );
insert into objet values ( 11,'Baie Qualot',0,0 );
insert into objet values ( 12,'Baie Alga',0,0 );
insert into objet values ( 13,'Baie Grena',0,0 );
insert into objet values ( 14,'Baie Mepo',0,0 );
insert into objet values ( 15,'Baie Willia',0,0 );
insert into objet values ( 16,'Baie Fraive',0,0 );
insert into objet values ( 17,'Baie Pêcha',0,0 );
insert into objet values ( 18,'Baie Maron',0,0 );
insert into objet values ( 19,'Baie Oran',0,0 );
insert into genre values ( 0,0,0 );
insert into genre values ( 1,0,1 );
insert into genre values ( 2,1,1 );
insert into genre values ( 3,1,0 );
insert into etat values ( 0,'Mission' );
insert into etat values ( 1,'Repos' );
insert into etat values ( 2,'Reproduction' );
insert into espece values ( 0,2,null,'Bulbizarre' );
insert into espece values ( 1,null,null,'Chenipan' );
insert into espece values ( 2,null,1,'Voltorbe' );
insert into espece values ( 3,null,null,'Électrode' );
insert into espece values ( 4,null,null,'Nœunœuf' );
insert into espece values ( 5,null,null,'Noadkoko' );
insert into espece values ( 6,7,null,'Osselait' );
insert into espece values ( 7,null,null,'Ossatueur' );
insert into espece values ( 8,null,null,'Kicklee' );
insert into espece values ( 9,18,null,'Tygnon' );
insert into espece values ( 10,11,8,'Excelangue' );
insert into espece values ( 11,0,null,'Smogo' );
insert into espece values ( 12,null,null,'Chrysacier' );
insert into espece values ( 13,null,null,'Smogogo' );
insert into espece values ( 14,null,null,'Rhinocorne' );
insert into espece values ( 15,null,null,'Rhinoféros' );
insert into espece values ( 16,4,null,'Leveinard' );
insert into espece values ( 17,null,null,'Saquedeneu' );
insert into espece values ( 18,null,null,'Kangourex' );
insert into espece values ( 19,null,null,'Hypotrempe' );
insert into espece values ( 20,null,null,'Hypocéan' );
insert into espece values ( 21,null,null,'Poissirène' );
insert into espece values ( 22,18,null,'Poissoroy' );
insert into espece values ( 23,15,null,'Papilusion' );
insert into espece values ( 24,null,null,'Stari' );
insert into espece values ( 25,13,null,'Staross' );
insert into espece values ( 26,null,null,'M.Mime' );
insert into espece values ( 27,null,null,'Insécateur' );
insert into espece values ( 28,2,null,'Lippoutou' );
insert into espece values ( 29,null,null,'Élektek' );
insert into espece values ( 30,null,null,'Magmar' );
insert into espece values ( 31,null,null,'Scarabrute' );
insert into espece values ( 32,17,null,'Tauros' );
insert into espece values ( 33,null,null,'Magicarpe' );
insert into espece values ( 34,null,null,'Aspicot' );
insert into espece values ( 35,11,null,'Léviator' );
insert into espece values ( 36,null,null,'Lokhlass' );
insert into espece values ( 37,14,null,'Métamorph' );
insert into espece values ( 38,null,null,'Évoli' );
insert into espece values ( 39,11,null,'Aquali' );
insert into espece values ( 40,null,null,'Voltali' );
insert into espece values ( 41,11,null,'Pyroli' );
insert into espece values ( 42,null,null,'Porygon' );
insert into espece values ( 43,null,null,'Amonita' );
insert into espece values ( 44,14,null,'Amonistar' );
insert into espece values ( 45,null,null,'Coconfort' );
insert into espece values ( 46,11,null,'Kabuto' );
insert into espece values ( 47,8,10,'Kabutops' );
insert into espece values ( 48,5,null,'Ptéra' );
insert into espece values ( 49,19,null,'Ronflex' );
insert into espece values ( 50,12,null,'Artikodin' );
insert into espece values ( 51,null,null,'Électhor' );
insert into espece values ( 52,null,null,'Sulfura' );
insert into espece values ( 53,null,null,'Minidraco' );
insert into espece values ( 54,null,null,'Draco' );
insert into espece values ( 55,null,null,'Dracolosse' );
insert into espece values ( 56,null,null,'Dardargnan' );
insert into espece values ( 57,9,45,'Mewtwo' );
insert into espece values ( 58,15,null,'Mew' );
insert into espece values ( 59,null,null,'Roucool' );
insert into espece values ( 60,18,null,'Roucoups' );
insert into espece values ( 61,7,null,'Roucarnage' );
insert into espece values ( 62,2,61,'Rattata' );
insert into espece values ( 63,3,null,'Herbizarre' );
insert into espece values ( 64,null,62,'Rattatac' );
insert into espece values ( 65,null,33,'Piafabec' );
insert into espece values ( 66,13,11,'Rapasdepic' );
insert into espece values ( 67,null,null,'Abo' );
insert into espece values ( 68,16,null,'Arbok' );
insert into espece values ( 69,null,null,'Pikachu' );
insert into espece values ( 70,null,null,'Raichu' );
insert into espece values ( 71,null,null,'Sabelette' );
insert into espece values ( 72,null,null,'Sablaireau' );
insert into espece values ( 73,null,null,'Nidoran♀' );
insert into espece values ( 74,18,null,'Florizarre' );
insert into espece values ( 75,18,null,'Nidorina' );
insert into espece values ( 76,12,null,'Nidoqueen' );
insert into espece values ( 77,null,null,'Nidoran♂' );
insert into espece values ( 78,5,null,'Nidorino' );
insert into espece values ( 79,17,null,'Nidoking' );
insert into espece values ( 80,null,null,'Mélofée' );
insert into espece values ( 81,null,null,'Mélodelfe' );
insert into espece values ( 82,null,null,'Feunard' );
insert into espece values ( 83,0,null,'Rondoudou' );
insert into espece values ( 84,null,null,'Salamèche' );
insert into espece values ( 85,2,null,'Grodoudou' );
insert into espece values ( 86,7,null,'Nosferapti' );
insert into espece values ( 87,null,null,'Nosferalto' );
insert into espece values ( 88,13,null,'Mystherbe' );
insert into espece values ( 89,9,64,'Ortide' );
insert into espece values ( 90,null,null,'Rafflesia' );
insert into espece values ( 91,null,null,'Paras' );
insert into espece values ( 92,null,null,'Parasect' );
insert into espece values ( 93,17,null,'Mimitoss' );
insert into espece values ( 94,2,null,'Aéromite' );
insert into espece values ( 95,10,null,'Reptincel' );
insert into espece values ( 96,5,null,'Taupiqueur' );
insert into espece values ( 97,6,null,'Triopikeur' );
insert into espece values ( 98,15,null,'Miaouss' );
insert into espece values ( 99,6,null,'Persian' );
insert into espece values ( 100,10,null,'Psykokwak' );
insert into espece values ( 101,null,null,'Akwakwak' );
insert into espece values ( 102,null,null,'Férosinge' );
insert into espece values ( 103,null,null,'Colossinge' );
insert into espece values ( 104,19,null,'Caninos' );
insert into espece values ( 105,null,null,'Arcanin' );
insert into espece values ( 106,10,null,'Dracaufeu' );
insert into espece values ( 107,null,null,'Ptitard' );
insert into espece values ( 108,8,null,'Têtarte' );
insert into espece values ( 109,16,null,'Tartard' );
insert into espece values ( 110,null,null,'Abra' );
insert into espece values ( 111,null,null,'Kadabra' );
insert into espece values ( 112,null,null,'Alakazam' );
insert into espece values ( 113,0,null,'Machoc' );
insert into espece values ( 114,6,null,'Machopeur' );
insert into espece values ( 115,13,26,'Mackogneur' );
insert into espece values ( 116,null,null,'Chétiflor' );
insert into espece values ( 117,17,null,'Carapuce' );
insert into espece values ( 118,null,null,'Boustiflor' );
insert into espece values ( 119,17,null,'Empiflor' );
insert into espece values ( 120,null,null,'Tentacool' );
insert into espece values ( 121,null,null,'Tentacruel' );
insert into espece values ( 122,null,null,'Racaillou' );
insert into espece values ( 123,15,null,'Gravalanch' );
insert into espece values ( 124,null,26,'Grolem' );
insert into espece values ( 125,4,27,'Ponyta' );
insert into espece values ( 126,12,null,'Galopa' );
insert into espece values ( 127,null,null,'Carabaffe' );
insert into espece values ( 128,17,null,'Flagadoss' );
insert into espece values ( 129,null,null,'Magnéton' );
insert into espece values ( 130,12,null,'Canarticho' );
insert into espece values ( 131,3,null,'Dodrio' );
insert into espece values ( 132,null,null,'Otaria' );
insert into espece values ( 133,null,null,'Tadmorv' );
insert into espece values ( 134,7,null,'Grotadmorv' );
insert into espece values ( 135,null,null,'Kokiyas' );
insert into espece values ( 136,null,null,'Crustabri' );
insert into espece values ( 137,null,null,'Spectrum' );
insert into espece values ( 138,15,null,'Ectoplasma' );
insert into espece values ( 139,null,3,'Soporifik' );
insert into espece values ( 140,null,null,'Hypnomade' );
insert into espece values ( 141,null,70,'Krabboss' );
insert into monstropoche values ( 0,'Rey.Sipes14',4,0,2,8,43,69,91,60 );
insert into monstropoche values ( 1,'Ewald.Veum17',72,0,2,14,1,25,77,4 );
insert into monstropoche values ( 2,'Karlie_Davis',null,2,1,19,131,10,59,4 );
insert into monstropoche values ( 3,'Madie_Larkin34',null,3,0,16,79,3,25,1 );
insert into monstropoche values ( 4,'Luis_Koelpin8',1,2,2,9,108,70,63,15 );
insert into monstropoche values ( 5,'Brandy.Gutkowski',90,0,2,0,108,36,17,19 );
insert into monstropoche values ( 6,'Aurelia.Nitzsche91',20,0,0,18,67,57,61,14 );
insert into monstropoche values ( 7,'Valentina12',null,2,0,4,74,68,20,31 );
insert into monstropoche values ( 8,'Mafalda.Pfeffer18',null,2,1,18,83,23,69,11 );
insert into monstropoche values ( 9,'Dejah61',34,2,2,12,12,47,67,4 );
insert into monstropoche values ( 10,'Janae.OReilly',null,1,1,10,111,92,44,45 );
insert into monstropoche values ( 11,'Seamus.Gusikowski',null,2,2,15,103,97,22,60 );
insert into monstropoche values ( 12,'Major.Hauck',81,2,0,13,85,93,42,91 );
insert into monstropoche values ( 13,'Cecil.Spencer',92,3,2,17,128,13,51,3 );
insert into monstropoche values ( 14,'Reba.Koss70',32,3,0,3,58,38,77,33 );
insert into monstropoche values ( 15,'Gudrun.Johnson',41,2,2,14,134,88,11,85 );
insert into monstropoche values ( 16,'Kaela.Kulas',null,3,0,9,141,22,0,22 );
insert into monstropoche values ( 17,'Manuel.Dooley',null,2,1,17,139,23,97,22 );
insert into monstropoche values ( 18,'Jazmin_Klocko',8,1,1,10,90,5,87,2 );
insert into monstropoche values ( 19,'Marisa.Bode',50,2,0,2,98,20,59,2 );
insert into monstropoche values ( 20,'Mackenzie79',11,1,2,17,40,87,43,43 );
insert into monstropoche values ( 21,'Emiliano47',null,3,2,5,72,46,22,33 );
insert into monstropoche values ( 22,'Kailee19',58,3,1,14,56,49,24,48 );
insert into monstropoche values ( 23,'Sage5',0,1,2,12,7,72,87,2 );
insert into monstropoche values ( 24,'Gustave_Nienow',null,3,0,8,119,75,20,69 );
insert into monstropoche values ( 25,'Ewell_Blanda',81,0,1,18,84,19,64,4 );
insert into monstropoche values ( 26,'Adam_Trantow',33,2,1,14,118,95,1,35 );
insert into monstropoche values ( 27,'Gretchen.Wuckert',null,2,0,7,51,12,76,11 );
insert into monstropoche values ( 28,'Amelie.Kerluke89',null,3,0,16,73,87,48,59 );
insert into monstropoche values ( 29,'Garrick75',18,2,1,2,4,35,67,7 );
insert into monstropoche values ( 30,'Berneice38',null,3,1,2,2,49,65,22 );
insert into monstropoche values ( 31,'Jerel.MacGyver',null,3,0,17,124,52,46,7 );
insert into monstropoche values ( 32,'Adam93',17,0,2,7,57,18,90,8 );
insert into monstropoche values ( 33,'Bernardo57',2,2,2,2,83,51,83,20 );
insert into monstropoche values ( 34,'Eloy.Wilderman93',62,3,1,13,69,60,19,16 );
insert into monstropoche values ( 35,'Jade.Friesen',null,1,1,5,132,20,76,6 );
insert into monstropoche values ( 36,'Esteban40',17,0,1,10,1,30,37,14 );
insert into monstropoche values ( 37,'Eliezer_Ritchie',null,2,2,17,7,38,62,29 );
insert into monstropoche values ( 38,'Danyka50',null,2,0,15,138,92,35,5 );
insert into monstropoche values ( 39,'Emely20',null,0,0,12,80,18,26,15 );
insert into monstropoche values ( 40,'Ardella17',null,3,2,19,63,34,33,7 );
insert into monstropoche values ( 41,'Lyda20',null,0,1,14,96,27,2,17 );
insert into monstropoche values ( 42,'Karli.Treutel4',91,3,2,12,40,85,5,60 );
insert into monstropoche values ( 43,'Alvina52',null,3,2,11,21,21,92,2 );
insert into monstropoche values ( 44,'Elvis79',30,2,2,18,42,78,50,39 );
insert into monstropoche values ( 45,'Jany.Pacocha',98,2,2,9,71,26,25,18 );
insert into monstropoche values ( 46,'Garrison_Gusikowski89',null,1,2,3,53,64,74,31 );
insert into monstropoche values ( 47,'Mireille.Zemlak',null,3,1,0,81,97,54,64 );
insert into monstropoche values ( 48,'Leora.Johnston59',87,0,1,12,15,34,99,15 );
insert into monstropoche values ( 49,'Andrew_Breitenberg11',null,3,1,19,57,39,31,8 );
insert into monstropoche values ( 50,'Miracle16',null,3,2,5,95,6,69,6 );
insert into monstropoche values ( 51,'Erling57',62,0,2,18,132,49,81,14 );
insert into monstropoche values ( 52,'Sedrick36',null,2,0,4,35,43,86,17 );
insert into monstropoche values ( 53,'Tanya95',21,2,0,3,101,59,75,58 );
insert into monstropoche values ( 54,'Lue_Brakus',null,1,2,9,117,79,4,43 );
insert into monstropoche values ( 55,'Kacie30',7,2,1,19,58,100,70,40 );
insert into monstropoche values ( 56,'Kole.Lueilwitz21',null,3,2,0,139,86,41,72 );
insert into monstropoche values ( 57,'Haven.Schinner2',null,3,1,1,111,25,90,15 );
insert into monstropoche values ( 58,'Laurine.Cartwright',null,3,0,13,100,17,36,10 );
insert into monstropoche values ( 59,'Jett84',82,2,1,12,62,93,84,58 );
insert into monstropoche values ( 60,'Devan_Gerhold',null,0,2,12,107,5,43,0 );
insert into monstropoche values ( 61,'Avery76',41,1,0,17,136,10,41,2 );
insert into monstropoche values ( 62,'Arjun.Konopelski',null,2,1,13,73,66,98,1 );
insert into monstropoche values ( 63,'Rowena_Bosco',null,3,1,16,141,24,64,12 );
insert into monstropoche values ( 64,'Fermin89',null,1,2,12,119,52,58,8 );
insert into monstropoche values ( 65,'Janessa18',null,3,2,13,8,62,82,16 );
insert into monstropoche values ( 66,'Rhoda16',null,3,1,5,134,44,84,39 );
insert into monstropoche values ( 67,'Gabrielle85',5,1,1,9,50,52,73,31 );
insert into monstropoche values ( 68,'Milo67',null,0,1,3,106,11,21,5 );
insert into monstropoche values ( 69,'Estrella16',null,3,2,6,137,80,79,9 );
insert into monstropoche values ( 70,'Chelsey_Bechtelar91',null,3,0,3,118,3,88,3 );
insert into monstropoche values ( 71,'Lloyd.Hyatt',null,3,2,8,89,39,48,0 );
insert into monstropoche values ( 72,'Darren67',null,1,1,3,1,49,72,35 );
insert into monstropoche values ( 73,'Keon_Ziemann',null,0,0,12,82,51,16,7 );
insert into monstropoche values ( 74,'Samir_Christiansen',null,2,0,1,9,54,41,41 );
insert into monstropoche values ( 75,'Johnny.Prohaska39',null,0,2,7,135,42,88,13 );
insert into monstropoche values ( 76,'Hellen97',6,1,2,10,122,5,94,4 );
insert into monstropoche values ( 77,'Buck_Mills',null,0,0,6,76,35,18,14 );
insert into monstropoche values ( 78,'Gunnar97',58,0,2,7,88,32,5,6 );
insert into monstropoche values ( 79,'Howard_Daniel',42,3,1,12,94,94,45,70 );
insert into monstropoche values ( 80,'Sadie55',25,1,2,19,104,29,47,25 );
insert into monstropoche values ( 81,'Isobel.Beer',null,2,2,1,5,10,88,7 );
insert into monstropoche values ( 82,'Dariana39',null,0,2,18,97,98,41,87 );
insert into monstropoche values ( 83,'Brandy_Bernier',77,2,1,0,81,31,74,26 );
insert into monstropoche values ( 84,'Marlon36',null,3,2,10,99,4,73,1 );
insert into monstropoche values ( 85,'Bert53',74,1,2,18,128,14,84,14 );
insert into monstropoche values ( 86,'Mina_Jerde',null,1,1,1,54,88,80,22 );
insert into monstropoche values ( 87,'Verlie_Swift48',null,0,1,4,102,68,93,18 );
insert into monstropoche values ( 88,'David_Langosh',null,3,0,9,84,88,33,28 );
insert into monstropoche values ( 89,'Nicklaus73',null,2,1,12,100,4,1,2 );
insert into monstropoche values ( 90,'Johathan70',52,1,2,5,17,32,12,5 );
insert into monstropoche values ( 91,'Arlene33',32,2,1,6,71,47,43,0 );
insert into monstropoche values ( 92,'Reta8',41,3,2,18,123,64,0,25 );
insert into monstropoche values ( 93,'Lavina_Jaskolski',54,3,1,17,14,67,26,25 );
insert into monstropoche values ( 94,'Nestor35',null,0,0,15,8,64,20,44 );
insert into monstropoche values ( 95,'Myron35',null,0,0,3,18,85,6,13 );
insert into monstropoche values ( 96,'Prudence71',null,1,0,14,33,4,30,4 );
insert into monstropoche values ( 97,'Zack.Heller70',61,3,2,0,136,74,66,29 );
insert into monstropoche values ( 98,'Noe.Toy1',70,0,2,11,135,90,31,17 );
insert into monstropoche values ( 99,'Paris83',null,0,1,4,108,69,16,4 );
insert into objet_zone values ( 0,36 );
insert into objet_zone values ( 1,71 );
insert into objet_zone values ( 2,43 );
insert into objet_zone values ( 3,6 );
insert into objet_zone values ( 4,73 );
insert into objet_zone values ( 5,14 );
insert into objet_zone values ( 6,35 );
insert into objet_zone values ( 7,10 );
insert into objet_zone values ( 8,39 );
insert into objet_zone values ( 9,41 );
insert into objet_zone values ( 10,21 );
insert into objet_zone values ( 11,5 );
insert into objet_zone values ( 12,30 );
insert into objet_zone values ( 13,78 );
insert into objet_zone values ( 14,30 );
insert into objet_zone values ( 15,4 );
insert into objet_zone values ( 16,76 );
insert into objet_zone values ( 17,52 );
insert into objet_zone values ( 18,62 );
insert into objet_zone values ( 19,62 );
insert into objet_zone values ( 11,0 );
insert into objet_zone values ( 15,1 );
insert into objet_zone values ( 11,2 );
insert into objet_zone values ( 14,3 );
insert into objet_zone values ( 19,4 );
insert into objet_zone values ( 17,5 );
insert into objet_zone values ( 13,6 );
insert into objet_zone values ( 7,7 );
insert into objet_zone values ( 2,8 );
insert into objet_zone values ( 15,9 );
insert into objet_zone values ( 12,10 );
insert into objet_zone values ( 14,11 );
insert into objet_zone values ( 13,12 );
insert into objet_zone values ( 2,13 );
insert into objet_zone values ( 4,14 );
insert into objet_zone values ( 8,15 );
insert into objet_zone values ( 4,16 );
insert into objet_zone values ( 19,17 );
insert into objet_zone values ( 1,18 );
insert into objet_zone values ( 16,19 );
insert into objet_zone values ( 3,20 );
insert into objet_zone values ( 5,21 );
insert into objet_zone values ( 19,22 );
insert into objet_zone values ( 16,23 );
insert into objet_zone values ( 2,24 );
insert into objet_zone values ( 2,25 );
insert into objet_zone values ( 14,26 );
insert into objet_zone values ( 5,27 );
insert into objet_zone values ( 15,28 );
insert into objet_zone values ( 13,29 );
insert into objet_zone values ( 8,30 );
insert into objet_zone values ( 2,31 );
insert into objet_zone values ( 11,32 );
insert into objet_zone values ( 1,33 );
insert into objet_zone values ( 17,34 );
insert into objet_zone values ( 11,35 );
insert into objet_zone values ( 16,36 );
insert into objet_zone values ( 0,37 );
insert into objet_zone values ( 6,38 );
insert into objet_zone values ( 14,39 );
insert into objet_zone values ( 4,40 );
insert into objet_zone values ( 0,41 );
insert into objet_zone values ( 0,42 );
insert into objet_zone values ( 18,43 );
insert into objet_zone values ( 0,44 );
insert into objet_zone values ( 5,45 );
insert into objet_zone values ( 13,46 );
insert into objet_zone values ( 10,47 );
insert into objet_zone values ( 15,48 );
insert into objet_zone values ( 15,49 );
insert into objet_zone values ( 11,50 );
insert into objet_zone values ( 11,51 );
insert into objet_zone values ( 13,52 );
insert into objet_zone values ( 8,53 );
insert into objet_zone values ( 7,54 );
insert into objet_zone values ( 5,55 );
insert into objet_zone values ( 4,56 );
insert into objet_zone values ( 13,57 );
insert into objet_zone values ( 13,58 );
insert into objet_zone values ( 0,59 );
insert into objet_zone values ( 5,60 );
insert into objet_zone values ( 6,61 );
insert into objet_zone values ( 12,62 );
insert into objet_zone values ( 7,63 );
insert into objet_zone values ( 13,64 );
insert into objet_zone values ( 2,65 );
insert into objet_zone values ( 19,66 );
insert into objet_zone values ( 2,67 );
insert into objet_zone values ( 1,68 );
insert into objet_zone values ( 15,69 );
insert into objet_zone values ( 11,70 );
insert into objet_zone values ( 6,71 );
insert into objet_zone values ( 18,72 );
insert into objet_zone values ( 13,73 );
insert into objet_zone values ( 2,74 );
insert into objet_zone values ( 7,75 );
insert into objet_zone values ( 0,76 );
insert into objet_zone values ( 16,77 );
insert into objet_zone values ( 7,78 );
insert into espece_type values ( 0,4 );
insert into espece_type values ( 1,14 );
insert into espece_type values ( 2,12 );
insert into espece_type values ( 3,0 );
insert into espece_type values ( 4,0 );
insert into espece_type values ( 5,15 );
insert into espece_type values ( 6,3 );
insert into espece_type values ( 7,3 );
insert into espece_type values ( 8,6 );
insert into espece_type values ( 9,5 );
insert into espece_type values ( 10,11 );
insert into espece_type values ( 11,13 );
insert into espece_type values ( 12,9 );
insert into espece_type values ( 13,9 );
insert into espece_type values ( 14,2 );
insert into espece_type values ( 15,10 );
insert into espece_type values ( 16,8 );
insert into espece_type values ( 17,12 );
insert into espece_type values ( 18,10 );
insert into espece_type values ( 19,13 );
insert into espece_type values ( 20,8 );
insert into espece_type values ( 21,16 );
insert into espece_type values ( 22,15 );
insert into espece_type values ( 23,15 );
insert into espece_type values ( 24,16 );
insert into espece_type values ( 25,0 );
insert into espece_type values ( 26,10 );
insert into espece_type values ( 27,7 );
insert into espece_type values ( 28,11 );
insert into espece_type values ( 29,14 );
insert into espece_type values ( 30,2 );
insert into espece_type values ( 31,1 );
insert into espece_type values ( 32,15 );
insert into espece_type values ( 33,4 );
insert into espece_type values ( 34,4 );
insert into espece_type values ( 35,3 );
insert into espece_type values ( 36,14 );
insert into espece_type values ( 37,15 );
insert into espece_type values ( 38,2 );
insert into espece_type values ( 39,11 );
insert into espece_type values ( 40,4 );
insert into espece_type values ( 41,13 );
insert into espece_type values ( 42,4 );
insert into espece_type values ( 43,15 );
insert into espece_type values ( 44,14 );
insert into espece_type values ( 45,15 );
insert into espece_type values ( 46,10 );
insert into espece_type values ( 47,4 );
insert into espece_type values ( 48,12 );
insert into espece_type values ( 49,8 );
insert into espece_type values ( 50,9 );
insert into espece_type values ( 51,1 );
insert into espece_type values ( 52,8 );
insert into espece_type values ( 53,7 );
insert into espece_type values ( 54,5 );
insert into espece_type values ( 55,14 );
insert into espece_type values ( 56,10 );
insert into espece_type values ( 57,9 );
insert into espece_type values ( 58,13 );
insert into espece_type values ( 59,11 );
insert into espece_type values ( 60,2 );
insert into espece_type values ( 61,6 );
insert into espece_type values ( 62,12 );
insert into espece_type values ( 63,7 );
insert into espece_type values ( 64,12 );
insert into espece_type values ( 65,1 );
insert into espece_type values ( 66,14 );
insert into espece_type values ( 67,5 );
insert into espece_type values ( 68,14 );
insert into espece_type values ( 69,10 );
insert into espece_type values ( 70,12 );
insert into espece_type values ( 71,14 );
insert into espece_type values ( 72,14 );
insert into espece_type values ( 73,10 );
insert into espece_type values ( 74,3 );
insert into espece_type values ( 75,16 );
insert into espece_type values ( 76,8 );
insert into espece_type values ( 77,6 );
insert into espece_type values ( 78,12 );
insert into espece_type values ( 79,16 );
insert into espece_type values ( 80,12 );
insert into espece_type values ( 81,6 );
insert into espece_type values ( 82,16 );
insert into espece_type values ( 83,15 );
insert into espece_type values ( 84,3 );
insert into espece_type values ( 85,6 );
insert into espece_type values ( 86,2 );
insert into espece_type values ( 87,13 );
insert into espece_type values ( 88,1 );
insert into espece_type values ( 89,11 );
insert into espece_type values ( 90,4 );
insert into espece_type values ( 91,8 );
insert into espece_type values ( 92,0 );
insert into espece_type values ( 93,12 );
insert into espece_type values ( 94,12 );
insert into espece_type values ( 95,6 );
insert into espece_type values ( 96,1 );
insert into espece_type values ( 97,1 );
insert into espece_type values ( 98,3 );
insert into espece_type values ( 99,5 );
insert into espece_type values ( 100,10 );
insert into espece_type values ( 101,3 );
insert into espece_type values ( 102,3 );
insert into espece_type values ( 103,16 );
insert into espece_type values ( 104,16 );
insert into espece_type values ( 105,8 );
insert into espece_type values ( 106,14 );
insert into espece_type values ( 107,0 );
insert into espece_type values ( 108,6 );
insert into espece_type values ( 109,16 );
insert into espece_type values ( 110,15 );
insert into espece_type values ( 111,13 );
insert into espece_type values ( 112,10 );
insert into espece_type values ( 113,5 );
insert into espece_type values ( 114,6 );
insert into espece_type values ( 115,12 );
insert into espece_type values ( 116,5 );
insert into espece_type values ( 117,1 );
insert into espece_type values ( 118,5 );
insert into espece_type values ( 119,16 );
insert into espece_type values ( 120,7 );
insert into espece_type values ( 121,6 );
insert into espece_type values ( 122,11 );
insert into espece_type values ( 123,10 );
insert into espece_type values ( 124,6 );
insert into espece_type values ( 125,3 );
insert into espece_type values ( 126,0 );
insert into espece_type values ( 127,16 );
insert into espece_type values ( 128,8 );
insert into espece_type values ( 129,5 );
insert into espece_type values ( 130,0 );
insert into espece_type values ( 131,8 );
insert into espece_type values ( 132,5 );
insert into espece_type values ( 133,1 );
insert into espece_type values ( 134,9 );
insert into espece_type values ( 135,5 );
insert into espece_type values ( 136,1 );
insert into espece_type values ( 137,6 );
insert into espece_type values ( 138,1 );
insert into espece_type values ( 139,9 );
insert into espece_type values ( 140,13 );
insert into espece_type values ( 141,7 );
insert into espece_type values ( 81,0 );
insert into espece_type values ( 6,1 );
insert into espece_type values ( 9,2 );
insert into espece_type values ( 38,3 );
insert into espece_type values ( 79,4 );
insert into espece_type values ( 21,5 );
insert into espece_type values ( 87,6 );
insert into espece_type values ( 71,7 );
insert into espece_type values ( 86,8 );
insert into espece_type values ( 17,9 );
insert into espece_type values ( 109,10 );
insert into espece_type values ( 84,11 );
insert into espece_type values ( 60,12 );
insert into espece_type values ( 34,13 );
insert into espece_type values ( 23,14 );
insert into espece_type values ( 7,16 );
insert into espece_zone values ( 0,40 );
insert into espece_zone values ( 1,53 );
insert into espece_zone values ( 2,42 );
insert into espece_zone values ( 3,42 );
insert into espece_zone values ( 4,11 );
insert into espece_zone values ( 5,65 );
insert into espece_zone values ( 6,45 );
insert into espece_zone values ( 7,73 );
insert into espece_zone values ( 8,36 );
insert into espece_zone values ( 9,10 );
insert into espece_zone values ( 10,46 );
insert into espece_zone values ( 11,12 );
insert into espece_zone values ( 12,21 );
insert into espece_zone values ( 13,44 );
insert into espece_zone values ( 14,15 );
insert into espece_zone values ( 15,11 );
insert into espece_zone values ( 16,27 );
insert into espece_zone values ( 17,7 );
insert into espece_zone values ( 18,67 );
insert into espece_zone values ( 19,12 );
insert into espece_zone values ( 20,50 );
insert into espece_zone values ( 21,25 );
insert into espece_zone values ( 22,69 );
insert into espece_zone values ( 23,73 );
insert into espece_zone values ( 24,26 );
insert into espece_zone values ( 25,13 );
insert into espece_zone values ( 26,26 );
insert into espece_zone values ( 27,0 );
insert into espece_zone values ( 28,0 );
insert into espece_zone values ( 29,4 );
insert into espece_zone values ( 30,41 );
insert into espece_zone values ( 31,51 );
insert into espece_zone values ( 32,29 );
insert into espece_zone values ( 33,23 );
insert into espece_zone values ( 34,39 );
insert into espece_zone values ( 35,47 );
insert into espece_zone values ( 36,60 );
insert into espece_zone values ( 37,60 );
insert into espece_zone values ( 38,50 );
insert into espece_zone values ( 39,61 );
insert into espece_zone values ( 40,31 );
insert into espece_zone values ( 41,18 );
insert into espece_zone values ( 42,17 );
insert into espece_zone values ( 43,33 );
insert into espece_zone values ( 44,52 );
insert into espece_zone values ( 45,53 );
insert into espece_zone values ( 46,7 );
insert into espece_zone values ( 47,14 );
insert into espece_zone values ( 48,65 );
insert into espece_zone values ( 49,7 );
insert into espece_zone values ( 50,62 );
insert into espece_zone values ( 51,9 );
insert into espece_zone values ( 52,60 );
insert into espece_zone values ( 53,62 );
insert into espece_zone values ( 54,23 );
insert into espece_zone values ( 55,36 );
insert into espece_zone values ( 56,59 );
insert into espece_zone values ( 57,22 );
insert into espece_zone values ( 58,70 );
insert into espece_zone values ( 59,18 );
insert into espece_zone values ( 60,51 );
insert into espece_zone values ( 61,54 );
insert into espece_zone values ( 62,27 );
insert into espece_zone values ( 63,59 );
insert into espece_zone values ( 64,25 );
insert into espece_zone values ( 65,7 );
insert into espece_zone values ( 66,17 );
insert into espece_zone values ( 67,56 );
insert into espece_zone values ( 68,57 );
insert into espece_zone values ( 69,17 );
insert into espece_zone values ( 70,27 );
insert into espece_zone values ( 71,35 );
insert into espece_zone values ( 72,71 );
insert into espece_zone values ( 73,35 );
insert into espece_zone values ( 74,50 );
insert into espece_zone values ( 75,68 );
insert into espece_zone values ( 76,70 );
insert into espece_zone values ( 77,27 );
insert into espece_zone values ( 78,34 );
insert into espece_zone values ( 79,27 );
insert into espece_zone values ( 80,41 );
insert into espece_zone values ( 81,32 );
insert into espece_zone values ( 82,76 );
insert into espece_zone values ( 83,71 );
insert into espece_zone values ( 84,39 );
insert into espece_zone values ( 85,66 );
insert into espece_zone values ( 86,57 );
insert into espece_zone values ( 87,36 );
insert into espece_zone values ( 88,48 );
insert into espece_zone values ( 89,29 );
insert into espece_zone values ( 90,46 );
insert into espece_zone values ( 91,62 );
insert into espece_zone values ( 92,53 );
insert into espece_zone values ( 93,59 );
insert into espece_zone values ( 94,51 );
insert into espece_zone values ( 95,77 );
insert into espece_zone values ( 96,4 );
insert into espece_zone values ( 97,30 );
insert into espece_zone values ( 98,53 );
insert into espece_zone values ( 99,53 );
insert into espece_zone values ( 100,0 );
insert into espece_zone values ( 101,58 );
insert into espece_zone values ( 102,61 );
insert into espece_zone values ( 103,61 );
insert into espece_zone values ( 104,3 );
insert into espece_zone values ( 105,14 );
insert into espece_zone values ( 106,40 );
insert into espece_zone values ( 107,78 );
insert into espece_zone values ( 108,68 );
insert into espece_zone values ( 109,78 );
insert into espece_zone values ( 110,37 );
insert into espece_zone values ( 111,23 );
insert into espece_zone values ( 112,15 );
insert into espece_zone values ( 113,52 );
insert into espece_zone values ( 114,14 );
insert into espece_zone values ( 115,25 );
insert into espece_zone values ( 116,67 );
insert into espece_zone values ( 117,19 );
insert into espece_zone values ( 118,15 );
insert into espece_zone values ( 119,51 );
insert into espece_zone values ( 120,0 );
insert into espece_zone values ( 121,30 );
insert into espece_zone values ( 122,9 );
insert into espece_zone values ( 123,25 );
insert into espece_zone values ( 124,51 );
insert into espece_zone values ( 125,20 );
insert into espece_zone values ( 126,33 );
insert into espece_zone values ( 127,4 );
insert into espece_zone values ( 128,69 );
insert into espece_zone values ( 129,16 );
insert into espece_zone values ( 130,23 );
insert into espece_zone values ( 131,67 );
insert into espece_zone values ( 132,54 );
insert into espece_zone values ( 133,3 );
insert into espece_zone values ( 134,48 );
insert into espece_zone values ( 135,48 );
insert into espece_zone values ( 136,75 );
insert into espece_zone values ( 137,29 );
insert into espece_zone values ( 138,67 );
insert into espece_zone values ( 139,10 );
insert into espece_zone values ( 140,46 );
insert into espece_zone values ( 141,59 );
insert into espece_zone values ( 62,0 );
insert into espece_zone values ( 67,1 );
insert into espece_zone values ( 119,2 );
insert into espece_zone values ( 4,3 );
insert into espece_zone values ( 34,4 );
insert into espece_zone values ( 45,5 );
insert into espece_zone values ( 16,6 );
insert into espece_zone values ( 36,7 );
insert into espece_zone values ( 70,8 );
insert into espece_zone values ( 101,9 );
insert into espece_zone values ( 10,10 );
insert into espece_zone values ( 133,11 );
insert into espece_zone values ( 51,12 );
insert into espece_zone values ( 91,13 );
insert into espece_zone values ( 5,14 );
insert into espece_zone values ( 91,15 );
insert into espece_zone values ( 36,16 );
insert into espece_zone values ( 79,17 );
insert into espece_zone values ( 37,18 );
insert into espece_zone values ( 96,19 );
insert into espece_zone values ( 30,20 );
insert into espece_zone values ( 30,21 );
insert into espece_zone values ( 51,22 );
insert into espece_zone values ( 128,23 );
insert into espece_zone values ( 36,24 );
insert into espece_zone values ( 59,26 );
insert into espece_zone values ( 6,27 );
insert into espece_zone values ( 113,28 );
insert into espece_zone values ( 97,29 );
insert into espece_zone values ( 129,30 );
insert into espece_zone values ( 104,31 );
insert into espece_zone values ( 38,32 );
insert into espece_zone values ( 83,33 );
insert into espece_zone values ( 29,34 );
insert into espece_zone values ( 123,35 );
insert into espece_zone values ( 12,36 );
insert into espece_zone values ( 56,37 );
insert into espece_zone values ( 43,38 );
insert into espece_zone values ( 19,39 );
insert into espece_zone values ( 98,40 );
insert into espece_zone values ( 115,41 );
insert into espece_zone values ( 0,42 );
insert into espece_zone values ( 56,43 );
insert into espece_zone values ( 39,44 );
insert into espece_zone values ( 58,45 );
insert into espece_zone values ( 57,46 );
insert into espece_zone values ( 12,47 );
insert into espece_zone values ( 33,48 );
insert into espece_zone values ( 108,49 );
insert into espece_zone values ( 65,50 );
insert into espece_zone values ( 47,51 );
insert into espece_zone values ( 40,52 );
insert into espece_zone values ( 97,53 );
insert into espece_zone values ( 88,54 );
insert into espece_zone values ( 108,55 );
insert into espece_zone values ( 38,56 );
insert into espece_zone values ( 43,57 );
insert into espece_zone values ( 64,58 );
insert into espece_zone values ( 6,59 );
insert into espece_zone values ( 139,60 );
insert into espece_zone values ( 81,61 );
insert into espece_zone values ( 34,62 );
insert into espece_zone values ( 86,63 );
insert into espece_zone values ( 48,64 );
insert into espece_zone values ( 66,65 );
insert into espece_zone values ( 123,66 );
insert into espece_zone values ( 102,68 );
insert into espece_zone values ( 120,69 );
insert into espece_zone values ( 101,70 );
insert into espece_zone values ( 91,71 );
insert into espece_zone values ( 90,72 );
insert into espece_zone values ( 73,73 );
insert into espece_zone values ( 124,74 );
insert into espece_zone values ( 62,75 );
insert into espece_zone values ( 110,76 );
insert into espece_zone values ( 87,77 );
insert into espece_zone values ( 69,78 );
insert into monstropoche_attaque values ( 0,25 );
insert into monstropoche_attaque values ( 1,5 );
insert into monstropoche_attaque values ( 2,8 );
insert into monstropoche_attaque values ( 3,11 );
insert into monstropoche_attaque values ( 4,26 );
insert into monstropoche_attaque values ( 5,10 );
insert into monstropoche_attaque values ( 6,23 );
insert into monstropoche_attaque values ( 7,22 );
insert into monstropoche_attaque values ( 8,1 );
insert into monstropoche_attaque values ( 9,14 );
insert into monstropoche_attaque values ( 10,2 );
insert into monstropoche_attaque values ( 11,15 );
insert into monstropoche_attaque values ( 12,1 );
insert into monstropoche_attaque values ( 13,21 );
insert into monstropoche_attaque values ( 14,27 );
insert into monstropoche_attaque values ( 15,12 );
insert into monstropoche_attaque values ( 16,4 );
insert into monstropoche_attaque values ( 17,23 );
insert into monstropoche_attaque values ( 18,23 );
insert into monstropoche_attaque values ( 19,0 );
insert into monstropoche_attaque values ( 20,8 );
insert into monstropoche_attaque values ( 21,18 );
insert into monstropoche_attaque values ( 22,6 );
insert into monstropoche_attaque values ( 23,12 );
insert into monstropoche_attaque values ( 24,13 );
insert into monstropoche_attaque values ( 25,15 );
insert into monstropoche_attaque values ( 26,20 );
insert into monstropoche_attaque values ( 27,15 );
insert into monstropoche_attaque values ( 28,28 );
insert into monstropoche_attaque values ( 29,20 );
insert into monstropoche_attaque values ( 30,6 );
insert into monstropoche_attaque values ( 31,6 );
insert into monstropoche_attaque values ( 32,26 );
insert into monstropoche_attaque values ( 33,1 );
insert into monstropoche_attaque values ( 34,7 );
insert into monstropoche_attaque values ( 35,28 );
insert into monstropoche_attaque values ( 36,15 );
insert into monstropoche_attaque values ( 37,4 );
insert into monstropoche_attaque values ( 38,6 );
insert into monstropoche_attaque values ( 39,13 );
insert into monstropoche_attaque values ( 40,14 );
insert into monstropoche_attaque values ( 41,23 );
insert into monstropoche_attaque values ( 42,17 );
insert into monstropoche_attaque values ( 43,2 );
insert into monstropoche_attaque values ( 44,27 );
insert into monstropoche_attaque values ( 45,19 );
insert into monstropoche_attaque values ( 46,13 );
insert into monstropoche_attaque values ( 47,1 );
insert into monstropoche_attaque values ( 48,7 );
insert into monstropoche_attaque values ( 49,15 );
insert into monstropoche_attaque values ( 50,9 );
insert into monstropoche_attaque values ( 51,3 );
insert into monstropoche_attaque values ( 52,27 );
insert into monstropoche_attaque values ( 53,16 );
insert into monstropoche_attaque values ( 54,11 );
insert into monstropoche_attaque values ( 55,5 );
insert into monstropoche_attaque values ( 56,12 );
insert into monstropoche_attaque values ( 57,22 );
insert into monstropoche_attaque values ( 58,16 );
insert into monstropoche_attaque values ( 59,17 );
insert into monstropoche_attaque values ( 60,5 );
insert into monstropoche_attaque values ( 61,9 );
insert into monstropoche_attaque values ( 62,16 );
insert into monstropoche_attaque values ( 63,7 );
insert into monstropoche_attaque values ( 64,12 );
insert into monstropoche_attaque values ( 65,1 );
insert into monstropoche_attaque values ( 66,23 );
insert into monstropoche_attaque values ( 67,16 );
insert into monstropoche_attaque values ( 68,8 );
insert into monstropoche_attaque values ( 69,26 );
insert into monstropoche_attaque values ( 70,7 );
insert into monstropoche_attaque values ( 71,1 );
insert into monstropoche_attaque values ( 72,15 );
insert into monstropoche_attaque values ( 73,8 );
insert into monstropoche_attaque values ( 74,27 );
insert into monstropoche_attaque values ( 75,9 );
insert into monstropoche_attaque values ( 76,21 );
insert into monstropoche_attaque values ( 77,21 );
insert into monstropoche_attaque values ( 78,18 );
insert into monstropoche_attaque values ( 79,5 );
insert into monstropoche_attaque values ( 80,26 );
insert into monstropoche_attaque values ( 81,16 );
insert into monstropoche_attaque values ( 82,10 );
insert into monstropoche_attaque values ( 83,22 );
insert into monstropoche_attaque values ( 84,20 );
insert into monstropoche_attaque values ( 85,9 );
insert into monstropoche_attaque values ( 86,24 );
insert into monstropoche_attaque values ( 87,9 );
insert into monstropoche_attaque values ( 88,4 );
insert into monstropoche_attaque values ( 89,11 );
insert into monstropoche_attaque values ( 90,17 );
insert into monstropoche_attaque values ( 91,26 );
insert into monstropoche_attaque values ( 92,0 );
insert into monstropoche_attaque values ( 93,4 );
insert into monstropoche_attaque values ( 94,2 );
insert into monstropoche_attaque values ( 95,22 );
insert into monstropoche_attaque values ( 96,23 );
insert into monstropoche_attaque values ( 97,12 );
insert into monstropoche_attaque values ( 98,28 );
insert into monstropoche_attaque values ( 99,10 );
insert into monstropoche_attaque values ( 41,0 );
insert into monstropoche_attaque values ( 0,1 );
insert into monstropoche_attaque values ( 80,2 );
insert into monstropoche_attaque values ( 4,3 );
insert into monstropoche_attaque values ( 12,4 );
insert into monstropoche_attaque values ( 39,5 );
insert into monstropoche_attaque values ( 7,6 );
insert into monstropoche_attaque values ( 1,7 );
insert into monstropoche_attaque values ( 33,8 );
insert into monstropoche_attaque values ( 88,9 );
insert into monstropoche_attaque values ( 32,10 );
insert into monstropoche_attaque values ( 74,11 );
insert into monstropoche_attaque values ( 57,12 );
insert into monstropoche_attaque values ( 55,13 );
insert into monstropoche_attaque values ( 84,14 );
insert into monstropoche_attaque values ( 95,15 );
insert into monstropoche_attaque values ( 73,16 );
insert into monstropoche_attaque values ( 2,17 );
insert into monstropoche_attaque values ( 80,18 );
insert into monstropoche_attaque values ( 41,19 );
insert into monstropoche_attaque values ( 50,20 );
insert into monstropoche_attaque values ( 45,21 );
insert into monstropoche_attaque values ( 96,22 );
insert into monstropoche_attaque values ( 89,23 );
insert into monstropoche_attaque values ( 32,24 );
insert into monstropoche_attaque values ( 51,25 );
insert into monstropoche_attaque values ( 49,26 );
insert into monstropoche_attaque values ( 38,27 );
insert into monstropoche_attaque values ( 12,28 );
