drop table monstropoche_attaque;
drop table espece_zone;
drop table espece_type;
drop table objet_zone;
drop table monstropoche;
drop table espece;
drop table etat;
drop table genre;
drop table objet;
drop table zone;
drop table attaque;
drop table type;
drop table proprietaire;

create table proprietaire (id int not null, nom varchar(255) not null, primary key(id));
create table type (id int not null, nom varchar(255) not null, primary key(id));
create table attaque (id int not null, type_id int not null, nom varchar(255) not null, puissance int not null, perequis int not null, precizion int not null, constraint fk_attaque_type foreign key (type_id) references type(id), primary key(id));
create table zone (id int not null, nom varchar(255) not null, primary key(id));
create table objet (id int not null, nom varchar(255) not null, est_unique number(1) not null, est_offensif number(1), est_evoluant number(1), primary key(id));
create table genre (id int not null, femelle number(1) not null, male number(1) not null, primary key(id));
create table etat (id int not null, nom varchar(255) not null, primary key(id));
create table espece (id int not null, objet_id int, source_id int, nom varchar(255) not null, constraint fk_espece_objet foreign key (objet_id) references objet(id), constraint fk_espece_espece foreign key (source_id) references espece(id), primary key(id));
create table monstropoche (id int not null, surnom varchar(255) not null, proprietaire_id int, genre_id int not null, etat_id int not null, objet_id int, espece_id int not null, pv int not null, pe int not null, pv_actuel int not null, constraint fk_monstropoche_proprietaire foreign key (proprietaire_id) references proprietaire(id), constraint fk_monstropoche_genre foreign key (genre_id) references genre(id), constraint fk_monstropoche_etat foreign key (etat_id) references etat(id), constraint fk_monstropoche_objet foreign key (objet_id) references objet(id), constraint fk_monstropoche_espece foreign key (espece_id) references espece(id), primary key(id));
create table objet_zone (objet_id int not null, zone_id int not null, constraint fk_objet_zone_objet foreign key (objet_id) references objet(id), constraint fk_objet_zone_zone foreign key (zone_id) references zone(id), primary key(objet_id, zone_id));
create table espece_type (espece_id int not null, type_id int not null, constraint fk_espece_type_espece foreign key (espece_id) references espece(id), constraint fk_espece_type_type foreign key (type_id) references type(id), primary key(espece_id, type_id));
create table espece_zone (espece_id int not null, zone_id int not null, constraint fk_espece_zone_espece foreign key (espece_id) references espece(id), constraint fk_espece_zone_zone foreign key (zone_id) references zone(id), primary key(espece_id, zone_id));
create table monstropoche_attaque (monstropoche_id int not null, attaque_id int not null, constraint fk_monstropoche_attaque_m foreign key (monstropoche_id) references monstropoche(id), constraint fk_monstropoche_attaque_a foreign key (attaque_id) references attaque(id), primary key(monstropoche_id, attaque_id));

delete from monstropoche_attaque;
delete from espece_zone;
delete from espece_type;
delete from objet_zone;
delete from monstropoche;
delete from espece;
delete from etat;
delete from type;
delete from genre;
delete from objet;
delete from attaque;
delete from zone;
delete from proprietaire;

insert into proprietaire values ( 0,'Jade Nicolas' );
insert into proprietaire values ( 1,'Léo Maillard' );
insert into proprietaire values ( 2,'Adrien Morel' );
insert into proprietaire values ( 3,'Maeva Carre' );
insert into proprietaire values ( 4,'Alicia Garcia' );
insert into proprietaire values ( 5,'Romain Lefebvre' );
insert into proprietaire values ( 6,'Hugo Nguyen DDS' );
insert into proprietaire values ( 7,'Romane Morin' );
insert into proprietaire values ( 8,'Mael Huet' );
insert into proprietaire values ( 9,'Louis Vincent I' );
insert into proprietaire values ( 10,'Mathis Legrand' );
insert into proprietaire values ( 11,'Quentin Poirier' );
insert into proprietaire values ( 12,'Maëlys Bonnet' );
insert into proprietaire values ( 13,'Mme Mathis Roy' );
insert into proprietaire values ( 14,'Maxime Richard' );
insert into proprietaire values ( 15,'Mathis Benoit' );
insert into proprietaire values ( 16,'Alice Charles PhD' );
insert into proprietaire values ( 17,'Charlotte Gaillard' );
insert into proprietaire values ( 18,'Lou Berger' );
insert into proprietaire values ( 19,'Lou Morel' );
insert into proprietaire values ( 20,'Axel Roussel PhD' );
insert into proprietaire values ( 21,'Mlle Lou Berger' );
insert into proprietaire values ( 22,'Alexandre Gonzalez' );
insert into proprietaire values ( 23,'Ethan Leclerc V' );
insert into proprietaire values ( 24,'Dr Lina Perez' );
insert into proprietaire values ( 25,'Mlle Lou Dubois' );
insert into proprietaire values ( 26,'Léo Gonzalez' );
insert into proprietaire values ( 27,'Alexis Rodriguez' );
insert into proprietaire values ( 28,'Mlle Julien Garnier' );
insert into proprietaire values ( 29,'Carla Moulin' );
insert into proprietaire values ( 30,'Dr Noa Gerard' );
insert into proprietaire values ( 31,'Lucas Poirier' );
insert into proprietaire values ( 32,'Tom Noel' );
insert into proprietaire values ( 33,'Benjamin Morel Jr.' );
insert into proprietaire values ( 34,'Louis Robert' );
insert into proprietaire values ( 35,'Léo Martin' );
insert into proprietaire values ( 36,'Prof Alexandre Durand' );
insert into proprietaire values ( 37,'Noémie Berger' );
insert into proprietaire values ( 38,'Kylian Leroux' );
insert into proprietaire values ( 39,'Maxence Barbier' );
insert into proprietaire values ( 40,'Mathilde Guerin' );
insert into proprietaire values ( 41,'Pauline Bourgeois' );
insert into proprietaire values ( 42,'Léa Fleury' );
insert into proprietaire values ( 43,'Mélissa Lopez' );
insert into proprietaire values ( 44,'Mathéo Perrot' );
insert into proprietaire values ( 45,'Louna Brun' );
insert into proprietaire values ( 46,'Dr Lola Blanchard' );
insert into proprietaire values ( 47,'Arthur Berger' );
insert into proprietaire values ( 48,'Paul Bernard' );
insert into proprietaire values ( 49,'Théo Francois' );
insert into proprietaire values ( 50,'Ethan Roussel' );
insert into proprietaire values ( 51,'Mathéo Lacroix MD' );
insert into proprietaire values ( 52,'Carla Arnaud' );
insert into proprietaire values ( 53,'Paul Giraud DVM' );
insert into proprietaire values ( 54,'Carla Brun' );
insert into proprietaire values ( 55,'Alicia Blanc' );
insert into proprietaire values ( 56,'Jade Rolland' );
insert into proprietaire values ( 57,'Mohamed Lambert' );
insert into proprietaire values ( 58,'Lola Rousseau' );
insert into proprietaire values ( 59,'Paul Bertrand' );
insert into proprietaire values ( 60,'Paul Da silva' );
insert into proprietaire values ( 61,'Prof Louna Michel' );
insert into proprietaire values ( 62,'Louise Simon Sr.' );
insert into proprietaire values ( 63,'Evan Vincent' );
insert into proprietaire values ( 64,'Mathis Duval' );
insert into proprietaire values ( 65,'Manon Bonnet' );
insert into proprietaire values ( 66,'Romane Lucas' );
insert into proprietaire values ( 67,'Mathilde Richard PhD' );
insert into proprietaire values ( 68,'Lucas Fleury PhD' );
insert into proprietaire values ( 69,'Dr Léo Martin' );
insert into proprietaire values ( 70,'Mélissa Baron' );
insert into proprietaire values ( 71,'Hugo Nicolas' );
insert into proprietaire values ( 72,'Lilou Sanchez' );
insert into proprietaire values ( 73,'Dr Juliette Pierre' );
insert into proprietaire values ( 74,'Maëlys Berger I' );
insert into proprietaire values ( 75,'Alice Rousseau' );
insert into proprietaire values ( 76,'Enzo Chevalier' );
insert into proprietaire values ( 77,'Elisa Carre MD' );
insert into proprietaire values ( 78,'Alexis Guerin' );
insert into proprietaire values ( 79,'Nicolas Noel' );
insert into proprietaire values ( 80,'M Arthur Perrot' );
insert into proprietaire values ( 81,'Lou Denis' );
insert into proprietaire values ( 82,'Lisa Huet MD' );
insert into proprietaire values ( 83,'Emilie Moulin' );
insert into proprietaire values ( 84,'Anaïs Adam' );
insert into proprietaire values ( 85,'Dr Clémence Fournier' );
insert into proprietaire values ( 86,'Carla Perrin' );
insert into proprietaire values ( 87,'Mélissa Meyer Sr.' );
insert into proprietaire values ( 88,'Mlle Thomas Guerin' );
insert into proprietaire values ( 89,'Maeva Petit I' );
insert into proprietaire values ( 90,'Arthur Marchand' );
insert into proprietaire values ( 91,'Julien Rousseau IV' );
insert into proprietaire values ( 92,'Noa Breton' );
insert into proprietaire values ( 93,'Ethan Robin' );
insert into proprietaire values ( 94,'Emilie Blanc' );
insert into proprietaire values ( 95,'Alexandre Renault' );
insert into proprietaire values ( 96,'Dr Jade Dumas' );
insert into proprietaire values ( 97,'Rayan Morin' );
insert into proprietaire values ( 98,'Manon Guyot' );
insert into proprietaire values ( 99,'Zoe Fournier' );
insert into zone values ( 0,'United States of America' );
insert into zone values ( 1,'Myanmar' );
insert into zone values ( 2,'Micronesia' );
insert into zone values ( 3,'Slovenia' );
insert into zone values ( 4,'Ethiopia' );
insert into zone values ( 5,'Guinea' );
insert into zone values ( 6,'Libyan Arab Jamahiriya' );
insert into zone values ( 7,'Belarus' );
insert into zone values ( 8,'Saint Barthelemy' );
insert into zone values ( 9,'Burundi' );
insert into zone values ( 10,'Timor-Leste' );
insert into zone values ( 11,'Spain' );
insert into zone values ( 12,'Serbia' );
insert into zone values ( 13,'Reunion' );
insert into zone values ( 14,'San Marino' );
insert into zone values ( 15,'Peru' );
insert into zone values ( 16,'Guatemala' );
insert into zone values ( 17,'Poland' );
insert into zone values ( 18,'Ukraine' );
insert into zone values ( 19,'Greenland' );
insert into zone values ( 20,'El Salvador' );
insert into zone values ( 21,'Lithuania' );
insert into zone values ( 22,'Albania' );
insert into zone values ( 23,'Austria' );
insert into zone values ( 24,'Congo' );
insert into zone values ( 25,'Ireland' );
insert into zone values ( 26,'France' );
insert into zone values ( 27,'Wallis and Futuna' );
insert into zone values ( 28,'Norfolk Island' );
insert into zone values ( 29,'Bolivia' );
insert into zone values ( 30,'Sudan' );
insert into zone values ( 31,'Mauritania' );
insert into zone values ( 32,'Belgium' );
insert into zone values ( 33,'Antarctica (the territory South of 60 deg S)' );
insert into zone values ( 34,'India' );
insert into zone values ( 35,'Madagascar' );
insert into zone values ( 36,'Ecuador' );
insert into zone values ( 37,'Angola' );
insert into zone values ( 38,'Papua New Guinea' );
insert into zone values ( 39,'Anguilla' );
insert into zone values ( 40,'Botswana' );
insert into zone values ( 41,'Ghana' );
insert into zone values ( 42,'Cook Islands' );
insert into zone values ( 43,'Guernsey' );
insert into zone values ( 44,'Svalbard  Jan Mayen Islands' );
insert into zone values ( 45,'Liberia' );
insert into zone values ( 46,'Andorra' );
insert into zone values ( 47,'Kiribati' );
insert into zone values ( 48,'Jamaica' );
insert into zone values ( 49,'Bouvet Island (Bouvetoya)' );
insert into zone values ( 50,'Afghanistan' );
insert into zone values ( 51,'Latvia' );
insert into zone values ( 52,'Kazakhstan' );
insert into zone values ( 53,'Slovakia (Slovak Republic)' );
insert into zone values ( 54,'Nepal' );
insert into zone values ( 55,'Isle of Man' );
insert into zone values ( 56,'Tunisia' );
insert into zone values ( 57,'Cyprus' );
insert into zone values ( 58,'Honduras' );
insert into zone values ( 59,'Cote dIvoire' );
insert into zone values ( 60,'Uruguay' );
insert into zone values ( 61,'Comoros' );
insert into zone values ( 62,'Seychelles' );
insert into zone values ( 63,'Belize' );
insert into zone values ( 64,'China' );
insert into zone values ( 65,'Marshall Islands' );
insert into zone values ( 66,'Bahrain' );
insert into zone values ( 67,'United States Minor Outlying Islands' );
insert into zone values ( 68,'Virgin Islands, U.S.' );
insert into zone values ( 69,'New Caledonia' );
insert into zone values ( 70,'Central African Republic' );
insert into zone values ( 71,'Nicaragua' );
insert into zone values ( 72,'Netherlands Antilles' );
insert into zone values ( 73,'Netherlands' );
insert into zone values ( 74,'United Arab Emirates' );
insert into zone values ( 75,'Lao Peoples Democratic Republic' );
insert into zone values ( 76,'Kyrgyz Republic' );
insert into zone values ( 77,'Cayman Islands' );
insert into zone values ( 78,'Iran' );
insert into zone values ( 79,'Republic of Korea' );
insert into zone values ( 80,'Hong Kong' );
insert into zone values ( 81,'Yemen' );
insert into zone values ( 82,'Zimbabwe' );
insert into zone values ( 83,'Falkland Islands (Malvinas)' );
insert into zone values ( 84,'Faroe Islands' );
insert into zone values ( 85,'Morocco' );
insert into zone values ( 86,'Portugal' );
insert into zone values ( 87,'Oman' );
insert into attaque values ( 0,15,'Triplattaque',103,25,64 );
insert into attaque values ( 1,9,'Escalade',4,36,17 );
insert into attaque values ( 2,15,'Morphing',75,77,75 );
insert into attaque values ( 3,13,'Vœu',173,92,39 );
insert into attaque values ( 4,13,'Grobisou',229,34,1 );
insert into attaque values ( 5,11,'Pilonnage',92,28,60 );
insert into attaque values ( 6,11,'Recyclage',208,37,25 );
insert into attaque values ( 7,14,'Regard Médusant',115,42,79 );
insert into attaque values ( 8,8,'E-Coque',156,52,15 );
insert into attaque values ( 9,9,'Constriction',52,35,54 );
insert into attaque values ( 10,13,'Picanon',96,80,29 );
insert into attaque values ( 11,6,'Uppercut',65,85,90 );
insert into attaque values ( 12,11,'Coup de Main',197,48,50 );
insert into attaque values ( 13,3,'Flash',116,10,74 );
insert into attaque values ( 14,6,'Conversion',237,64,3 );
insert into attaque values ( 15,15,'Affûtage',196,64,95 );
insert into attaque values ( 16,5,'Croc de Mort',131,52,100 );
insert into attaque values ( 17,13,'Par Ici',156,61,69 );
insert into attaque values ( 18,5,'Attrition',12,90,73 );
insert into attaque values ( 19,1,'Force-Nature',185,93,27 );
insert into attaque values ( 20,16,'Combo-Griffe',123,20,90 );
insert into attaque values ( 21,3,'Explosion',20,31,52 );
insert into attaque values ( 22,12,'Trempette',4,82,94 );
insert into attaque values ( 23,13,'Exuviation',214,98,69 );
insert into attaque values ( 24,15,'CoudKrâne',29,76,22 );
insert into attaque values ( 25,10,'Météores',245,25,73 );
insert into attaque values ( 26,14,'Relais',66,0,53 );
insert into attaque values ( 27,13,'Rengorgement',124,48,50 );
insert into attaque values ( 28,15,'BoulArmure',48,93,67 );
insert into objet values ( 0,'Défense +',0,0,0 );
insert into objet values ( 1,'Muscle +',0,0,0 );
insert into objet values ( 2,'Défense Spéc',0,0,0 );
insert into objet values ( 3,'Déf. Spé. +',0,0,0 );
insert into objet values ( 4,'Attaque +',0,0,0 );
insert into objet values ( 5,'Spécial +',0,0,0 );
insert into objet values ( 6,'Précision +',0,0,0 );
insert into objet values ( 7,'Vitesse +',0,0,0 );
insert into objet values ( 8,'Baie Tamato',0,0,0 );
insert into objet values ( 9,'Baie Résin',0,0,0 );
insert into objet values ( 10,'Baie Lonme',0,0,0 );
insert into objet values ( 11,'Baie Qualot',0,0,0 );
insert into objet values ( 12,'Baie Alga',0,0,0 );
insert into objet values ( 13,'Baie Grena',0,0,0 );
insert into objet values ( 14,'Baie Mepo',0,0,0 );
insert into objet values ( 15,'Baie Willia',0,0,0 );
insert into objet values ( 16,'Baie Fraive',0,0,0 );
insert into objet values ( 17,'Baie Pêcha',0,0,0 );
insert into objet values ( 18,'Baie Maron',0,0,0 );
insert into objet values ( 19,'Baie Oran',0,0,0 );
insert into genre values ( 0,0,0 );
insert into genre values ( 1,0,1 );
insert into genre values ( 2,1,1 );
insert into genre values ( 3,1,0 );
insert into type values ( 0,'Glace' );
insert into type values ( 1,'Dragon' );
insert into type values ( 2,'Sol' );
insert into type values ( 3,'Plante' );
insert into type values ( 4,'Feu' );
insert into type values ( 5,'Eau' );
insert into type values ( 6,'Électrique' );
insert into type values ( 7,'Psy' );
insert into type values ( 8,'Spectre' );
insert into type values ( 9,'Ténèbre' );
insert into type values ( 10,'Fée' );
insert into type values ( 11,'Acier' );
insert into type values ( 12,'Poison' );
insert into type values ( 13,'Roche' );
insert into type values ( 14,'Combat' );
insert into type values ( 15,'Insecte' );
insert into type values ( 16,'Normal' );
insert into etat values ( 0,'Mission' );
insert into etat values ( 1,'Repos' );
insert into etat values ( 2,'Reproduction' );
insert into espece values ( 0,null,null,'Bulbizarre' );
insert into espece values ( 1,8,null,'Chenipan' );
insert into espece values ( 2,18,null,'Voltorbe' );
insert into espece values ( 3,12,null,'Électrode' );
insert into espece values ( 4,14,null,'Nœunœuf' );
insert into espece values ( 5,null,null,'Noadkoko' );
insert into espece values ( 6,14,null,'Osselait' );
insert into espece values ( 7,6,null,'Ossatueur' );
insert into espece values ( 8,14,0,'Kicklee' );
insert into espece values ( 9,0,7,'Tygnon' );
insert into espece values ( 10,15,null,'Excelangue' );
insert into espece values ( 11,2,null,'Smogo' );
insert into espece values ( 12,null,8,'Chrysacier' );
insert into espece values ( 13,18,null,'Smogogo' );
insert into espece values ( 14,0,null,'Rhinocorne' );
insert into espece values ( 15,null,null,'Rhinoféros' );
insert into espece values ( 16,15,null,'Leveinard' );
insert into espece values ( 17,null,null,'Saquedeneu' );
insert into espece values ( 18,null,8,'Kangourex' );
insert into espece values ( 19,10,null,'Hypotrempe' );
insert into espece values ( 20,7,null,'Hypocéan' );
insert into espece values ( 21,9,null,'Poissirène' );
insert into espece values ( 22,null,null,'Poissoroy' );
insert into espece values ( 23,null,15,'Papilusion' );
insert into espece values ( 24,18,null,'Stari' );
insert into espece values ( 25,null,null,'Staross' );
insert into espece values ( 26,null,null,'M.Mime' );
insert into espece values ( 27,null,null,'Insécateur' );
insert into espece values ( 28,11,null,'Lippoutou' );
insert into espece values ( 29,null,null,'Élektek' );
insert into espece values ( 30,null,null,'Magmar' );
insert into espece values ( 31,null,null,'Scarabrute' );
insert into espece values ( 32,11,null,'Tauros' );
insert into espece values ( 33,null,19,'Magicarpe' );
insert into espece values ( 34,null,null,'Aspicot' );
insert into espece values ( 35,null,null,'Léviator' );
insert into espece values ( 36,null,null,'Lokhlass' );
insert into espece values ( 37,null,null,'Métamorph' );
insert into espece values ( 38,null,null,'Évoli' );
insert into espece values ( 39,null,null,'Aquali' );
insert into espece values ( 40,null,null,'Voltali' );
insert into espece values ( 41,null,null,'Pyroli' );
insert into espece values ( 42,10,null,'Porygon' );
insert into espece values ( 43,null,18,'Amonita' );
insert into espece values ( 44,null,null,'Amonistar' );
insert into espece values ( 45,null,null,'Coconfort' );
insert into espece values ( 46,null,null,'Kabuto' );
insert into espece values ( 47,6,null,'Kabutops' );
insert into espece values ( 48,null,35,'Ptéra' );
insert into espece values ( 49,null,null,'Ronflex' );
insert into espece values ( 50,null,null,'Artikodin' );
insert into espece values ( 51,17,null,'Électhor' );
insert into espece values ( 52,8,null,'Sulfura' );
insert into espece values ( 53,null,null,'Minidraco' );
insert into espece values ( 54,null,null,'Draco' );
insert into espece values ( 55,14,null,'Dracolosse' );
insert into espece values ( 56,null,null,'Dardargnan' );
insert into espece values ( 57,9,null,'Mewtwo' );
insert into espece values ( 58,null,null,'Mew' );
insert into espece values ( 59,19,null,'Roucool' );
insert into espece values ( 60,null,null,'Roucoups' );
insert into espece values ( 61,null,null,'Roucarnage' );
insert into espece values ( 62,16,7,'Rattata' );
insert into espece values ( 63,null,null,'Herbizarre' );
insert into espece values ( 64,7,null,'Rattatac' );
insert into espece values ( 65,4,null,'Piafabec' );
insert into espece values ( 66,7,null,'Rapasdepic' );
insert into espece values ( 67,11,null,'Abo' );
insert into espece values ( 68,null,null,'Arbok' );
insert into espece values ( 69,null,null,'Pikachu' );
insert into espece values ( 70,7,null,'Raichu' );
insert into espece values ( 71,12,null,'Sabelette' );
insert into espece values ( 72,7,null,'Sablaireau' );
insert into espece values ( 73,17,null,'Nidoran♀' );
insert into espece values ( 74,null,null,'Florizarre' );
insert into espece values ( 75,null,null,'Nidorina' );
insert into espece values ( 76,null,null,'Nidoqueen' );
insert into espece values ( 77,3,null,'Nidoran♂' );
insert into espece values ( 78,null,null,'Nidorino' );
insert into espece values ( 79,null,null,'Nidoking' );
insert into espece values ( 80,12,null,'Mélofée' );
insert into espece values ( 81,null,null,'Mélodelfe' );
insert into espece values ( 82,null,null,'Feunard' );
insert into espece values ( 83,null,null,'Rondoudou' );
insert into espece values ( 84,null,null,'Salamèche' );
insert into espece values ( 85,15,null,'Grodoudou' );
insert into espece values ( 86,9,null,'Nosferapti' );
insert into espece values ( 87,15,null,'Nosferalto' );
insert into espece values ( 88,null,null,'Mystherbe' );
insert into espece values ( 89,8,null,'Ortide' );
insert into espece values ( 90,null,null,'Rafflesia' );
insert into espece values ( 91,12,null,'Paras' );
insert into espece values ( 92,6,null,'Parasect' );
insert into espece values ( 93,null,null,'Mimitoss' );
insert into espece values ( 94,null,null,'Aéromite' );
insert into espece values ( 95,3,null,'Reptincel' );
insert into espece values ( 96,null,null,'Taupiqueur' );
insert into espece values ( 97,6,21,'Triopikeur' );
insert into espece values ( 98,9,null,'Miaouss' );
insert into espece values ( 99,null,0,'Persian' );
insert into espece values ( 100,4,null,'Psykokwak' );
insert into espece values ( 101,0,null,'Akwakwak' );
insert into espece values ( 102,null,73,'Férosinge' );
insert into espece values ( 103,null,null,'Colossinge' );
insert into espece values ( 104,null,null,'Caninos' );
insert into espece values ( 105,null,null,'Arcanin' );
insert into espece values ( 106,7,21,'Dracaufeu' );
insert into espece values ( 107,null,null,'Ptitard' );
insert into espece values ( 108,2,null,'Têtarte' );
insert into espece values ( 109,14,null,'Tartard' );
insert into espece values ( 110,null,null,'Abra' );
insert into espece values ( 111,0,null,'Kadabra' );
insert into espece values ( 112,16,38,'Alakazam' );
insert into espece values ( 113,8,null,'Machoc' );
insert into espece values ( 114,null,null,'Machopeur' );
insert into espece values ( 115,17,null,'Mackogneur' );
insert into espece values ( 116,null,null,'Chétiflor' );
insert into espece values ( 117,12,null,'Carapuce' );
insert into espece values ( 118,15,null,'Boustiflor' );
insert into espece values ( 119,16,null,'Empiflor' );
insert into espece values ( 120,null,null,'Tentacool' );
insert into espece values ( 121,null,null,'Tentacruel' );
insert into espece values ( 122,5,null,'Racaillou' );
insert into espece values ( 123,4,54,'Gravalanch' );
insert into espece values ( 124,9,null,'Grolem' );
insert into espece values ( 125,null,null,'Ponyta' );
insert into espece values ( 126,null,null,'Galopa' );
insert into espece values ( 127,18,117,'Carabaffe' );
insert into espece values ( 128,7,60,'Flagadoss' );
insert into espece values ( 129,9,null,'Magnéton' );
insert into espece values ( 130,17,null,'Canarticho' );
insert into espece values ( 131,8,null,'Dodrio' );
insert into espece values ( 132,null,24,'Otaria' );
insert into espece values ( 133,13,null,'Tadmorv' );
insert into espece values ( 134,null,null,'Grotadmorv' );
insert into espece values ( 135,6,null,'Kokiyas' );
insert into espece values ( 136,2,null,'Crustabri' );
insert into espece values ( 137,null,null,'Spectrum' );
insert into espece values ( 138,null,null,'Ectoplasma' );
insert into espece values ( 139,null,null,'Soporifik' );
insert into espece values ( 140,null,null,'Hypnomade' );
insert into espece values ( 141,18,null,'Krabboss' );
insert into monstropoche values ( 0,'Elinore.Lehner',null,3,0,7,82,18,72,17 );
insert into monstropoche values ( 1,'Nico_Hartmann',null,0,2,6,86,52,35,19 );
insert into monstropoche values ( 2,'Nico62',96,0,2,9,114,64,89,4 );
insert into monstropoche values ( 3,'Alexandrea_Schmitt13',null,1,1,12,17,28,80,16 );
insert into monstropoche values ( 4,'Octavia.Hammes8',60,0,2,2,70,67,13,33 );
insert into monstropoche values ( 5,'Doris_Abernathy',null,1,2,11,14,31,80,29 );
insert into monstropoche values ( 6,'Sadie_Schneider',60,0,1,4,48,32,91,31 );
insert into monstropoche values ( 7,'Jesus_Kertzmann',null,0,0,13,38,85,11,74 );
insert into monstropoche values ( 8,'Ena_Klein',1,0,0,12,114,98,5,5 );
insert into monstropoche values ( 9,'Landen_OConner80',47,3,0,15,113,25,67,21 );
insert into monstropoche values ( 10,'Nona43',null,0,1,2,65,25,27,11 );
insert into monstropoche values ( 11,'Alejandrin0',null,0,2,17,45,13,8,4 );
insert into monstropoche values ( 12,'Rosa.Gutkowski51',null,3,2,9,55,45,45,28 );
insert into monstropoche values ( 13,'Deshaun.Hane89',17,3,0,18,80,64,53,50 );
insert into monstropoche values ( 14,'Virginie.Durgan',16,2,2,0,123,8,48,3 );
insert into monstropoche values ( 15,'Osbaldo57',44,2,2,13,13,80,43,74 );
insert into monstropoche values ( 16,'Alexis73',null,1,0,4,24,18,51,0 );
insert into monstropoche values ( 17,'Guy86',null,0,0,5,55,57,71,16 );
insert into monstropoche values ( 18,'Harvey16',null,2,1,11,40,1,46,0 );
insert into monstropoche values ( 19,'Savannah77',91,0,0,16,24,13,75,7 );
insert into monstropoche values ( 20,'Lillian3',73,1,1,16,64,9,32,0 );
insert into monstropoche values ( 21,'Duncan97',94,2,2,16,24,53,6,11 );
insert into monstropoche values ( 22,'Annetta.Beatty',null,0,2,5,63,21,61,19 );
insert into monstropoche values ( 23,'Timmothy_Balistreri',50,0,1,3,115,7,37,3 );
insert into monstropoche values ( 24,'Tyrique17',47,3,0,11,56,59,90,56 );
insert into monstropoche values ( 25,'Gilbert62',null,1,1,6,51,14,60,9 );
insert into monstropoche values ( 26,'Laisha73',37,0,1,8,116,55,22,22 );
insert into monstropoche values ( 27,'Rolando.Swift',null,3,2,5,53,57,94,5 );
insert into monstropoche values ( 28,'Emmet11',95,2,0,6,29,23,63,11 );
insert into monstropoche values ( 29,'Donato72',72,3,0,13,39,30,20,24 );
insert into monstropoche values ( 30,'Hollie.Nolan',null,2,0,13,15,18,3,18 );
insert into monstropoche values ( 31,'Parker75',32,2,2,3,130,52,77,31 );
insert into monstropoche values ( 32,'Vernice_Lubowitz',null,1,0,8,58,78,48,26 );
insert into monstropoche values ( 33,'Heidi53',null,3,0,7,115,72,61,33 );
insert into monstropoche values ( 34,'Garfield63',null,2,1,5,130,97,81,45 );
insert into monstropoche values ( 35,'Nick_Barrows57',null,3,0,5,74,94,84,40 );
insert into monstropoche values ( 36,'Anais_Erdman66',32,0,2,17,78,14,91,8 );
insert into monstropoche values ( 37,'Trycia77',0,2,0,4,94,20,90,13 );
insert into monstropoche values ( 38,'Lukas.Shanahan40',44,2,1,7,116,9,32,7 );
insert into monstropoche values ( 39,'Pearlie.Gleichner',null,1,1,2,17,4,60,1 );
insert into monstropoche values ( 40,'Derick52',58,2,1,12,4,57,70,51 );
insert into monstropoche values ( 41,'Faye70',null,3,1,1,120,38,29,14 );
insert into monstropoche values ( 42,'Sherwood.Dietrich',63,1,1,2,12,4,50,0 );
insert into monstropoche values ( 43,'Henry14',11,1,2,16,68,85,40,27 );
insert into monstropoche values ( 44,'Walker.Baumbach',99,0,0,4,141,47,58,1 );
insert into monstropoche values ( 45,'Geovany73',null,2,1,3,23,73,77,50 );
insert into monstropoche values ( 46,'Mariela_Buckridge86',null,0,2,3,108,80,16,30 );
insert into monstropoche values ( 47,'Daniella.Boehm',69,3,1,2,1,80,58,6 );
insert into monstropoche values ( 48,'Chandler88',null,3,1,6,96,8,46,4 );
insert into monstropoche values ( 49,'Savion52',null,3,0,13,65,67,18,60 );
insert into monstropoche values ( 50,'Carleton94',null,0,0,4,128,30,77,22 );
insert into monstropoche values ( 51,'Lysanne56',null,0,2,13,77,49,30,45 );
insert into monstropoche values ( 52,'Finn_Ziemann30',34,3,0,18,60,58,49,33 );
insert into monstropoche values ( 53,'Colton_Kirlin',null,3,1,17,68,66,41,26 );
insert into monstropoche values ( 54,'Talia_Moore',27,3,2,8,110,80,39,76 );
insert into monstropoche values ( 55,'Thomas.Langworth10',64,3,0,3,102,34,64,21 );
insert into monstropoche values ( 56,'Electa_Wiegand',80,0,0,17,60,14,6,0 );
insert into monstropoche values ( 57,'Laron61',null,1,2,11,12,7,99,4 );
insert into monstropoche values ( 58,'Reece62',63,1,2,5,46,15,88,7 );
insert into monstropoche values ( 59,'Elbert67',null,0,1,8,30,34,71,16 );
insert into monstropoche values ( 60,'Zita24',null,1,2,4,89,24,69,2 );
insert into monstropoche values ( 61,'Jermain_Kreiger',null,0,2,13,14,61,31,10 );
insert into monstropoche values ( 62,'Christiana52',null,2,1,11,138,8,43,8 );
insert into monstropoche values ( 63,'Crystel.Smitham51',12,1,0,3,124,58,28,15 );
insert into monstropoche values ( 64,'Gabe90',0,1,2,19,103,77,46,14 );
insert into monstropoche values ( 65,'Lamont55',null,1,2,3,48,63,27,62 );
insert into monstropoche values ( 66,'Hal23',0,0,2,4,89,84,13,76 );
insert into monstropoche values ( 67,'Elisa44',50,0,2,3,60,27,90,18 );
insert into monstropoche values ( 68,'Adan.Deckow',null,0,1,19,108,59,6,46 );
insert into monstropoche values ( 69,'Sofia_Schumm',36,0,0,17,14,44,73,41 );
insert into monstropoche values ( 70,'Monica.Hickle',null,2,2,12,65,27,30,5 );
insert into monstropoche values ( 71,'Mac49',99,0,2,1,108,46,38,5 );
insert into monstropoche values ( 72,'Armani.Conroy',null,1,1,15,110,77,39,68 );
insert into monstropoche values ( 73,'Tess_Zieme',33,3,0,4,141,88,50,71 );
insert into monstropoche values ( 74,'Devyn.Connelly',null,3,2,8,92,87,50,7 );
insert into monstropoche values ( 75,'Isaac_Terry',null,2,0,15,21,68,84,20 );
insert into monstropoche values ( 76,'Glenna_Kuhn91',null,1,0,9,36,37,34,26 );
insert into monstropoche values ( 77,'Cristopher_Hand9',null,0,0,19,37,68,41,22 );
insert into monstropoche values ( 78,'Jeremy_Balistreri80',50,3,2,9,130,46,94,37 );
insert into monstropoche values ( 79,'Hector.Schimmel46',null,3,0,10,53,98,47,59 );
insert into monstropoche values ( 80,'Katarina87',null,2,0,9,72,4,1,0 );
insert into monstropoche values ( 81,'Deshaun_Moen66',9,3,1,14,98,65,5,20 );
insert into monstropoche values ( 82,'Manuel_Fahey54',33,3,0,7,74,100,69,20 );
insert into monstropoche values ( 83,'Karina.Thiel',null,0,1,16,140,51,65,22 );
insert into monstropoche values ( 84,'Brooks64',43,3,1,10,16,14,24,6 );
insert into monstropoche values ( 85,'Orpha88',null,2,1,12,101,45,17,33 );
insert into monstropoche values ( 86,'Ted.Klocko74',null,3,2,6,102,91,75,34 );
insert into monstropoche values ( 87,'Hazle.Bradtke',null,1,2,7,97,79,74,33 );
insert into monstropoche values ( 88,'Malcolm_Larkin6',79,3,1,11,1,65,44,14 );
insert into monstropoche values ( 89,'Chaya.Murphy',75,0,0,0,111,18,89,13 );
insert into monstropoche values ( 90,'Lexus.Kuphal',null,2,0,5,78,80,67,29 );
insert into monstropoche values ( 91,'Bernice.Feil70',null,1,2,6,53,82,71,51 );
insert into monstropoche values ( 92,'Melvin63',null,0,2,2,50,63,22,44 );
insert into monstropoche values ( 93,'Brett.Auer92',null,0,2,12,84,33,73,12 );
insert into monstropoche values ( 94,'Angus_Dooley89',82,1,2,2,140,41,46,22 );
insert into monstropoche values ( 95,'Domenic_Botsford',48,1,2,6,138,50,48,1 );
insert into monstropoche values ( 96,'Naomie.Hahn',24,1,2,9,79,70,33,58 );
insert into monstropoche values ( 97,'Garnett.Orn56',60,3,2,3,65,19,48,3 );
insert into monstropoche values ( 98,'Keith17',51,3,1,19,53,80,96,72 );
insert into monstropoche values ( 99,'Itzel_Denesik',null,2,2,4,53,51,8,51 );
insert into objet_zone values ( 0,52 );
insert into objet_zone values ( 1,56 );
insert into objet_zone values ( 2,33 );
insert into objet_zone values ( 3,49 );
insert into objet_zone values ( 4,33 );
insert into objet_zone values ( 5,0 );
insert into objet_zone values ( 6,18 );
insert into objet_zone values ( 7,81 );
insert into objet_zone values ( 8,82 );
insert into objet_zone values ( 9,14 );
insert into objet_zone values ( 10,20 );
insert into objet_zone values ( 11,69 );
insert into objet_zone values ( 12,59 );
insert into objet_zone values ( 13,76 );
insert into objet_zone values ( 14,86 );
insert into objet_zone values ( 15,15 );
insert into objet_zone values ( 16,15 );
insert into objet_zone values ( 17,81 );
insert into objet_zone values ( 18,18 );
insert into objet_zone values ( 19,57 );
insert into objet_zone values ( 12,0 );
insert into objet_zone values ( 13,1 );
insert into objet_zone values ( 4,2 );
insert into objet_zone values ( 6,3 );
insert into objet_zone values ( 8,4 );
insert into objet_zone values ( 12,5 );
insert into objet_zone values ( 16,6 );
insert into objet_zone values ( 12,7 );
insert into objet_zone values ( 4,8 );
insert into objet_zone values ( 3,9 );
insert into objet_zone values ( 8,10 );
insert into objet_zone values ( 6,11 );
insert into objet_zone values ( 8,12 );
insert into objet_zone values ( 18,13 );
insert into objet_zone values ( 1,14 );
insert into objet_zone values ( 12,15 );
insert into objet_zone values ( 0,16 );
insert into objet_zone values ( 9,17 );
insert into objet_zone values ( 15,18 );
insert into objet_zone values ( 4,19 );
insert into objet_zone values ( 9,20 );
insert into objet_zone values ( 10,21 );
insert into objet_zone values ( 15,22 );
insert into objet_zone values ( 18,23 );
insert into objet_zone values ( 11,24 );
insert into objet_zone values ( 6,25 );
insert into objet_zone values ( 4,26 );
insert into objet_zone values ( 1,27 );
insert into objet_zone values ( 19,28 );
insert into objet_zone values ( 12,29 );
insert into objet_zone values ( 12,30 );
insert into objet_zone values ( 7,31 );
insert into objet_zone values ( 3,32 );
insert into objet_zone values ( 0,33 );
insert into objet_zone values ( 7,34 );
insert into objet_zone values ( 11,35 );
insert into objet_zone values ( 4,36 );
insert into objet_zone values ( 3,37 );
insert into objet_zone values ( 3,38 );
insert into objet_zone values ( 18,39 );
insert into objet_zone values ( 9,40 );
insert into objet_zone values ( 14,41 );
insert into objet_zone values ( 0,42 );
insert into objet_zone values ( 8,43 );
insert into objet_zone values ( 6,44 );
insert into objet_zone values ( 6,45 );
insert into objet_zone values ( 5,46 );
insert into objet_zone values ( 1,47 );
insert into objet_zone values ( 4,48 );
insert into objet_zone values ( 9,49 );
insert into objet_zone values ( 0,50 );
insert into objet_zone values ( 1,51 );
insert into objet_zone values ( 11,52 );
insert into objet_zone values ( 4,53 );
insert into objet_zone values ( 7,54 );
insert into objet_zone values ( 12,55 );
insert into objet_zone values ( 7,56 );
insert into objet_zone values ( 14,57 );
insert into objet_zone values ( 9,58 );
insert into objet_zone values ( 11,59 );
insert into objet_zone values ( 0,60 );
insert into objet_zone values ( 2,61 );
insert into objet_zone values ( 11,62 );
insert into objet_zone values ( 0,63 );
insert into objet_zone values ( 11,64 );
insert into objet_zone values ( 4,65 );
insert into objet_zone values ( 13,66 );
insert into objet_zone values ( 10,67 );
insert into objet_zone values ( 18,68 );
insert into objet_zone values ( 14,69 );
insert into objet_zone values ( 12,70 );
insert into objet_zone values ( 0,71 );
insert into objet_zone values ( 2,72 );
insert into objet_zone values ( 12,73 );
insert into objet_zone values ( 6,74 );
insert into objet_zone values ( 17,75 );
insert into objet_zone values ( 19,76 );
insert into objet_zone values ( 13,77 );
insert into objet_zone values ( 0,78 );
insert into objet_zone values ( 15,79 );
insert into objet_zone values ( 12,80 );
insert into objet_zone values ( 3,81 );
insert into objet_zone values ( 17,82 );
insert into objet_zone values ( 4,83 );
insert into objet_zone values ( 13,84 );
insert into objet_zone values ( 1,85 );
insert into objet_zone values ( 6,86 );
insert into objet_zone values ( 14,87 );
insert into espece_type values ( 0,7 );
insert into espece_type values ( 1,11 );
insert into espece_type values ( 2,4 );
insert into espece_type values ( 3,5 );
insert into espece_type values ( 4,8 );
insert into espece_type values ( 5,10 );
insert into espece_type values ( 6,12 );
insert into espece_type values ( 7,14 );
insert into espece_type values ( 8,2 );
insert into espece_type values ( 9,8 );
insert into espece_type values ( 10,13 );
insert into espece_type values ( 11,4 );
insert into espece_type values ( 12,6 );
insert into espece_type values ( 13,2 );
insert into espece_type values ( 14,5 );
insert into espece_type values ( 15,5 );
insert into espece_type values ( 16,3 );
insert into espece_type values ( 17,7 );
insert into espece_type values ( 18,16 );
insert into espece_type values ( 19,4 );
insert into espece_type values ( 20,9 );
insert into espece_type values ( 21,0 );
insert into espece_type values ( 22,9 );
insert into espece_type values ( 23,2 );
insert into espece_type values ( 24,1 );
insert into espece_type values ( 25,8 );
insert into espece_type values ( 26,0 );
insert into espece_type values ( 27,0 );
insert into espece_type values ( 28,8 );
insert into espece_type values ( 29,15 );
insert into espece_type values ( 30,10 );
insert into espece_type values ( 31,16 );
insert into espece_type values ( 32,14 );
insert into espece_type values ( 33,10 );
insert into espece_type values ( 34,7 );
insert into espece_type values ( 35,16 );
insert into espece_type values ( 36,14 );
insert into espece_type values ( 37,0 );
insert into espece_type values ( 38,5 );
insert into espece_type values ( 39,16 );
insert into espece_type values ( 40,7 );
insert into espece_type values ( 41,2 );
insert into espece_type values ( 42,2 );
insert into espece_type values ( 43,4 );
insert into espece_type values ( 44,5 );
insert into espece_type values ( 45,2 );
insert into espece_type values ( 46,16 );
insert into espece_type values ( 47,3 );
insert into espece_type values ( 48,8 );
insert into espece_type values ( 49,2 );
insert into espece_type values ( 50,2 );
insert into espece_type values ( 51,16 );
insert into espece_type values ( 52,5 );
insert into espece_type values ( 53,7 );
insert into espece_type values ( 54,12 );
insert into espece_type values ( 55,13 );
insert into espece_type values ( 56,9 );
insert into espece_type values ( 57,14 );
insert into espece_type values ( 58,12 );
insert into espece_type values ( 59,6 );
insert into espece_type values ( 60,10 );
insert into espece_type values ( 61,10 );
insert into espece_type values ( 62,0 );
insert into espece_type values ( 63,11 );
insert into espece_type values ( 64,16 );
insert into espece_type values ( 65,13 );
insert into espece_type values ( 66,8 );
insert into espece_type values ( 67,6 );
insert into espece_type values ( 68,15 );
insert into espece_type values ( 69,7 );
insert into espece_type values ( 70,15 );
insert into espece_type values ( 71,8 );
insert into espece_type values ( 72,9 );
insert into espece_type values ( 73,4 );
insert into espece_type values ( 74,14 );
insert into espece_type values ( 75,15 );
insert into espece_type values ( 76,14 );
insert into espece_type values ( 77,4 );
insert into espece_type values ( 78,10 );
insert into espece_type values ( 79,14 );
insert into espece_type values ( 80,8 );
insert into espece_type values ( 81,10 );
insert into espece_type values ( 82,13 );
insert into espece_type values ( 83,6 );
insert into espece_type values ( 84,1 );
insert into espece_type values ( 85,15 );
insert into espece_type values ( 86,11 );
insert into espece_type values ( 87,1 );
insert into espece_type values ( 88,12 );
insert into espece_type values ( 89,13 );
insert into espece_type values ( 90,10 );
insert into espece_type values ( 91,6 );
insert into espece_type values ( 92,8 );
insert into espece_type values ( 93,7 );
insert into espece_type values ( 94,5 );
insert into espece_type values ( 95,2 );
insert into espece_type values ( 96,0 );
insert into espece_type values ( 97,4 );
insert into espece_type values ( 98,16 );
insert into espece_type values ( 99,2 );
insert into espece_type values ( 100,7 );
insert into espece_type values ( 101,8 );
insert into espece_type values ( 102,3 );
insert into espece_type values ( 103,3 );
insert into espece_type values ( 104,14 );
insert into espece_type values ( 105,12 );
insert into espece_type values ( 106,3 );
insert into espece_type values ( 107,2 );
insert into espece_type values ( 108,16 );
insert into espece_type values ( 109,0 );
insert into espece_type values ( 110,12 );
insert into espece_type values ( 111,14 );
insert into espece_type values ( 112,10 );
insert into espece_type values ( 113,8 );
insert into espece_type values ( 114,11 );
insert into espece_type values ( 115,7 );
insert into espece_type values ( 116,11 );
insert into espece_type values ( 117,13 );
insert into espece_type values ( 118,1 );
insert into espece_type values ( 119,11 );
insert into espece_type values ( 120,16 );
insert into espece_type values ( 121,2 );
insert into espece_type values ( 122,10 );
insert into espece_type values ( 123,16 );
insert into espece_type values ( 124,12 );
insert into espece_type values ( 125,12 );
insert into espece_type values ( 126,0 );
insert into espece_type values ( 127,1 );
insert into espece_type values ( 128,8 );
insert into espece_type values ( 129,0 );
insert into espece_type values ( 130,3 );
insert into espece_type values ( 131,7 );
insert into espece_type values ( 132,12 );
insert into espece_type values ( 133,10 );
insert into espece_type values ( 134,5 );
insert into espece_type values ( 135,10 );
insert into espece_type values ( 136,8 );
insert into espece_type values ( 137,16 );
insert into espece_type values ( 138,9 );
insert into espece_type values ( 139,11 );
insert into espece_type values ( 140,8 );
insert into espece_type values ( 141,16 );
insert into espece_type values ( 125,0 );
insert into espece_type values ( 15,1 );
insert into espece_type values ( 5,2 );
insert into espece_type values ( 89,3 );
insert into espece_type values ( 83,5 );
insert into espece_type values ( 99,6 );
insert into espece_type values ( 58,7 );
insert into espece_type values ( 134,8 );
insert into espece_type values ( 58,9 );
insert into espece_type values ( 93,10 );
insert into espece_type values ( 97,11 );
insert into espece_type values ( 56,12 );
insert into espece_type values ( 141,13 );
insert into espece_type values ( 24,14 );
insert into espece_type values ( 93,15 );
insert into espece_type values ( 6,16 );
insert into espece_zone values ( 0,71 );
insert into espece_zone values ( 1,60 );
insert into espece_zone values ( 2,1 );
insert into espece_zone values ( 3,51 );
insert into espece_zone values ( 4,10 );
insert into espece_zone values ( 5,40 );
insert into espece_zone values ( 6,17 );
insert into espece_zone values ( 7,11 );
insert into espece_zone values ( 8,87 );
insert into espece_zone values ( 9,47 );
insert into espece_zone values ( 10,41 );
insert into espece_zone values ( 11,0 );
insert into espece_zone values ( 12,41 );
insert into espece_zone values ( 13,18 );
insert into espece_zone values ( 14,78 );
insert into espece_zone values ( 15,67 );
insert into espece_zone values ( 16,85 );
insert into espece_zone values ( 17,22 );
insert into espece_zone values ( 18,65 );
insert into espece_zone values ( 19,66 );
insert into espece_zone values ( 20,22 );
insert into espece_zone values ( 21,55 );
insert into espece_zone values ( 22,32 );
insert into espece_zone values ( 23,32 );
insert into espece_zone values ( 24,51 );
insert into espece_zone values ( 25,1 );
insert into espece_zone values ( 26,3 );
insert into espece_zone values ( 27,13 );
insert into espece_zone values ( 28,6 );
insert into espece_zone values ( 29,38 );
insert into espece_zone values ( 30,27 );
insert into espece_zone values ( 31,83 );
insert into espece_zone values ( 32,30 );
insert into espece_zone values ( 33,19 );
insert into espece_zone values ( 34,68 );
insert into espece_zone values ( 35,83 );
insert into espece_zone values ( 36,81 );
insert into espece_zone values ( 37,62 );
insert into espece_zone values ( 38,25 );
insert into espece_zone values ( 39,64 );
insert into espece_zone values ( 40,85 );
insert into espece_zone values ( 41,62 );
insert into espece_zone values ( 42,5 );
insert into espece_zone values ( 43,28 );
insert into espece_zone values ( 44,55 );
insert into espece_zone values ( 45,62 );
insert into espece_zone values ( 46,35 );
insert into espece_zone values ( 47,6 );
insert into espece_zone values ( 48,42 );
insert into espece_zone values ( 49,81 );
insert into espece_zone values ( 50,61 );
insert into espece_zone values ( 51,65 );
insert into espece_zone values ( 52,3 );
insert into espece_zone values ( 53,40 );
insert into espece_zone values ( 54,82 );
insert into espece_zone values ( 55,27 );
insert into espece_zone values ( 56,47 );
insert into espece_zone values ( 57,87 );
insert into espece_zone values ( 58,65 );
insert into espece_zone values ( 59,60 );
insert into espece_zone values ( 60,81 );
insert into espece_zone values ( 61,31 );
insert into espece_zone values ( 62,3 );
insert into espece_zone values ( 63,37 );
insert into espece_zone values ( 64,43 );
insert into espece_zone values ( 65,51 );
insert into espece_zone values ( 66,31 );
insert into espece_zone values ( 67,15 );
insert into espece_zone values ( 68,42 );
insert into espece_zone values ( 69,19 );
insert into espece_zone values ( 70,72 );
insert into espece_zone values ( 71,3 );
insert into espece_zone values ( 72,45 );
insert into espece_zone values ( 73,69 );
insert into espece_zone values ( 74,62 );
insert into espece_zone values ( 75,59 );
insert into espece_zone values ( 76,41 );
insert into espece_zone values ( 77,69 );
insert into espece_zone values ( 78,15 );
insert into espece_zone values ( 79,6 );
insert into espece_zone values ( 80,48 );
insert into espece_zone values ( 81,4 );
insert into espece_zone values ( 82,86 );
insert into espece_zone values ( 83,63 );
insert into espece_zone values ( 84,28 );
insert into espece_zone values ( 85,71 );
insert into espece_zone values ( 86,86 );
insert into espece_zone values ( 87,77 );
insert into espece_zone values ( 88,7 );
insert into espece_zone values ( 89,49 );
insert into espece_zone values ( 90,3 );
insert into espece_zone values ( 91,87 );
insert into espece_zone values ( 92,2 );
insert into espece_zone values ( 93,18 );
insert into espece_zone values ( 94,72 );
insert into espece_zone values ( 95,0 );
insert into espece_zone values ( 96,74 );
insert into espece_zone values ( 97,6 );
insert into espece_zone values ( 98,87 );
insert into espece_zone values ( 99,4 );
insert into espece_zone values ( 100,35 );
insert into espece_zone values ( 101,85 );
insert into espece_zone values ( 102,87 );
insert into espece_zone values ( 103,5 );
insert into espece_zone values ( 104,37 );
insert into espece_zone values ( 105,26 );
insert into espece_zone values ( 106,63 );
insert into espece_zone values ( 107,5 );
insert into espece_zone values ( 108,42 );
insert into espece_zone values ( 109,75 );
insert into espece_zone values ( 110,43 );
insert into espece_zone values ( 111,83 );
insert into espece_zone values ( 112,59 );
insert into espece_zone values ( 113,35 );
insert into espece_zone values ( 114,51 );
insert into espece_zone values ( 115,42 );
insert into espece_zone values ( 116,46 );
insert into espece_zone values ( 117,39 );
insert into espece_zone values ( 118,19 );
insert into espece_zone values ( 119,51 );
insert into espece_zone values ( 120,84 );
insert into espece_zone values ( 121,87 );
insert into espece_zone values ( 122,46 );
insert into espece_zone values ( 123,67 );
insert into espece_zone values ( 124,54 );
insert into espece_zone values ( 125,61 );
insert into espece_zone values ( 126,48 );
insert into espece_zone values ( 127,31 );
insert into espece_zone values ( 128,27 );
insert into espece_zone values ( 129,16 );
insert into espece_zone values ( 130,76 );
insert into espece_zone values ( 131,32 );
insert into espece_zone values ( 132,56 );
insert into espece_zone values ( 133,31 );
insert into espece_zone values ( 134,37 );
insert into espece_zone values ( 135,35 );
insert into espece_zone values ( 136,42 );
insert into espece_zone values ( 137,81 );
insert into espece_zone values ( 138,4 );
insert into espece_zone values ( 139,51 );
insert into espece_zone values ( 140,3 );
insert into espece_zone values ( 141,58 );
insert into espece_zone values ( 80,0 );
insert into espece_zone values ( 43,1 );
insert into espece_zone values ( 60,3 );
insert into espece_zone values ( 43,4 );
insert into espece_zone values ( 99,5 );
insert into espece_zone values ( 22,6 );
insert into espece_zone values ( 62,7 );
insert into espece_zone values ( 135,8 );
insert into espece_zone values ( 81,9 );
insert into espece_zone values ( 88,10 );
insert into espece_zone values ( 78,11 );
insert into espece_zone values ( 134,12 );
insert into espece_zone values ( 102,13 );
insert into espece_zone values ( 131,14 );
insert into espece_zone values ( 25,15 );
insert into espece_zone values ( 38,16 );
insert into espece_zone values ( 114,17 );
insert into espece_zone values ( 89,18 );
insert into espece_zone values ( 129,19 );
insert into espece_zone values ( 76,20 );
insert into espece_zone values ( 7,21 );
insert into espece_zone values ( 29,22 );
insert into espece_zone values ( 105,23 );
insert into espece_zone values ( 60,24 );
insert into espece_zone values ( 110,25 );
insert into espece_zone values ( 73,26 );
insert into espece_zone values ( 44,27 );
insert into espece_zone values ( 29,28 );
insert into espece_zone values ( 79,29 );
insert into espece_zone values ( 112,30 );
insert into espece_zone values ( 22,31 );
insert into espece_zone values ( 83,32 );
insert into espece_zone values ( 5,33 );
insert into espece_zone values ( 87,34 );
insert into espece_zone values ( 17,35 );
insert into espece_zone values ( 52,36 );
insert into espece_zone values ( 25,37 );
insert into espece_zone values ( 125,38 );
insert into espece_zone values ( 70,39 );
insert into espece_zone values ( 108,40 );
insert into espece_zone values ( 53,41 );
insert into espece_zone values ( 106,42 );
insert into espece_zone values ( 56,43 );
insert into espece_zone values ( 31,44 );
insert into espece_zone values ( 126,45 );
insert into espece_zone values ( 109,46 );
insert into espece_zone values ( 109,47 );
insert into espece_zone values ( 25,48 );
insert into espece_zone values ( 85,49 );
insert into espece_zone values ( 62,50 );
insert into espece_zone values ( 54,51 );
insert into espece_zone values ( 128,52 );
insert into espece_zone values ( 17,53 );
insert into espece_zone values ( 30,54 );
insert into espece_zone values ( 71,55 );
insert into espece_zone values ( 130,56 );
insert into espece_zone values ( 48,57 );
insert into espece_zone values ( 32,58 );
insert into espece_zone values ( 90,59 );
insert into espece_zone values ( 26,60 );
insert into espece_zone values ( 118,61 );
insert into espece_zone values ( 93,62 );
insert into espece_zone values ( 124,63 );
insert into espece_zone values ( 38,64 );
insert into espece_zone values ( 75,65 );
insert into espece_zone values ( 76,66 );
insert into espece_zone values ( 9,67 );
insert into espece_zone values ( 141,68 );
insert into espece_zone values ( 128,69 );
insert into espece_zone values ( 128,70 );
insert into espece_zone values ( 47,71 );
insert into espece_zone values ( 8,72 );
insert into espece_zone values ( 126,73 );
insert into espece_zone values ( 109,74 );
insert into espece_zone values ( 91,75 );
insert into espece_zone values ( 60,76 );
insert into espece_zone values ( 73,77 );
insert into espece_zone values ( 35,78 );
insert into espece_zone values ( 128,79 );
insert into espece_zone values ( 80,80 );
insert into espece_zone values ( 56,81 );
insert into espece_zone values ( 92,82 );
insert into espece_zone values ( 61,83 );
insert into espece_zone values ( 125,84 );
insert into espece_zone values ( 96,86 );
insert into espece_zone values ( 126,87 );
insert into monstropoche_attaque values ( 0,6 );
insert into monstropoche_attaque values ( 1,7 );
insert into monstropoche_attaque values ( 2,8 );
insert into monstropoche_attaque values ( 3,9 );
insert into monstropoche_attaque values ( 4,11 );
insert into monstropoche_attaque values ( 5,17 );
insert into monstropoche_attaque values ( 6,28 );
insert into monstropoche_attaque values ( 7,14 );
insert into monstropoche_attaque values ( 8,22 );
insert into monstropoche_attaque values ( 9,1 );
insert into monstropoche_attaque values ( 10,0 );
insert into monstropoche_attaque values ( 11,25 );
insert into monstropoche_attaque values ( 12,12 );
insert into monstropoche_attaque values ( 13,14 );
insert into monstropoche_attaque values ( 14,11 );
insert into monstropoche_attaque values ( 15,27 );
insert into monstropoche_attaque values ( 16,24 );
insert into monstropoche_attaque values ( 17,21 );
insert into monstropoche_attaque values ( 18,7 );
insert into monstropoche_attaque values ( 19,11 );
insert into monstropoche_attaque values ( 20,7 );
insert into monstropoche_attaque values ( 21,9 );
insert into monstropoche_attaque values ( 22,7 );
insert into monstropoche_attaque values ( 23,21 );
insert into monstropoche_attaque values ( 24,6 );
insert into monstropoche_attaque values ( 25,8 );
insert into monstropoche_attaque values ( 26,22 );
insert into monstropoche_attaque values ( 27,13 );
insert into monstropoche_attaque values ( 28,12 );
insert into monstropoche_attaque values ( 29,16 );
insert into monstropoche_attaque values ( 30,26 );
insert into monstropoche_attaque values ( 31,9 );
insert into monstropoche_attaque values ( 32,10 );
insert into monstropoche_attaque values ( 33,15 );
insert into monstropoche_attaque values ( 34,24 );
insert into monstropoche_attaque values ( 35,15 );
insert into monstropoche_attaque values ( 36,14 );
insert into monstropoche_attaque values ( 37,17 );
insert into monstropoche_attaque values ( 38,16 );
insert into monstropoche_attaque values ( 39,23 );
insert into monstropoche_attaque values ( 40,20 );
insert into monstropoche_attaque values ( 41,0 );
insert into monstropoche_attaque values ( 42,16 );
insert into monstropoche_attaque values ( 43,13 );
insert into monstropoche_attaque values ( 44,4 );
insert into monstropoche_attaque values ( 45,17 );
insert into monstropoche_attaque values ( 46,17 );
insert into monstropoche_attaque values ( 47,9 );
insert into monstropoche_attaque values ( 48,7 );
insert into monstropoche_attaque values ( 49,1 );
insert into monstropoche_attaque values ( 50,2 );
insert into monstropoche_attaque values ( 51,14 );
insert into monstropoche_attaque values ( 52,14 );
insert into monstropoche_attaque values ( 53,23 );
insert into monstropoche_attaque values ( 54,9 );
insert into monstropoche_attaque values ( 55,14 );
insert into monstropoche_attaque values ( 56,17 );
insert into monstropoche_attaque values ( 57,0 );
insert into monstropoche_attaque values ( 58,18 );
insert into monstropoche_attaque values ( 59,28 );
insert into monstropoche_attaque values ( 60,21 );
insert into monstropoche_attaque values ( 61,27 );
insert into monstropoche_attaque values ( 62,8 );
insert into monstropoche_attaque values ( 63,21 );
insert into monstropoche_attaque values ( 64,15 );
insert into monstropoche_attaque values ( 65,11 );
insert into monstropoche_attaque values ( 66,24 );
insert into monstropoche_attaque values ( 67,18 );
insert into monstropoche_attaque values ( 68,15 );
insert into monstropoche_attaque values ( 69,5 );
insert into monstropoche_attaque values ( 70,23 );
insert into monstropoche_attaque values ( 71,8 );
insert into monstropoche_attaque values ( 72,3 );
insert into monstropoche_attaque values ( 73,26 );
insert into monstropoche_attaque values ( 74,27 );
insert into monstropoche_attaque values ( 75,5 );
insert into monstropoche_attaque values ( 76,11 );
insert into monstropoche_attaque values ( 77,25 );
insert into monstropoche_attaque values ( 78,6 );
insert into monstropoche_attaque values ( 79,9 );
insert into monstropoche_attaque values ( 80,1 );
insert into monstropoche_attaque values ( 81,19 );
insert into monstropoche_attaque values ( 82,6 );
insert into monstropoche_attaque values ( 83,4 );
insert into monstropoche_attaque values ( 84,23 );
insert into monstropoche_attaque values ( 85,23 );
insert into monstropoche_attaque values ( 86,26 );
insert into monstropoche_attaque values ( 87,13 );
insert into monstropoche_attaque values ( 88,5 );
insert into monstropoche_attaque values ( 89,1 );
insert into monstropoche_attaque values ( 90,2 );
insert into monstropoche_attaque values ( 91,24 );
insert into monstropoche_attaque values ( 92,8 );
insert into monstropoche_attaque values ( 93,16 );
insert into monstropoche_attaque values ( 94,2 );
insert into monstropoche_attaque values ( 95,22 );
insert into monstropoche_attaque values ( 96,18 );
insert into monstropoche_attaque values ( 97,28 );
insert into monstropoche_attaque values ( 98,15 );
insert into monstropoche_attaque values ( 99,5 );
insert into monstropoche_attaque values ( 76,0 );
insert into monstropoche_attaque values ( 72,1 );
insert into monstropoche_attaque values ( 76,2 );
insert into monstropoche_attaque values ( 98,3 );
insert into monstropoche_attaque values ( 68,4 );
insert into monstropoche_attaque values ( 9,5 );
insert into monstropoche_attaque values ( 76,6 );
insert into monstropoche_attaque values ( 25,9 );
insert into monstropoche_attaque values ( 64,10 );
insert into monstropoche_attaque values ( 59,11 );
insert into monstropoche_attaque values ( 16,12 );
insert into monstropoche_attaque values ( 55,13 );
insert into monstropoche_attaque values ( 37,14 );
insert into monstropoche_attaque values ( 57,15 );
insert into monstropoche_attaque values ( 87,16 );
insert into monstropoche_attaque values ( 40,17 );
insert into monstropoche_attaque values ( 63,18 );
insert into monstropoche_attaque values ( 58,19 );
insert into monstropoche_attaque values ( 22,20 );
insert into monstropoche_attaque values ( 3,21 );
insert into monstropoche_attaque values ( 60,22 );
insert into monstropoche_attaque values ( 80,23 );
insert into monstropoche_attaque values ( 35,24 );
insert into monstropoche_attaque values ( 51,25 );
insert into monstropoche_attaque values ( 98,26 );
insert into monstropoche_attaque values ( 81,27 );
insert into monstropoche_attaque values ( 89,28 );
