drop table monstropoche_attaque;
drop table espece_zone;
drop table espece_type;
drop table objet_zone;
drop table monstropoche;
drop table espece;
drop table etat;
drop table genre;
drop table objet;
drop table zone;
drop table attaque;
drop table type;
drop table proprietaire;

create table proprietaire (id int not null, nom varchar(255) not null, primary key(id));
create table type (id int not null, nom varchar(255) not null, primary key(id));
create table attaque (id int not null, type_id int not null, nom varchar(255) not null, puissance int not null, perequis int not null, precizion int not null, constraint fk_attaque_type foreign key (type_id) references type(id), primary key(id));
create table zone (id int not null, nom varchar(255) not null, primary key(id));
create table objet (id int not null, nom varchar(255) not null, est_unique number(1) not null, est_offensif number(1), est_evoluant number(1), primary key(id));
create table genre (id int not null, femelle number(1) not null, male number(1) not null, primary key(id));
create table etat (id int not null, nom varchar(255) not null, primary key(id));
create table espece (id int not null, objet_id int, source_id int, nom varchar(255) not null, constraint fk_espece_objet foreign key (objet_id) references objet(id), constraint fk_espece_espece foreign key (source_id) references espece(id), primary key(id));
create table monstropoche (id int not null, surnom varchar(255) not null, proprietaire_id int, genre_id int not null, etat_id int not null, objet_id int, espece_id int not null, pv int not null, pe int not null, pv_actuel int not null, constraint fk_monstropoche_proprietaire foreign key (proprietaire_id) references proprietaire(id), constraint fk_monstropoche_genre foreign key (genre_id) references genre(id), constraint fk_monstropoche_etat foreign key (etat_id) references etat(id), constraint fk_monstropoche_objet foreign key (objet_id) references objet(id), constraint fk_monstropoche_espece foreign key (espece_id) references espece(id), primary key(id));
create table objet_zone (objet_id int not null, zone_id int not null, constraint fk_objet_zone_objet foreign key (objet_id) references objet(id), constraint fk_objet_zone_zone foreign key (zone_id) references zone(id), primary key(objet_id, zone_id));
create table espece_type (espece_id int not null, type_id int not null, constraint fk_espece_type_espece foreign key (espece_id) references espece(id), constraint fk_espece_type_type foreign key (type_id) references type(id), primary key(espece_id, type_id));
create table espece_zone (espece_id int not null, zone_id int not null, constraint fk_espece_zone_espece foreign key (espece_id) references espece(id), constraint fk_espece_zone_zone foreign key (zone_id) references zone(id), primary key(espece_id, zone_id));
create table monstropoche_attaque (monstropoche_id int not null, attaque_id int not null, constraint fk_monstropoche_attaque_m foreign key (monstropoche_id) references monstropoche(id), constraint fk_monstropoche_attaque_a foreign key (attaque_id) references attaque(id), primary key(monstropoche_id, attaque_id));

delete from monstropoche_attaque;
delete from espece_zone;
delete from espece_type;
delete from objet_zone;
delete from monstropoche;
delete from espece;
delete from etat;
delete from type;
delete from genre;
delete from objet;
delete from attaque;
delete from zone;
delete from proprietaire;

insert into proprietaire values ( 0,'Laura Pons' );
insert into proprietaire values ( 1,'Lola Leclerc DVM' );
insert into proprietaire values ( 2,'Léo Sanchez' );
insert into proprietaire values ( 3,'Mathis Lefebvre' );
insert into proprietaire values ( 4,'Anaïs Dupont' );
insert into proprietaire values ( 5,'Adam Lemaire DVM' );
insert into proprietaire values ( 6,'Sacha Dupont III' );
insert into proprietaire values ( 7,'Sacha Lacroix' );
insert into proprietaire values ( 8,'Lucie Laurent' );
insert into proprietaire values ( 9,'Jeanne Collet' );
insert into proprietaire values ( 10,'Maxime Rousseau' );
insert into proprietaire values ( 11,'Lilou Blanchard' );
insert into proprietaire values ( 12,'Justine Caron' );
insert into proprietaire values ( 13,'Julien Boyer' );
insert into proprietaire values ( 14,'Noah Bertrand' );
insert into proprietaire values ( 15,'Lou Clement' );
insert into proprietaire values ( 16,'Enzo Vasseur' );
insert into proprietaire values ( 17,'Lucie Denis' );
insert into proprietaire values ( 18,'Dr Lucas Dupuy' );
insert into proprietaire values ( 19,'Romane Richard II' );
insert into proprietaire values ( 20,'Mattéo Le roux' );
insert into proprietaire values ( 21,'Rayan Le gall Sr.' );
insert into proprietaire values ( 22,'Lucas Poirier' );
insert into proprietaire values ( 23,'Camille Gonzalez' );
insert into proprietaire values ( 24,'Mael Charles DDS' );
insert into proprietaire values ( 25,'Maëlle Fabre DDS' );
insert into proprietaire values ( 26,'Baptiste Bonnet' );
insert into proprietaire values ( 27,'Chloé Colin II' );
insert into proprietaire values ( 28,'Prof Chloé Renault' );
insert into proprietaire values ( 29,'Louise Laine' );
insert into proprietaire values ( 30,'Adam Prevost' );
insert into proprietaire values ( 31,'Mohamed Leroux PhD' );
insert into proprietaire values ( 32,'Ines Girard' );
insert into proprietaire values ( 33,'Enzo Joly' );
insert into proprietaire values ( 34,'Valentin Michel' );
insert into proprietaire values ( 35,'Mathis Morin' );
insert into proprietaire values ( 36,'Arthur Meunier' );
insert into proprietaire values ( 37,'Victor Marty' );
insert into proprietaire values ( 38,'Manon Hubert' );
insert into proprietaire values ( 39,'Pauline Robert' );
insert into proprietaire values ( 40,'Arthur Muller' );
insert into proprietaire values ( 41,'Elisa Schneider II' );
insert into proprietaire values ( 42,'Noa Charpentier' );
insert into proprietaire values ( 43,'Louis Dufour' );
insert into proprietaire values ( 44,'Maëlle Bonnet' );
insert into proprietaire values ( 45,'Théo Meyer' );
insert into proprietaire values ( 46,'Emilie Joly' );
insert into proprietaire values ( 47,'Louise Fontaine' );
insert into proprietaire values ( 48,'Thomas Robert' );
insert into proprietaire values ( 49,'Marie Breton' );
insert into proprietaire values ( 50,'Pierre Roy IV' );
insert into proprietaire values ( 51,'Axel Olivier Jr.' );
insert into proprietaire values ( 52,'Juliette Roger' );
insert into proprietaire values ( 53,'Quentin Perrin' );
insert into proprietaire values ( 54,'Jules Berger' );
insert into proprietaire values ( 55,'Pauline Barre' );
insert into proprietaire values ( 56,'Quentin Martin' );
insert into proprietaire values ( 57,'Paul Mathieu' );
insert into proprietaire values ( 58,'Jeanne Richard' );
insert into proprietaire values ( 59,'M Thomas Lecomte' );
insert into proprietaire values ( 60,'Clara Renault' );
insert into proprietaire values ( 61,'Prof Axel Leroux' );
insert into proprietaire values ( 62,'Quentin Blanchard' );
insert into proprietaire values ( 63,'Maeva Laine DDS' );
insert into proprietaire values ( 64,'Célia Bernard' );
insert into proprietaire values ( 65,'Romane Dupuy' );
insert into proprietaire values ( 66,'M Raphaël Legrand' );
insert into proprietaire values ( 67,'Rayan Lemaire' );
insert into proprietaire values ( 68,'Alicia Laurent' );
insert into proprietaire values ( 69,'Valentin Lucas' );
insert into proprietaire values ( 70,'Pauline Bonnet' );
insert into proprietaire values ( 71,'Benjamin Deschamps' );
insert into proprietaire values ( 72,'Camille Sanchez' );
insert into proprietaire values ( 73,'Kylian Perez' );
insert into proprietaire values ( 74,'Elisa Carpentier' );
insert into proprietaire values ( 75,'Nathan Meyer V' );
insert into proprietaire values ( 76,'Mme Louis David' );
insert into proprietaire values ( 77,'M Louis Picard' );
insert into proprietaire values ( 78,'Ambre Giraud' );
insert into proprietaire values ( 79,'Adrien Rey' );
insert into proprietaire values ( 80,'Adam Meunier Sr.' );
insert into proprietaire values ( 81,'Jeanne Nguyen' );
insert into proprietaire values ( 82,'Ines Chevalier' );
insert into proprietaire values ( 83,'Mathilde Durand' );
insert into proprietaire values ( 84,'Ambre Faure' );
insert into proprietaire values ( 85,'Prof Gabriel Perrin' );
insert into proprietaire values ( 86,'Louis Henry' );
insert into proprietaire values ( 87,'Eva Leclercq' );
insert into proprietaire values ( 88,'Maëlys Breton' );
insert into proprietaire values ( 89,'Mlle Ethan Breton' );
insert into proprietaire values ( 90,'Mme Louis Royer' );
insert into proprietaire values ( 91,'Océane Nicolas' );
insert into proprietaire values ( 92,'Dr Benjamin Noel' );
insert into proprietaire values ( 93,'Kylian Aubert' );
insert into proprietaire values ( 94,'Ethan Moreau' );
insert into proprietaire values ( 95,'Laura Martinez' );
insert into proprietaire values ( 96,'Maeva Schneider DVM' );
insert into proprietaire values ( 97,'M Juliette Brun' );
insert into proprietaire values ( 98,'Camille Berger' );
insert into proprietaire values ( 99,'Nathan Perez' );
insert into type values ( 0,'Glace' );
insert into type values ( 1,'Dragon' );
insert into type values ( 2,'Sol' );
insert into type values ( 3,'Plante' );
insert into type values ( 4,'Feu' );
insert into type values ( 5,'Eau' );
insert into type values ( 6,'Électrique' );
insert into type values ( 7,'Psy' );
insert into type values ( 8,'Spectre' );
insert into type values ( 9,'Ténèbre' );
insert into type values ( 10,'Fée' );
insert into type values ( 11,'Acier' );
insert into type values ( 12,'Poison' );
insert into type values ( 13,'Roche' );
insert into type values ( 14,'Combat' );
insert into type values ( 15,'Insecte' );
insert into type values ( 16,'Normal' );
insert into attaque values ( 0,14,'Triplattaque',152,72,38 );
insert into attaque values ( 1,8,'Escalade',97,88,45 );
insert into attaque values ( 2,6,'Morphing',72,41,92 );
insert into attaque values ( 3,14,'Vœu',186,18,18 );
insert into attaque values ( 4,7,'Grobisou',141,99,75 );
insert into attaque values ( 5,11,'Pilonnage',33,98,3 );
insert into attaque values ( 6,9,'Recyclage',125,62,46 );
insert into attaque values ( 7,2,'Regard Médusant',132,19,92 );
insert into attaque values ( 8,1,'E-Coque',129,96,76 );
insert into attaque values ( 9,8,'Constriction',143,95,100 );
insert into attaque values ( 10,6,'Picanon',4,72,19 );
insert into attaque values ( 11,16,'Uppercut',80,12,85 );
insert into attaque values ( 12,15,'Coup de Main',80,45,67 );
insert into attaque values ( 13,12,'Flash',192,70,39 );
insert into attaque values ( 14,9,'Conversion',134,96,12 );
insert into attaque values ( 15,6,'Affûtage',71,69,47 );
insert into attaque values ( 16,11,'Croc de Mort',173,17,38 );
insert into attaque values ( 17,15,'Par Ici',223,34,98 );
insert into attaque values ( 18,6,'Attrition',84,40,34 );
insert into attaque values ( 19,14,'Force-Nature',187,89,50 );
insert into attaque values ( 20,12,'Combo-Griffe',9,82,6 );
insert into attaque values ( 21,1,'Explosion',165,48,45 );
insert into attaque values ( 22,5,'Trempette',91,54,75 );
insert into attaque values ( 23,14,'Exuviation',5,79,35 );
insert into attaque values ( 24,3,'CoudKrâne',236,88,1 );
insert into attaque values ( 25,5,'Météores',150,44,59 );
insert into attaque values ( 26,6,'Relais',158,26,79 );
insert into attaque values ( 27,14,'Rengorgement',86,53,5 );
insert into attaque values ( 28,12,'BoulArmure',231,65,6 );
insert into zone values ( 0,'Uzbekistan' );
insert into zone values ( 1,'Guatemala' );
insert into zone values ( 2,'Bosnia and Herzegovina' );
insert into zone values ( 3,'Paraguay' );
insert into zone values ( 4,'Iran' );
insert into zone values ( 5,'United Kingdom' );
insert into zone values ( 6,'Syrian Arab Republic' );
insert into zone values ( 7,'Saint Pierre and Miquelon' );
insert into zone values ( 8,'Spain' );
insert into zone values ( 9,'Nigeria' );
insert into zone values ( 10,'Ukraine' );
insert into zone values ( 11,'Tunisia' );
insert into zone values ( 12,'Sao Tome and Principe' );
insert into zone values ( 13,'Romania' );
insert into zone values ( 14,'Myanmar' );
insert into zone values ( 15,'Saint Barthelemy' );
insert into zone values ( 16,'Canada' );
insert into zone values ( 17,'Montserrat' );
insert into zone values ( 18,'Cape Verde' );
insert into zone values ( 19,'Lithuania' );
insert into zone values ( 20,'Israel' );
insert into zone values ( 21,'French Polynesia' );
insert into zone values ( 22,'Gibraltar' );
insert into zone values ( 23,'Saint Lucia' );
insert into zone values ( 24,'Guinea-Bissau' );
insert into zone values ( 25,'Saint Martin' );
insert into zone values ( 26,'Honduras' );
insert into zone values ( 27,'Mongolia' );
insert into zone values ( 28,'New Zealand' );
insert into zone values ( 29,'Solomon Islands' );
insert into zone values ( 30,'Afghanistan' );
insert into zone values ( 31,'Tajikistan' );
insert into zone values ( 32,'Western Sahara' );
insert into zone values ( 33,'Somalia' );
insert into zone values ( 34,'Namibia' );
insert into zone values ( 35,'Faroe Islands' );
insert into zone values ( 36,'Egypt' );
insert into zone values ( 37,'Isle of Man' );
insert into zone values ( 38,'Bahrain' );
insert into zone values ( 39,'Serbia' );
insert into zone values ( 40,'Moldova' );
insert into zone values ( 41,'Norway' );
insert into zone values ( 42,'Montenegro' );
insert into zone values ( 43,'Hungary' );
insert into zone values ( 44,'Grenada' );
insert into zone values ( 45,'Samoa' );
insert into zone values ( 46,'Panama' );
insert into zone values ( 47,'French Guiana' );
insert into zone values ( 48,'Trinidad and Tobago' );
insert into zone values ( 49,'Argentina' );
insert into zone values ( 50,'Botswana' );
insert into zone values ( 51,'Martinique' );
insert into zone values ( 52,'Belgium' );
insert into zone values ( 53,'Sri Lanka' );
insert into zone values ( 54,'Cote dIvoire' );
insert into zone values ( 55,'Cambodia' );
insert into zone values ( 56,'Niue' );
insert into zone values ( 57,'Mali' );
insert into zone values ( 58,'American Samoa' );
insert into zone values ( 59,'Virgin Islands, British' );
insert into zone values ( 60,'Mauritania' );
insert into zone values ( 61,'Senegal' );
insert into zone values ( 62,'Italy' );
insert into zone values ( 63,'Estonia' );
insert into zone values ( 64,'Anguilla' );
insert into zone values ( 65,'Oman' );
insert into zone values ( 66,'Malta' );
insert into zone values ( 67,'San Marino' );
insert into zone values ( 68,'Germany' );
insert into zone values ( 69,'Nicaragua' );
insert into zone values ( 70,'Russian Federation' );
insert into zone values ( 71,'Gambia' );
insert into zone values ( 72,'Monaco' );
insert into zone values ( 73,'Bouvet Island (Bouvetoya)' );
insert into zone values ( 74,'Tokelau' );
insert into zone values ( 75,'Denmark' );
insert into zone values ( 76,'Pitcairn Islands' );
insert into zone values ( 77,'Barbados' );
insert into zone values ( 78,'Christmas Island' );
insert into zone values ( 79,'Finland' );
insert into zone values ( 80,'Cyprus' );
insert into objet values ( 0,'Défense +',0,0,0 );
insert into objet values ( 1,'Muscle +',0,0,0 );
insert into objet values ( 2,'Défense Spéc',0,0,0 );
insert into objet values ( 3,'Déf. Spé. +',0,0,0 );
insert into objet values ( 4,'Attaque +',0,0,0 );
insert into objet values ( 5,'Spécial +',0,0,0 );
insert into objet values ( 6,'Précision +',0,0,0 );
insert into objet values ( 7,'Vitesse +',0,0,0 );
insert into objet values ( 8,'Baie Tamato',0,0,0 );
insert into objet values ( 9,'Baie Résin',0,0,0 );
insert into objet values ( 10,'Baie Lonme',0,0,0 );
insert into objet values ( 11,'Baie Qualot',0,0,0 );
insert into objet values ( 12,'Baie Alga',0,0,0 );
insert into objet values ( 13,'Baie Grena',0,0,0 );
insert into objet values ( 14,'Baie Mepo',0,0,0 );
insert into objet values ( 15,'Baie Willia',0,0,0 );
insert into objet values ( 16,'Baie Fraive',0,0,0 );
insert into objet values ( 17,'Baie Pêcha',0,0,0 );
insert into objet values ( 18,'Baie Maron',0,0,0 );
insert into objet values ( 19,'Baie Oran',0,0,0 );
insert into genre values ( 0,0,0 );
insert into genre values ( 1,0,1 );
insert into genre values ( 2,1,1 );
insert into genre values ( 3,1,0 );
insert into etat values ( 0,'Mission' );
insert into etat values ( 1,'Repos' );
insert into etat values ( 2,'Reproduction' );
insert into espece values ( 0,9,null,'Bulbizarre' );
insert into espece values ( 1,1,null,'Chenipan' );
insert into espece values ( 2,2,null,'Voltorbe' );
insert into espece values ( 3,2,null,'Électrode' );
insert into espece values ( 4,3,0,'Nœunœuf' );
insert into espece values ( 5,5,null,'Noadkoko' );
insert into espece values ( 6,15,null,'Osselait' );
insert into espece values ( 7,null,null,'Ossatueur' );
insert into espece values ( 8,null,null,'Kicklee' );
insert into espece values ( 9,null,null,'Tygnon' );
insert into espece values ( 10,12,null,'Excelangue' );
insert into espece values ( 11,13,null,'Smogo' );
insert into espece values ( 12,14,null,'Chrysacier' );
insert into espece values ( 13,13,null,'Smogogo' );
insert into espece values ( 14,16,null,'Rhinocorne' );
insert into espece values ( 15,null,null,'Rhinoféros' );
insert into espece values ( 16,12,null,'Leveinard' );
insert into espece values ( 17,null,null,'Saquedeneu' );
insert into espece values ( 18,null,null,'Kangourex' );
insert into espece values ( 19,1,null,'Hypotrempe' );
insert into espece values ( 20,11,null,'Hypocéan' );
insert into espece values ( 21,null,null,'Poissirène' );
insert into espece values ( 22,null,null,'Poissoroy' );
insert into espece values ( 23,null,null,'Papilusion' );
insert into espece values ( 24,16,null,'Stari' );
insert into espece values ( 25,15,null,'Staross' );
insert into espece values ( 26,null,null,'M.Mime' );
insert into espece values ( 27,null,null,'Insécateur' );
insert into espece values ( 28,18,null,'Lippoutou' );
insert into espece values ( 29,6,null,'Élektek' );
insert into espece values ( 30,11,null,'Magmar' );
insert into espece values ( 31,8,null,'Scarabrute' );
insert into espece values ( 32,null,null,'Tauros' );
insert into espece values ( 33,null,null,'Magicarpe' );
insert into espece values ( 34,null,null,'Aspicot' );
insert into espece values ( 35,null,null,'Léviator' );
insert into espece values ( 36,13,null,'Lokhlass' );
insert into espece values ( 37,null,null,'Métamorph' );
insert into espece values ( 38,15,null,'Évoli' );
insert into espece values ( 39,14,null,'Aquali' );
insert into espece values ( 40,19,null,'Voltali' );
insert into espece values ( 41,19,null,'Pyroli' );
insert into espece values ( 42,null,null,'Porygon' );
insert into espece values ( 43,10,null,'Amonita' );
insert into espece values ( 44,null,null,'Amonistar' );
insert into espece values ( 45,null,null,'Coconfort' );
insert into espece values ( 46,11,null,'Kabuto' );
insert into espece values ( 47,1,null,'Kabutops' );
insert into espece values ( 48,null,32,'Ptéra' );
insert into espece values ( 49,2,null,'Ronflex' );
insert into espece values ( 50,17,null,'Artikodin' );
insert into espece values ( 51,2,null,'Électhor' );
insert into espece values ( 52,null,null,'Sulfura' );
insert into espece values ( 53,null,null,'Minidraco' );
insert into espece values ( 54,9,null,'Draco' );
insert into espece values ( 55,19,null,'Dracolosse' );
insert into espece values ( 56,5,null,'Dardargnan' );
insert into espece values ( 57,null,null,'Mewtwo' );
insert into espece values ( 58,15,null,'Mew' );
insert into espece values ( 59,null,null,'Roucool' );
insert into espece values ( 60,null,null,'Roucoups' );
insert into espece values ( 61,18,null,'Roucarnage' );
insert into espece values ( 62,null,null,'Rattata' );
insert into espece values ( 63,null,null,'Herbizarre' );
insert into espece values ( 64,null,null,'Rattatac' );
insert into espece values ( 65,5,null,'Piafabec' );
insert into espece values ( 66,null,null,'Rapasdepic' );
insert into espece values ( 67,null,null,'Abo' );
insert into espece values ( 68,15,null,'Arbok' );
insert into espece values ( 69,null,null,'Pikachu' );
insert into espece values ( 70,16,null,'Raichu' );
insert into espece values ( 71,null,null,'Sabelette' );
insert into espece values ( 72,13,null,'Sablaireau' );
insert into espece values ( 73,8,null,'Nidoran♀' );
insert into espece values ( 74,4,null,'Florizarre' );
insert into espece values ( 75,null,null,'Nidorina' );
insert into espece values ( 76,7,null,'Nidoqueen' );
insert into espece values ( 77,6,null,'Nidoran♂' );
insert into espece values ( 78,null,null,'Nidorino' );
insert into espece values ( 79,13,null,'Nidoking' );
insert into espece values ( 80,null,null,'Mélofée' );
insert into espece values ( 81,18,null,'Mélodelfe' );
insert into espece values ( 82,null,64,'Feunard' );
insert into espece values ( 83,3,null,'Rondoudou' );
insert into espece values ( 84,null,29,'Salamèche' );
insert into espece values ( 85,null,null,'Grodoudou' );
insert into espece values ( 86,14,null,'Nosferapti' );
insert into espece values ( 87,null,null,'Nosferalto' );
insert into espece values ( 88,8,55,'Mystherbe' );
insert into espece values ( 89,10,null,'Ortide' );
insert into espece values ( 90,null,null,'Rafflesia' );
insert into espece values ( 91,null,null,'Paras' );
insert into espece values ( 92,10,null,'Parasect' );
insert into espece values ( 93,null,null,'Mimitoss' );
insert into espece values ( 94,19,null,'Aéromite' );
insert into espece values ( 95,null,null,'Reptincel' );
insert into espece values ( 96,9,19,'Taupiqueur' );
insert into espece values ( 97,null,null,'Triopikeur' );
insert into espece values ( 98,18,null,'Miaouss' );
insert into espece values ( 99,null,null,'Persian' );
insert into espece values ( 100,null,null,'Psykokwak' );
insert into espece values ( 101,4,null,'Akwakwak' );
insert into espece values ( 102,null,null,'Férosinge' );
insert into espece values ( 103,null,null,'Colossinge' );
insert into espece values ( 104,null,null,'Caninos' );
insert into espece values ( 105,null,null,'Arcanin' );
insert into espece values ( 106,9,null,'Dracaufeu' );
insert into espece values ( 107,null,null,'Ptitard' );
insert into espece values ( 108,18,null,'Têtarte' );
insert into espece values ( 109,11,null,'Tartard' );
insert into espece values ( 110,null,null,'Abra' );
insert into espece values ( 111,5,109,'Kadabra' );
insert into espece values ( 112,null,10,'Alakazam' );
insert into espece values ( 113,3,36,'Machoc' );
insert into espece values ( 114,null,null,'Machopeur' );
insert into espece values ( 115,null,null,'Mackogneur' );
insert into espece values ( 116,null,83,'Chétiflor' );
insert into espece values ( 117,8,null,'Carapuce' );
insert into espece values ( 118,null,null,'Boustiflor' );
insert into espece values ( 119,null,null,'Empiflor' );
insert into espece values ( 120,11,null,'Tentacool' );
insert into espece values ( 121,8,null,'Tentacruel' );
insert into espece values ( 122,null,null,'Racaillou' );
insert into espece values ( 123,null,null,'Gravalanch' );
insert into espece values ( 124,4,null,'Grolem' );
insert into espece values ( 125,15,null,'Ponyta' );
insert into espece values ( 126,9,98,'Galopa' );
insert into espece values ( 127,8,null,'Carabaffe' );
insert into espece values ( 128,6,null,'Flagadoss' );
insert into espece values ( 129,null,null,'Magnéton' );
insert into espece values ( 130,null,null,'Canarticho' );
insert into espece values ( 131,11,null,'Dodrio' );
insert into espece values ( 132,null,13,'Otaria' );
insert into espece values ( 133,null,null,'Tadmorv' );
insert into espece values ( 134,null,null,'Grotadmorv' );
insert into espece values ( 135,14,104,'Kokiyas' );
insert into espece values ( 136,5,null,'Crustabri' );
insert into espece values ( 137,16,null,'Spectrum' );
insert into espece values ( 138,9,null,'Ectoplasma' );
insert into espece values ( 139,0,null,'Soporifik' );
insert into espece values ( 140,null,null,'Hypnomade' );
insert into espece values ( 141,null,null,'Krabboss' );
insert into monstropoche values ( 0,'Burley_Homenick',1,0,1,18,76,72,13,67 );
insert into monstropoche values ( 1,'Irma_Ankunding',null,0,1,14,92,99,28,19 );
insert into monstropoche values ( 2,'Bertha_Hackett8',57,2,2,9,37,58,0,9 );
insert into monstropoche values ( 3,'Aubrey_Carroll63',null,2,2,1,80,10,48,0 );
insert into monstropoche values ( 4,'Lee_Cassin12',37,0,0,0,38,24,86,8 );
insert into monstropoche values ( 5,'Dante_Price',null,2,1,17,80,58,68,19 );
insert into monstropoche values ( 6,'Claudine44',0,2,2,12,48,41,16,29 );
insert into monstropoche values ( 7,'Cullen26',9,1,2,13,31,31,25,10 );
insert into monstropoche values ( 8,'Fern45',95,0,1,11,131,38,17,35 );
insert into monstropoche values ( 9,'Jaden_Hammes',null,0,1,12,31,1,86,0 );
insert into monstropoche values ( 10,'Keenan68',3,3,0,3,39,47,43,25 );
insert into monstropoche values ( 11,'Lonnie.Kautzer',null,3,0,3,130,74,37,2 );
insert into monstropoche values ( 12,'Gwendolyn.Beatty49',72,1,2,18,68,27,34,25 );
insert into monstropoche values ( 13,'Berry_Rutherford67',74,3,2,11,10,61,23,44 );
insert into monstropoche values ( 14,'Isabel_Bosco3',null,3,0,7,80,88,79,60 );
insert into monstropoche values ( 15,'Keshawn_Herzog16',null,0,1,3,126,83,29,63 );
insert into monstropoche values ( 16,'Casper.Jakubowski',null,2,2,18,114,91,26,87 );
insert into monstropoche values ( 17,'Jettie_Bogisich24',23,2,2,11,0,15,50,1 );
insert into monstropoche values ( 18,'Ed83',44,0,1,8,37,29,59,19 );
insert into monstropoche values ( 19,'Arnaldo_Marvin33',44,0,0,9,99,88,49,0 );
insert into monstropoche values ( 20,'Amelia56',71,1,0,0,45,77,69,43 );
insert into monstropoche values ( 21,'Caleigh82',null,0,2,13,15,54,97,26 );
insert into monstropoche values ( 22,'Jules.Schuppe',52,3,2,10,11,31,81,2 );
insert into monstropoche values ( 23,'Kira.Bernier70',38,1,1,8,92,91,98,8 );
insert into monstropoche values ( 24,'Annie21',20,0,2,9,101,1,3,0 );
insert into monstropoche values ( 25,'Lenora_Dickinson',61,1,1,9,69,13,78,5 );
insert into monstropoche values ( 26,'Catherine.OConner',26,2,0,11,120,42,48,4 );
insert into monstropoche values ( 27,'Curtis.Jones39',94,0,1,18,33,19,6,6 );
insert into monstropoche values ( 28,'Howard72',13,0,2,12,101,24,12,24 );
insert into monstropoche values ( 29,'Amalia3',86,0,2,0,74,67,63,63 );
insert into monstropoche values ( 30,'Clarissa.Senger',null,3,1,5,28,35,46,3 );
insert into monstropoche values ( 31,'Emelia31',null,2,0,6,72,8,58,4 );
insert into monstropoche values ( 32,'Heather.Bosco57',null,0,0,13,88,74,22,58 );
insert into monstropoche values ( 33,'Kaycee_Walker91',36,0,2,10,46,58,45,51 );
insert into monstropoche values ( 34,'Dashawn_Parisian',null,0,1,5,36,92,22,10 );
insert into monstropoche values ( 35,'Pat65',null,3,0,7,130,62,94,46 );
insert into monstropoche values ( 36,'Jamir.Casper',null,3,1,8,17,42,50,16 );
insert into monstropoche values ( 37,'Oswaldo_Gerhold93',null,1,2,0,90,76,27,20 );
insert into monstropoche values ( 38,'Javon32',27,1,0,6,76,53,15,29 );
insert into monstropoche values ( 39,'Hal_Hintz',null,3,0,14,87,28,4,7 );
insert into monstropoche values ( 40,'Ulises.Botsford',null,3,1,10,127,11,47,5 );
insert into monstropoche values ( 41,'Oscar63',58,3,1,9,0,20,74,0 );
insert into monstropoche values ( 42,'Riley.Harris91',null,2,1,0,96,11,11,9 );
insert into monstropoche values ( 43,'Crystel_Reichert',54,1,0,2,104,74,45,24 );
insert into monstropoche values ( 44,'Therese24',null,2,2,9,22,41,97,19 );
insert into monstropoche values ( 45,'Tiara85',null,1,0,16,112,82,32,58 );
insert into monstropoche values ( 46,'Larissa.Littel63',null,1,2,19,66,39,68,32 );
insert into monstropoche values ( 47,'Amira19',null,0,0,7,94,31,62,7 );
insert into monstropoche values ( 48,'Myrl.Metz66',null,2,1,1,73,4,59,1 );
insert into monstropoche values ( 49,'Mallie22',92,3,0,16,30,40,100,11 );
insert into monstropoche values ( 50,'Jaquelin44',5,2,1,7,70,58,56,7 );
insert into monstropoche values ( 51,'Alberta54',null,3,1,12,53,11,78,8 );
insert into monstropoche values ( 52,'Kenya31',null,3,0,12,72,10,32,10 );
insert into monstropoche values ( 53,'Emmitt37',null,0,0,11,64,22,26,11 );
insert into monstropoche values ( 54,'Finn_Smith54',null,0,0,7,87,49,75,28 );
insert into monstropoche values ( 55,'Don.Abernathy28',71,2,0,1,73,4,43,1 );
insert into monstropoche values ( 56,'Alejandra59',18,1,2,2,51,49,78,5 );
insert into monstropoche values ( 57,'Kiara.Carroll',null,3,0,12,92,72,88,6 );
insert into monstropoche values ( 58,'Laurianne.Wuckert',null,2,1,5,60,11,41,4 );
insert into monstropoche values ( 59,'Narciso.Nader',null,2,0,11,25,33,69,17 );
insert into monstropoche values ( 60,'Hilario_Williamson',79,3,1,10,125,80,70,37 );
insert into monstropoche values ( 61,'Alta41',53,0,0,9,3,6,87,5 );
insert into monstropoche values ( 62,'Ariane.Blanda48',null,0,0,2,83,87,38,84 );
insert into monstropoche values ( 63,'Emilia_Will90',1,2,0,1,52,41,93,0 );
insert into monstropoche values ( 64,'Anika2',null,3,0,5,118,41,35,24 );
insert into monstropoche values ( 65,'Stephon.Hand',40,0,0,18,21,57,10,40 );
insert into monstropoche values ( 66,'Lula_Blick',2,1,0,11,5,27,64,26 );
insert into monstropoche values ( 67,'Orville.Jacobi',79,0,0,8,21,94,12,85 );
insert into monstropoche values ( 68,'Cletus34',55,0,0,11,86,95,94,46 );
insert into monstropoche values ( 69,'Nikko7',null,0,2,17,110,47,24,2 );
insert into monstropoche values ( 70,'Gaylord.Zboncak',null,0,2,16,7,76,42,63 );
insert into monstropoche values ( 71,'Soledad.Grant83',93,0,1,15,27,77,47,72 );
insert into monstropoche values ( 72,'Crawford.Flatley58',27,0,0,4,19,53,24,30 );
insert into monstropoche values ( 73,'Jacynthe21',82,3,1,7,106,41,22,33 );
insert into monstropoche values ( 74,'Jordan45',30,2,1,13,74,18,0,10 );
insert into monstropoche values ( 75,'Darryl.Hackett67',null,3,1,1,95,97,14,83 );
insert into monstropoche values ( 76,'Keith82',null,3,2,2,38,66,0,35 );
insert into monstropoche values ( 77,'Joseph75',null,2,1,18,48,64,29,52 );
insert into monstropoche values ( 78,'Kaia.Gutmann50',42,2,1,7,49,1,94,1 );
insert into monstropoche values ( 79,'Elise.Bergnaum13',null,0,0,1,116,82,4,17 );
insert into monstropoche values ( 80,'Elizabeth_Kassulke',38,0,1,9,88,53,65,17 );
insert into monstropoche values ( 81,'Eleanora34',0,1,1,9,105,93,78,81 );
insert into monstropoche values ( 82,'Heloise27',null,3,2,12,36,29,14,22 );
insert into monstropoche values ( 83,'Derek_Tromp',58,3,1,16,83,49,2,34 );
insert into monstropoche values ( 84,'Hugh_Wiegand',5,1,2,0,47,22,84,12 );
insert into monstropoche values ( 85,'Madisen_Will28',99,3,2,1,104,42,7,9 );
insert into monstropoche values ( 86,'Wellington42',40,2,2,18,24,93,62,6 );
insert into monstropoche values ( 87,'Kaela.Skiles',null,0,0,17,9,31,91,19 );
insert into monstropoche values ( 88,'Sierra78',28,1,2,0,115,89,24,53 );
insert into monstropoche values ( 89,'Stefan90',null,0,2,6,95,60,40,6 );
insert into monstropoche values ( 90,'Amara80',null,1,0,14,85,32,88,5 );
insert into monstropoche values ( 91,'Dewayne_Hintz36',34,1,0,7,64,21,42,17 );
insert into monstropoche values ( 92,'Susanna.Grady99',12,0,1,18,69,41,50,5 );
insert into monstropoche values ( 93,'Misty.Smitham45',78,1,0,4,84,23,83,18 );
insert into monstropoche values ( 94,'Geraldine.Borer',null,2,0,5,116,77,92,74 );
insert into monstropoche values ( 95,'Anabel_Breitenberg',61,1,0,8,37,0,70,0 );
insert into monstropoche values ( 96,'Henri2',54,3,0,14,48,98,94,20 );
insert into monstropoche values ( 97,'Alexandra69',null,3,2,9,18,87,54,62 );
insert into monstropoche values ( 98,'Robb42',null,1,2,16,8,70,83,20 );
insert into monstropoche values ( 99,'Jermaine88',32,1,2,14,41,63,99,35 );
insert into objet_zone values ( 0,18 );
insert into objet_zone values ( 1,77 );
insert into objet_zone values ( 2,52 );
insert into objet_zone values ( 3,10 );
insert into objet_zone values ( 4,60 );
insert into objet_zone values ( 5,29 );
insert into objet_zone values ( 6,49 );
insert into objet_zone values ( 7,12 );
insert into objet_zone values ( 8,34 );
insert into objet_zone values ( 9,67 );
insert into objet_zone values ( 10,52 );
insert into objet_zone values ( 11,26 );
insert into objet_zone values ( 12,24 );
insert into objet_zone values ( 13,21 );
insert into objet_zone values ( 14,13 );
insert into objet_zone values ( 15,27 );
insert into objet_zone values ( 16,65 );
insert into objet_zone values ( 17,67 );
insert into objet_zone values ( 18,12 );
insert into objet_zone values ( 19,46 );
insert into objet_zone values ( 3,0 );
insert into objet_zone values ( 6,1 );
insert into objet_zone values ( 6,2 );
insert into objet_zone values ( 6,3 );
insert into objet_zone values ( 1,4 );
insert into objet_zone values ( 19,5 );
insert into objet_zone values ( 15,6 );
insert into objet_zone values ( 7,7 );
insert into objet_zone values ( 12,8 );
insert into objet_zone values ( 5,9 );
insert into objet_zone values ( 16,10 );
insert into objet_zone values ( 6,11 );
insert into objet_zone values ( 0,12 );
insert into objet_zone values ( 3,13 );
insert into objet_zone values ( 7,14 );
insert into objet_zone values ( 17,15 );
insert into objet_zone values ( 1,16 );
insert into objet_zone values ( 8,17 );
insert into objet_zone values ( 12,18 );
insert into objet_zone values ( 15,19 );
insert into objet_zone values ( 9,20 );
insert into objet_zone values ( 7,21 );
insert into objet_zone values ( 15,22 );
insert into objet_zone values ( 0,23 );
insert into objet_zone values ( 1,24 );
insert into objet_zone values ( 2,25 );
insert into objet_zone values ( 10,26 );
insert into objet_zone values ( 1,27 );
insert into objet_zone values ( 9,28 );
insert into objet_zone values ( 14,29 );
insert into objet_zone values ( 7,30 );
insert into objet_zone values ( 15,31 );
insert into objet_zone values ( 12,32 );
insert into objet_zone values ( 7,33 );
insert into objet_zone values ( 7,34 );
insert into objet_zone values ( 4,35 );
insert into objet_zone values ( 10,36 );
insert into objet_zone values ( 9,37 );
insert into objet_zone values ( 8,38 );
insert into objet_zone values ( 7,39 );
insert into objet_zone values ( 16,40 );
insert into objet_zone values ( 5,41 );
insert into objet_zone values ( 14,42 );
insert into objet_zone values ( 0,43 );
insert into objet_zone values ( 4,44 );
insert into objet_zone values ( 13,45 );
insert into objet_zone values ( 17,46 );
insert into objet_zone values ( 6,47 );
insert into objet_zone values ( 11,48 );
insert into objet_zone values ( 17,49 );
insert into objet_zone values ( 11,50 );
insert into objet_zone values ( 13,51 );
insert into objet_zone values ( 6,52 );
insert into objet_zone values ( 9,53 );
insert into objet_zone values ( 5,54 );
insert into objet_zone values ( 12,55 );
insert into objet_zone values ( 16,56 );
insert into objet_zone values ( 5,57 );
insert into objet_zone values ( 1,58 );
insert into objet_zone values ( 6,59 );
insert into objet_zone values ( 9,60 );
insert into objet_zone values ( 17,61 );
insert into objet_zone values ( 14,62 );
insert into objet_zone values ( 10,63 );
insert into objet_zone values ( 8,64 );
insert into objet_zone values ( 7,65 );
insert into objet_zone values ( 17,66 );
insert into objet_zone values ( 6,68 );
insert into objet_zone values ( 15,69 );
insert into objet_zone values ( 0,70 );
insert into objet_zone values ( 4,71 );
insert into objet_zone values ( 14,72 );
insert into objet_zone values ( 11,73 );
insert into objet_zone values ( 3,74 );
insert into objet_zone values ( 5,75 );
insert into objet_zone values ( 5,76 );
insert into objet_zone values ( 15,77 );
insert into objet_zone values ( 18,78 );
insert into objet_zone values ( 18,79 );
insert into objet_zone values ( 16,80 );
insert into espece_type values ( 0,6 );
insert into espece_type values ( 1,10 );
insert into espece_type values ( 2,11 );
insert into espece_type values ( 3,12 );
insert into espece_type values ( 4,10 );
insert into espece_type values ( 5,1 );
insert into espece_type values ( 6,12 );
insert into espece_type values ( 7,9 );
insert into espece_type values ( 8,4 );
insert into espece_type values ( 9,3 );
insert into espece_type values ( 10,0 );
insert into espece_type values ( 11,1 );
insert into espece_type values ( 12,14 );
insert into espece_type values ( 13,10 );
insert into espece_type values ( 14,14 );
insert into espece_type values ( 15,1 );
insert into espece_type values ( 16,15 );
insert into espece_type values ( 17,3 );
insert into espece_type values ( 18,12 );
insert into espece_type values ( 19,13 );
insert into espece_type values ( 20,4 );
insert into espece_type values ( 21,14 );
insert into espece_type values ( 22,14 );
insert into espece_type values ( 23,15 );
insert into espece_type values ( 24,10 );
insert into espece_type values ( 25,14 );
insert into espece_type values ( 26,6 );
insert into espece_type values ( 27,8 );
insert into espece_type values ( 28,4 );
insert into espece_type values ( 29,11 );
insert into espece_type values ( 30,0 );
insert into espece_type values ( 31,11 );
insert into espece_type values ( 32,11 );
insert into espece_type values ( 33,5 );
insert into espece_type values ( 34,1 );
insert into espece_type values ( 35,9 );
insert into espece_type values ( 36,10 );
insert into espece_type values ( 37,16 );
insert into espece_type values ( 38,2 );
insert into espece_type values ( 39,13 );
insert into espece_type values ( 40,9 );
insert into espece_type values ( 41,7 );
insert into espece_type values ( 42,14 );
insert into espece_type values ( 43,9 );
insert into espece_type values ( 44,3 );
insert into espece_type values ( 45,7 );
insert into espece_type values ( 46,9 );
insert into espece_type values ( 47,16 );
insert into espece_type values ( 48,16 );
insert into espece_type values ( 49,5 );
insert into espece_type values ( 50,11 );
insert into espece_type values ( 51,6 );
insert into espece_type values ( 52,2 );
insert into espece_type values ( 53,2 );
insert into espece_type values ( 54,16 );
insert into espece_type values ( 55,14 );
insert into espece_type values ( 56,3 );
insert into espece_type values ( 57,6 );
insert into espece_type values ( 58,13 );
insert into espece_type values ( 59,13 );
insert into espece_type values ( 60,0 );
insert into espece_type values ( 61,0 );
insert into espece_type values ( 62,4 );
insert into espece_type values ( 63,15 );
insert into espece_type values ( 64,1 );
insert into espece_type values ( 65,14 );
insert into espece_type values ( 66,11 );
insert into espece_type values ( 67,0 );
insert into espece_type values ( 68,3 );
insert into espece_type values ( 69,13 );
insert into espece_type values ( 70,2 );
insert into espece_type values ( 71,0 );
insert into espece_type values ( 72,3 );
insert into espece_type values ( 73,12 );
insert into espece_type values ( 74,7 );
insert into espece_type values ( 75,3 );
insert into espece_type values ( 76,6 );
insert into espece_type values ( 77,14 );
insert into espece_type values ( 78,3 );
insert into espece_type values ( 79,11 );
insert into espece_type values ( 80,1 );
insert into espece_type values ( 81,8 );
insert into espece_type values ( 82,1 );
insert into espece_type values ( 83,9 );
insert into espece_type values ( 84,15 );
insert into espece_type values ( 85,4 );
insert into espece_type values ( 86,9 );
insert into espece_type values ( 87,6 );
insert into espece_type values ( 88,11 );
insert into espece_type values ( 89,13 );
insert into espece_type values ( 90,13 );
insert into espece_type values ( 91,8 );
insert into espece_type values ( 92,13 );
insert into espece_type values ( 93,1 );
insert into espece_type values ( 94,4 );
insert into espece_type values ( 95,6 );
insert into espece_type values ( 96,10 );
insert into espece_type values ( 97,2 );
insert into espece_type values ( 98,1 );
insert into espece_type values ( 99,1 );
insert into espece_type values ( 100,2 );
insert into espece_type values ( 101,15 );
insert into espece_type values ( 102,10 );
insert into espece_type values ( 103,15 );
insert into espece_type values ( 104,1 );
insert into espece_type values ( 105,0 );
insert into espece_type values ( 106,7 );
insert into espece_type values ( 107,5 );
insert into espece_type values ( 108,5 );
insert into espece_type values ( 109,5 );
insert into espece_type values ( 110,0 );
insert into espece_type values ( 111,4 );
insert into espece_type values ( 112,7 );
insert into espece_type values ( 113,1 );
insert into espece_type values ( 114,1 );
insert into espece_type values ( 115,6 );
insert into espece_type values ( 116,3 );
insert into espece_type values ( 117,13 );
insert into espece_type values ( 118,1 );
insert into espece_type values ( 119,16 );
insert into espece_type values ( 120,14 );
insert into espece_type values ( 121,3 );
insert into espece_type values ( 122,16 );
insert into espece_type values ( 123,3 );
insert into espece_type values ( 124,16 );
insert into espece_type values ( 125,6 );
insert into espece_type values ( 126,8 );
insert into espece_type values ( 127,1 );
insert into espece_type values ( 128,8 );
insert into espece_type values ( 129,8 );
insert into espece_type values ( 130,12 );
insert into espece_type values ( 131,1 );
insert into espece_type values ( 132,14 );
insert into espece_type values ( 133,11 );
insert into espece_type values ( 134,6 );
insert into espece_type values ( 135,6 );
insert into espece_type values ( 136,7 );
insert into espece_type values ( 137,5 );
insert into espece_type values ( 138,15 );
insert into espece_type values ( 139,14 );
insert into espece_type values ( 140,12 );
insert into espece_type values ( 141,4 );
insert into espece_type values ( 55,0 );
insert into espece_type values ( 86,2 );
insert into espece_type values ( 38,3 );
insert into espece_type values ( 77,4 );
insert into espece_type values ( 89,6 );
insert into espece_type values ( 9,7 );
insert into espece_type values ( 104,8 );
insert into espece_type values ( 125,9 );
insert into espece_type values ( 59,10 );
insert into espece_type values ( 86,11 );
insert into espece_type values ( 79,12 );
insert into espece_type values ( 35,13 );
insert into espece_type values ( 71,14 );
insert into espece_type values ( 140,15 );
insert into espece_type values ( 103,16 );
insert into espece_zone values ( 0,22 );
insert into espece_zone values ( 1,46 );
insert into espece_zone values ( 2,46 );
insert into espece_zone values ( 3,58 );
insert into espece_zone values ( 4,68 );
insert into espece_zone values ( 5,7 );
insert into espece_zone values ( 6,32 );
insert into espece_zone values ( 7,8 );
insert into espece_zone values ( 8,7 );
insert into espece_zone values ( 9,80 );
insert into espece_zone values ( 10,56 );
insert into espece_zone values ( 11,13 );
insert into espece_zone values ( 12,38 );
insert into espece_zone values ( 13,2 );
insert into espece_zone values ( 14,57 );
insert into espece_zone values ( 15,9 );
insert into espece_zone values ( 16,63 );
insert into espece_zone values ( 17,17 );
insert into espece_zone values ( 18,48 );
insert into espece_zone values ( 19,55 );
insert into espece_zone values ( 20,30 );
insert into espece_zone values ( 21,64 );
insert into espece_zone values ( 22,60 );
insert into espece_zone values ( 23,63 );
insert into espece_zone values ( 24,37 );
insert into espece_zone values ( 25,40 );
insert into espece_zone values ( 26,21 );
insert into espece_zone values ( 27,17 );
insert into espece_zone values ( 28,60 );
insert into espece_zone values ( 29,4 );
insert into espece_zone values ( 30,5 );
insert into espece_zone values ( 31,27 );
insert into espece_zone values ( 32,6 );
insert into espece_zone values ( 33,9 );
insert into espece_zone values ( 34,19 );
insert into espece_zone values ( 35,47 );
insert into espece_zone values ( 36,30 );
insert into espece_zone values ( 37,26 );
insert into espece_zone values ( 38,31 );
insert into espece_zone values ( 39,35 );
insert into espece_zone values ( 40,25 );
insert into espece_zone values ( 41,21 );
insert into espece_zone values ( 42,61 );
insert into espece_zone values ( 43,47 );
insert into espece_zone values ( 44,21 );
insert into espece_zone values ( 45,28 );
insert into espece_zone values ( 46,60 );
insert into espece_zone values ( 47,3 );
insert into espece_zone values ( 48,51 );
insert into espece_zone values ( 49,73 );
insert into espece_zone values ( 50,35 );
insert into espece_zone values ( 51,67 );
insert into espece_zone values ( 52,41 );
insert into espece_zone values ( 53,56 );
insert into espece_zone values ( 54,54 );
insert into espece_zone values ( 55,50 );
insert into espece_zone values ( 56,77 );
insert into espece_zone values ( 57,36 );
insert into espece_zone values ( 58,68 );
insert into espece_zone values ( 59,53 );
insert into espece_zone values ( 60,52 );
insert into espece_zone values ( 61,51 );
insert into espece_zone values ( 62,42 );
insert into espece_zone values ( 63,23 );
insert into espece_zone values ( 64,11 );
insert into espece_zone values ( 65,35 );
insert into espece_zone values ( 66,57 );
insert into espece_zone values ( 67,79 );
insert into espece_zone values ( 68,68 );
insert into espece_zone values ( 69,8 );
insert into espece_zone values ( 70,65 );
insert into espece_zone values ( 71,11 );
insert into espece_zone values ( 72,62 );
insert into espece_zone values ( 73,57 );
insert into espece_zone values ( 74,15 );
insert into espece_zone values ( 75,62 );
insert into espece_zone values ( 76,26 );
insert into espece_zone values ( 77,16 );
insert into espece_zone values ( 78,18 );
insert into espece_zone values ( 79,63 );
insert into espece_zone values ( 80,28 );
insert into espece_zone values ( 81,13 );
insert into espece_zone values ( 82,4 );
insert into espece_zone values ( 83,8 );
insert into espece_zone values ( 84,20 );
insert into espece_zone values ( 85,30 );
insert into espece_zone values ( 86,74 );
insert into espece_zone values ( 87,40 );
insert into espece_zone values ( 88,41 );
insert into espece_zone values ( 89,29 );
insert into espece_zone values ( 90,7 );
insert into espece_zone values ( 91,73 );
insert into espece_zone values ( 92,25 );
insert into espece_zone values ( 93,14 );
insert into espece_zone values ( 94,5 );
insert into espece_zone values ( 95,35 );
insert into espece_zone values ( 96,31 );
insert into espece_zone values ( 97,19 );
insert into espece_zone values ( 98,30 );
insert into espece_zone values ( 99,22 );
insert into espece_zone values ( 100,64 );
insert into espece_zone values ( 101,0 );
insert into espece_zone values ( 102,22 );
insert into espece_zone values ( 103,76 );
insert into espece_zone values ( 104,52 );
insert into espece_zone values ( 105,56 );
insert into espece_zone values ( 106,74 );
insert into espece_zone values ( 107,47 );
insert into espece_zone values ( 108,30 );
insert into espece_zone values ( 109,72 );
insert into espece_zone values ( 110,2 );
insert into espece_zone values ( 111,8 );
insert into espece_zone values ( 112,34 );
insert into espece_zone values ( 113,50 );
insert into espece_zone values ( 114,5 );
insert into espece_zone values ( 115,41 );
insert into espece_zone values ( 116,29 );
insert into espece_zone values ( 117,37 );
insert into espece_zone values ( 118,6 );
insert into espece_zone values ( 119,33 );
insert into espece_zone values ( 120,65 );
insert into espece_zone values ( 121,31 );
insert into espece_zone values ( 122,42 );
insert into espece_zone values ( 123,78 );
insert into espece_zone values ( 124,23 );
insert into espece_zone values ( 125,63 );
insert into espece_zone values ( 126,62 );
insert into espece_zone values ( 127,25 );
insert into espece_zone values ( 128,31 );
insert into espece_zone values ( 129,32 );
insert into espece_zone values ( 130,65 );
insert into espece_zone values ( 131,8 );
insert into espece_zone values ( 132,5 );
insert into espece_zone values ( 133,78 );
insert into espece_zone values ( 134,14 );
insert into espece_zone values ( 135,54 );
insert into espece_zone values ( 136,23 );
insert into espece_zone values ( 137,56 );
insert into espece_zone values ( 138,79 );
insert into espece_zone values ( 139,30 );
insert into espece_zone values ( 140,62 );
insert into espece_zone values ( 141,27 );
insert into espece_zone values ( 72,0 );
insert into espece_zone values ( 74,1 );
insert into espece_zone values ( 27,2 );
insert into espece_zone values ( 123,3 );
insert into espece_zone values ( 139,4 );
insert into espece_zone values ( 80,5 );
insert into espece_zone values ( 12,6 );
insert into espece_zone values ( 138,7 );
insert into espece_zone values ( 97,8 );
insert into espece_zone values ( 110,9 );
insert into espece_zone values ( 109,10 );
insert into espece_zone values ( 11,11 );
insert into espece_zone values ( 35,12 );
insert into espece_zone values ( 126,13 );
insert into espece_zone values ( 81,14 );
insert into espece_zone values ( 90,15 );
insert into espece_zone values ( 55,16 );
insert into espece_zone values ( 30,17 );
insert into espece_zone values ( 28,18 );
insert into espece_zone values ( 39,19 );
insert into espece_zone values ( 1,20 );
insert into espece_zone values ( 88,21 );
insert into espece_zone values ( 119,22 );
insert into espece_zone values ( 21,23 );
insert into espece_zone values ( 138,24 );
insert into espece_zone values ( 18,25 );
insert into espece_zone values ( 97,26 );
insert into espece_zone values ( 74,27 );
insert into espece_zone values ( 127,28 );
insert into espece_zone values ( 29,30 );
insert into espece_zone values ( 10,31 );
insert into espece_zone values ( 114,32 );
insert into espece_zone values ( 140,33 );
insert into espece_zone values ( 23,34 );
insert into espece_zone values ( 52,35 );
insert into espece_zone values ( 17,36 );
insert into espece_zone values ( 75,37 );
insert into espece_zone values ( 30,38 );
insert into espece_zone values ( 128,39 );
insert into espece_zone values ( 28,40 );
insert into espece_zone values ( 134,41 );
insert into espece_zone values ( 92,42 );
insert into espece_zone values ( 121,43 );
insert into espece_zone values ( 1,44 );
insert into espece_zone values ( 96,45 );
insert into espece_zone values ( 60,46 );
insert into espece_zone values ( 127,47 );
insert into espece_zone values ( 85,48 );
insert into espece_zone values ( 119,49 );
insert into espece_zone values ( 15,50 );
insert into espece_zone values ( 15,51 );
insert into espece_zone values ( 137,52 );
insert into espece_zone values ( 99,53 );
insert into espece_zone values ( 48,54 );
insert into espece_zone values ( 83,55 );
insert into espece_zone values ( 93,56 );
insert into espece_zone values ( 4,57 );
insert into espece_zone values ( 130,58 );
insert into espece_zone values ( 22,59 );
insert into espece_zone values ( 120,60 );
insert into espece_zone values ( 111,61 );
insert into espece_zone values ( 0,62 );
insert into espece_zone values ( 119,63 );
insert into espece_zone values ( 54,64 );
insert into espece_zone values ( 79,65 );
insert into espece_zone values ( 59,66 );
insert into espece_zone values ( 83,67 );
insert into espece_zone values ( 88,68 );
insert into espece_zone values ( 85,69 );
insert into espece_zone values ( 52,70 );
insert into espece_zone values ( 69,71 );
insert into espece_zone values ( 38,72 );
insert into espece_zone values ( 13,73 );
insert into espece_zone values ( 46,75 );
insert into espece_zone values ( 109,76 );
insert into espece_zone values ( 110,77 );
insert into espece_zone values ( 16,78 );
insert into espece_zone values ( 137,79 );
insert into espece_zone values ( 139,80 );
insert into monstropoche_attaque values ( 0,13 );
insert into monstropoche_attaque values ( 1,10 );
insert into monstropoche_attaque values ( 2,28 );
insert into monstropoche_attaque values ( 3,17 );
insert into monstropoche_attaque values ( 4,26 );
insert into monstropoche_attaque values ( 5,14 );
insert into monstropoche_attaque values ( 6,19 );
insert into monstropoche_attaque values ( 7,10 );
insert into monstropoche_attaque values ( 8,20 );
insert into monstropoche_attaque values ( 9,2 );
insert into monstropoche_attaque values ( 10,28 );
insert into monstropoche_attaque values ( 11,23 );
insert into monstropoche_attaque values ( 12,0 );
insert into monstropoche_attaque values ( 13,2 );
insert into monstropoche_attaque values ( 14,20 );
insert into monstropoche_attaque values ( 15,16 );
insert into monstropoche_attaque values ( 16,3 );
insert into monstropoche_attaque values ( 17,10 );
insert into monstropoche_attaque values ( 18,14 );
insert into monstropoche_attaque values ( 19,19 );
insert into monstropoche_attaque values ( 20,3 );
insert into monstropoche_attaque values ( 21,12 );
insert into monstropoche_attaque values ( 22,8 );
insert into monstropoche_attaque values ( 23,21 );
insert into monstropoche_attaque values ( 24,26 );
insert into monstropoche_attaque values ( 25,26 );
insert into monstropoche_attaque values ( 26,27 );
insert into monstropoche_attaque values ( 27,5 );
insert into monstropoche_attaque values ( 28,27 );
insert into monstropoche_attaque values ( 29,2 );
insert into monstropoche_attaque values ( 30,23 );
insert into monstropoche_attaque values ( 31,3 );
insert into monstropoche_attaque values ( 32,13 );
insert into monstropoche_attaque values ( 33,14 );
insert into monstropoche_attaque values ( 34,13 );
insert into monstropoche_attaque values ( 35,23 );
insert into monstropoche_attaque values ( 36,17 );
insert into monstropoche_attaque values ( 37,11 );
insert into monstropoche_attaque values ( 38,20 );
insert into monstropoche_attaque values ( 39,28 );
insert into monstropoche_attaque values ( 40,3 );
insert into monstropoche_attaque values ( 41,0 );
insert into monstropoche_attaque values ( 42,5 );
insert into monstropoche_attaque values ( 43,22 );
insert into monstropoche_attaque values ( 44,19 );
insert into monstropoche_attaque values ( 45,18 );
insert into monstropoche_attaque values ( 46,8 );
insert into monstropoche_attaque values ( 47,0 );
insert into monstropoche_attaque values ( 48,4 );
insert into monstropoche_attaque values ( 49,14 );
insert into monstropoche_attaque values ( 50,21 );
insert into monstropoche_attaque values ( 51,27 );
insert into monstropoche_attaque values ( 52,22 );
insert into monstropoche_attaque values ( 53,21 );
insert into monstropoche_attaque values ( 54,14 );
insert into monstropoche_attaque values ( 55,0 );
insert into monstropoche_attaque values ( 56,12 );
insert into monstropoche_attaque values ( 57,20 );
insert into monstropoche_attaque values ( 58,8 );
insert into monstropoche_attaque values ( 59,17 );
insert into monstropoche_attaque values ( 60,3 );
insert into monstropoche_attaque values ( 61,2 );
insert into monstropoche_attaque values ( 62,18 );
insert into monstropoche_attaque values ( 63,23 );
insert into monstropoche_attaque values ( 64,24 );
insert into monstropoche_attaque values ( 65,9 );
insert into monstropoche_attaque values ( 66,9 );
insert into monstropoche_attaque values ( 67,18 );
insert into monstropoche_attaque values ( 68,25 );
insert into monstropoche_attaque values ( 69,6 );
insert into monstropoche_attaque values ( 70,12 );
insert into monstropoche_attaque values ( 71,8 );
insert into monstropoche_attaque values ( 72,17 );
insert into monstropoche_attaque values ( 73,7 );
insert into monstropoche_attaque values ( 74,25 );
insert into monstropoche_attaque values ( 75,8 );
insert into monstropoche_attaque values ( 76,2 );
insert into monstropoche_attaque values ( 77,22 );
insert into monstropoche_attaque values ( 78,13 );
insert into monstropoche_attaque values ( 79,0 );
insert into monstropoche_attaque values ( 80,12 );
insert into monstropoche_attaque values ( 81,28 );
insert into monstropoche_attaque values ( 82,4 );
insert into monstropoche_attaque values ( 83,25 );
insert into monstropoche_attaque values ( 84,26 );
insert into monstropoche_attaque values ( 85,2 );
insert into monstropoche_attaque values ( 86,8 );
insert into monstropoche_attaque values ( 87,21 );
insert into monstropoche_attaque values ( 88,0 );
insert into monstropoche_attaque values ( 89,8 );
insert into monstropoche_attaque values ( 90,24 );
insert into monstropoche_attaque values ( 91,9 );
insert into monstropoche_attaque values ( 92,11 );
insert into monstropoche_attaque values ( 93,13 );
insert into monstropoche_attaque values ( 94,9 );
insert into monstropoche_attaque values ( 95,12 );
insert into monstropoche_attaque values ( 96,13 );
insert into monstropoche_attaque values ( 97,25 );
insert into monstropoche_attaque values ( 98,17 );
insert into monstropoche_attaque values ( 99,6 );
insert into monstropoche_attaque values ( 58,0 );
insert into monstropoche_attaque values ( 77,1 );
insert into monstropoche_attaque values ( 63,2 );
insert into monstropoche_attaque values ( 86,3 );
insert into monstropoche_attaque values ( 94,4 );
insert into monstropoche_attaque values ( 52,5 );
insert into monstropoche_attaque values ( 76,6 );
insert into monstropoche_attaque values ( 45,7 );
insert into monstropoche_attaque values ( 13,8 );
insert into monstropoche_attaque values ( 7,9 );
insert into monstropoche_attaque values ( 6,10 );
insert into monstropoche_attaque values ( 64,11 );
insert into monstropoche_attaque values ( 61,12 );
insert into monstropoche_attaque values ( 46,13 );
insert into monstropoche_attaque values ( 73,15 );
insert into monstropoche_attaque values ( 29,16 );
insert into monstropoche_attaque values ( 94,17 );
insert into monstropoche_attaque values ( 23,18 );
insert into monstropoche_attaque values ( 11,19 );
insert into monstropoche_attaque values ( 73,20 );
insert into monstropoche_attaque values ( 9,21 );
insert into monstropoche_attaque values ( 53,22 );
insert into monstropoche_attaque values ( 6,23 );
insert into monstropoche_attaque values ( 57,24 );
insert into monstropoche_attaque values ( 42,25 );
insert into monstropoche_attaque values ( 33,26 );
insert into monstropoche_attaque values ( 5,27 );
insert into monstropoche_attaque values ( 37,28 );
