drop table monstropoche_attaque;
drop table espece_zone;
drop table espece_type;
drop table objet_zone;
drop table monstropoche;
drop table espece;
drop table etat;
drop table type;
drop table genre;
drop table objet;
drop table attaque;
drop table zone;
drop table proprietaire;

create table proprietaire (id int not null, nom varchar(255) not null, primary key(id));
create table attaque (id int not null, nom varchar(255) not null, puissance int not null, perequis int not null, precizion int not null, primary key(id));
create table zone (id int not null, nom varchar(255) not null, primary key(id));
create table objet (id int not null, nom varchar(255) not null, est_unique number(1) not null, est_offensif number(1), est_evoluant number(1), primary key(id));
create table genre (id int not null, femelle number(1) not null, male number(1) not null, primary key(id));
create table type (id int not null, nom varchar(255) not null, primary key(id));
create table etat (id int not null, nom varchar(255) not null, primary key(id));
create table espece (id int not null, objet_id int, source_id int, nom varchar(255) not null, constraint fk_espece_objet foreign key (objet_id) references objet(id), constraint fk_espece_espece foreign key (source_id) references espece(id), primary key(id));
create table monstropoche (id int not null, surnom varchar(255) not null, proprietaire_id int, genre_id int not null, etat_id int not null, objet_id int, espece_id int not null, pv int not null, pe int not null, pv_actuel int not null, constraint fk_monstropoche_proprietaire foreign key (proprietaire_id) references proprietaire(id), constraint fk_monstropoche_genre foreign key (genre_id) references genre(id), constraint fk_monstropoche_etat foreign key (etat_id) references etat(id), constraint fk_monstropoche_objet foreign key (objet_id) references objet(id), constraint fk_monstropoche_espece foreign key (espece_id) references espece(id), primary key(id));
create table objet_zone (objet_id int not null, zone_id int not null, constraint fk_objet_zone_objet foreign key (objet_id) references objet(id), constraint fk_objet_zone_zone foreign key (zone_id) references zone(id), primary key(objet_id, zone_id));
create table espece_type (espece_id int not null, type_id int not null, constraint fk_espece_type_espece foreign key (espece_id) references espece(id), constraint fk_espece_type_type foreign key (type_id) references type(id), primary key(espece_id, type_id));
create table espece_zone (espece_id int not null, zone_id int not null, constraint fk_espece_zone_espece foreign key (espece_id) references espece(id), constraint fk_espece_zone_zone foreign key (zone_id) references zone(id), primary key(espece_id, zone_id));
create table monstropoche_attaque (monstropoche_id int not null, attaque_id int not null, constraint fk_monstropoche_attaque_m foreign key (monstropoche_id) references monstropoche(id), constraint fk_monstropoche_attaque_a foreign key (attaque_id) references attaque(id), primary key(monstropoche_id, attaque_id));

delete from monstropoche_attaque;
delete from espece_zone;
delete from espece_type;
delete from objet_zone;
delete from monstropoche;
delete from espece;
delete from etat;
delete from type;
delete from genre;
delete from objet;
delete from attaque;
delete from zone;
delete from proprietaire;

insert into proprietaire values ( 0,'Dr Adrien Marty' );
insert into proprietaire values ( 1,'Sarah Carre' );
insert into proprietaire values ( 2,'Romane Sanchez DDS' );
insert into proprietaire values ( 3,'Noa Benoit' );
insert into proprietaire values ( 4,'Quentin Roy' );
insert into proprietaire values ( 5,'Arthur Legrand' );
insert into proprietaire values ( 6,'Lilou Olivier' );
insert into proprietaire values ( 7,'Baptiste Simon' );
insert into proprietaire values ( 8,'Eva Marie' );
insert into proprietaire values ( 9,'Océane Morin' );
insert into proprietaire values ( 10,'Marie Masson' );
insert into proprietaire values ( 11,'Ethan Le gall' );
insert into proprietaire values ( 12,'Mme Romane Carre' );
insert into proprietaire values ( 13,'Baptiste Denis' );
insert into proprietaire values ( 14,'Nicolas Robert' );
insert into proprietaire values ( 15,'Thomas Blanc' );
insert into proprietaire values ( 16,'Lisa Moulin' );
insert into proprietaire values ( 17,'Dr Jade Michel' );
insert into proprietaire values ( 18,'Gabriel Louis' );
insert into proprietaire values ( 19,'Julien Renard' );
insert into proprietaire values ( 20,'Clara Thomas' );
insert into proprietaire values ( 21,'Noa Muller IV' );
insert into proprietaire values ( 22,'Elisa Richard' );
insert into proprietaire values ( 23,'Evan Perez' );
insert into proprietaire values ( 24,'Paul Dupont' );
insert into proprietaire values ( 25,'Alice Barre' );
insert into proprietaire values ( 26,'Louna Bertrand' );
insert into proprietaire values ( 27,'Alicia Henry' );
insert into proprietaire values ( 28,'Axel Breton' );
insert into proprietaire values ( 29,'Jules Guerin' );
insert into proprietaire values ( 30,'Chloé Vasseur' );
insert into proprietaire values ( 31,'Alexandre Julien' );
insert into proprietaire values ( 32,'Louna Jean' );
insert into proprietaire values ( 33,'Gabriel Gerard' );
insert into proprietaire values ( 34,'Zoe Guillaume' );
insert into proprietaire values ( 35,'M Clément Renault' );
insert into proprietaire values ( 36,'Léa Gerard' );
insert into proprietaire values ( 37,'Sarah Mercier Jr.' );
insert into proprietaire values ( 38,'Nathan Perez' );
insert into proprietaire values ( 39,'Anaïs Guerin' );
insert into proprietaire values ( 40,'Rayan Collet' );
insert into proprietaire values ( 41,'Lucas Gonzalez' );
insert into proprietaire values ( 42,'Maxime Maillard' );
insert into proprietaire values ( 43,'Lola Chevalier' );
insert into proprietaire values ( 44,'Dr Lola Barbier' );
insert into proprietaire values ( 45,'Mme Noémie Roche' );
insert into proprietaire values ( 46,'Romain Leroux' );
insert into proprietaire values ( 47,'Charlotte Dupuy' );
insert into proprietaire values ( 48,'Célia Pierre' );
insert into proprietaire values ( 49,'Clara Girard IV' );
insert into proprietaire values ( 50,'Sarah Dupont DDS' );
insert into proprietaire values ( 51,'Jules Legrand' );
insert into proprietaire values ( 52,'Julien Dupuy' );
insert into proprietaire values ( 53,'Dr Raphaël Gautier' );
insert into proprietaire values ( 54,'Ambre Guyot' );
insert into proprietaire values ( 55,'Antoine Simon' );
insert into proprietaire values ( 56,'Julie Michel' );
insert into proprietaire values ( 57,'Maxime Roche' );
insert into proprietaire values ( 58,'Marie Rey' );
insert into proprietaire values ( 59,'Romane Boyer' );
insert into proprietaire values ( 60,'Clément Leclercq' );
insert into proprietaire values ( 61,'Louna Robert' );
insert into proprietaire values ( 62,'Léa Chevalier' );
insert into proprietaire values ( 63,'Prof Alice Meyer' );
insert into proprietaire values ( 64,'Noémie Moreau' );
insert into proprietaire values ( 65,'Clémence Aubert MD' );
insert into proprietaire values ( 66,'Louis Schneider' );
insert into proprietaire values ( 67,'Pierre Rey' );
insert into proprietaire values ( 68,'Jules Schneider' );
insert into proprietaire values ( 69,'Victor Baron' );
insert into proprietaire values ( 70,'Arthur Arnaud' );
insert into proprietaire values ( 71,'Nicolas Garnier' );
insert into proprietaire values ( 72,'Valentin Bonnet I' );
insert into proprietaire values ( 73,'Jeanne Morel DDS' );
insert into proprietaire values ( 74,'Paul Guillaume V' );
insert into proprietaire values ( 75,'M Antoine Fernandez' );
insert into proprietaire values ( 76,'Juliette Pierre' );
insert into proprietaire values ( 77,'Pierre Barbier' );
insert into proprietaire values ( 78,'Louna Marchand' );
insert into proprietaire values ( 79,'Dr Anaïs Simon' );
insert into proprietaire values ( 80,'Alexis Bertrand' );
insert into proprietaire values ( 81,'Adam Colin' );
insert into proprietaire values ( 82,'Quentin Schmitt' );
insert into proprietaire values ( 83,'Camille Da silva' );
insert into proprietaire values ( 84,'Yanis Schneider' );
insert into proprietaire values ( 85,'Zoe Dufour' );
insert into proprietaire values ( 86,'Lucie Roche' );
insert into proprietaire values ( 87,'Juliette Thomas' );
insert into proprietaire values ( 88,'Mélissa Carre' );
insert into proprietaire values ( 89,'Mme Noa Lemaire' );
insert into proprietaire values ( 90,'M Océane Roy' );
insert into proprietaire values ( 91,'Enzo Nguyen' );
insert into proprietaire values ( 92,'Lena Dumas' );
insert into proprietaire values ( 93,'Mattéo Roger' );
insert into proprietaire values ( 94,'Romane Laine' );
insert into proprietaire values ( 95,'Camille Collet' );
insert into proprietaire values ( 96,'Louise Meunier DVM' );
insert into proprietaire values ( 97,'Jeanne Fournier II' );
insert into proprietaire values ( 98,'Evan Adam' );
insert into proprietaire values ( 99,'Charlotte Bonnet DVM' );
insert into zone values ( 0,'Kiribati' );
insert into zone values ( 1,'Cuba' );
insert into zone values ( 2,'Bahrain' );
insert into zone values ( 3,'Greenland' );
insert into zone values ( 4,'Kazakhstan' );
insert into zone values ( 5,'Bhutan' );
insert into zone values ( 6,'Solomon Islands' );
insert into zone values ( 7,'Armenia' );
insert into zone values ( 8,'United Arab Emirates' );
insert into zone values ( 9,'Rwanda' );
insert into zone values ( 10,'Brunei Darussalam' );
insert into zone values ( 11,'Timor-Leste' );
insert into zone values ( 12,'Peru' );
insert into zone values ( 13,'France' );
insert into zone values ( 14,'Montserrat' );
insert into zone values ( 15,'Cook Islands' );
insert into zone values ( 16,'Norway' );
insert into zone values ( 17,'Gambia' );
insert into zone values ( 18,'Djibouti' );
insert into zone values ( 19,'Libyan Arab Jamahiriya' );
insert into zone values ( 20,'Saint Pierre and Miquelon' );
insert into zone values ( 21,'Cote dIvoire' );
insert into zone values ( 22,'Algeria' );
insert into zone values ( 23,'Panama' );
insert into zone values ( 24,'Marshall Islands' );
insert into zone values ( 25,'Nicaragua' );
insert into zone values ( 26,'Antarctica (the territory South of 60 deg S)' );
insert into zone values ( 27,'United States Minor Outlying Islands' );
insert into zone values ( 28,'Nepal' );
insert into zone values ( 29,'Venezuela' );
insert into zone values ( 30,'New Zealand' );
insert into zone values ( 31,'Cameroon' );
insert into zone values ( 32,'Afghanistan' );
insert into zone values ( 33,'Cocos (Keeling) Islands' );
insert into zone values ( 34,'Denmark' );
insert into zone values ( 35,'United States of America' );
insert into zone values ( 36,'Equatorial Guinea' );
insert into zone values ( 37,'Singapore' );
insert into zone values ( 38,'Latvia' );
insert into zone values ( 39,'Austria' );
insert into zone values ( 40,'Namibia' );
insert into zone values ( 41,'Bouvet Island (Bouvetoya)' );
insert into zone values ( 42,'Democratic Peoples Republic of Korea' );
insert into zone values ( 43,'Vietnam' );
insert into zone values ( 44,'Germany' );
insert into zone values ( 45,'Montenegro' );
insert into zone values ( 46,'Palestinian Territory' );
insert into zone values ( 47,'Burkina Faso' );
insert into zone values ( 48,'Portugal' );
insert into zone values ( 49,'Guinea' );
insert into zone values ( 50,'Saint Kitts and Nevis' );
insert into zone values ( 51,'Jamaica' );
insert into zone values ( 52,'Cayman Islands' );
insert into zone values ( 53,'Malaysia' );
insert into zone values ( 54,'Albania' );
insert into zone values ( 55,'Morocco' );
insert into zone values ( 56,'Saint Vincent and the Grenadines' );
insert into zone values ( 57,'Croatia' );
insert into zone values ( 58,'Tajikistan' );
insert into zone values ( 59,'Poland' );
insert into zone values ( 60,'India' );
insert into zone values ( 61,'Niger' );
insert into zone values ( 62,'Western Sahara' );
insert into zone values ( 63,'Togo' );
insert into zone values ( 64,'Congo' );
insert into zone values ( 65,'Norfolk Island' );
insert into zone values ( 66,'Zambia' );
insert into zone values ( 67,'Angola' );
insert into zone values ( 68,'Mauritania' );
insert into zone values ( 69,'Papua New Guinea' );
insert into zone values ( 70,'French Polynesia' );
insert into zone values ( 71,'Malta' );
insert into zone values ( 72,'Thailand' );
insert into zone values ( 73,'Slovenia' );
insert into zone values ( 74,'Maldives' );
insert into zone values ( 75,'Senegal' );
insert into zone values ( 76,'Dominica' );
insert into zone values ( 77,'Taiwan' );
insert into zone values ( 78,'Reunion' );
insert into attaque values ( 0,'Triplattaque',66,4,32 );
insert into attaque values ( 1,'Escalade',42,22,64 );
insert into attaque values ( 2,'Morphing',116,94,97 );
insert into attaque values ( 3,'Vœu',177,89,62 );
insert into attaque values ( 4,'Grobisou',199,89,50 );
insert into attaque values ( 5,'Pilonnage',113,84,55 );
insert into attaque values ( 6,'Recyclage',185,32,70 );
insert into attaque values ( 7,'Regard Médusant',130,68,41 );
insert into attaque values ( 8,'E-Coque',54,43,43 );
insert into attaque values ( 9,'Constriction',14,68,100 );
insert into attaque values ( 10,'Picanon',47,22,52 );
insert into attaque values ( 11,'Uppercut',210,55,99 );
insert into attaque values ( 12,'Coup de Main',123,84,67 );
insert into attaque values ( 13,'Flash',126,74,20 );
insert into attaque values ( 14,'Conversion',93,89,25 );
insert into attaque values ( 15,'Affûtage',180,47,51 );
insert into attaque values ( 16,'Croc de Mort',139,52,98 );
insert into attaque values ( 17,'Par Ici',197,94,45 );
insert into attaque values ( 18,'Attrition',69,68,67 );
insert into attaque values ( 19,'Force-Nature',191,98,91 );
insert into attaque values ( 20,'Combo-Griffe',29,7,23 );
insert into attaque values ( 21,'Explosion',72,57,15 );
insert into attaque values ( 22,'Trempette',238,36,5 );
insert into attaque values ( 23,'Exuviation',80,47,57 );
insert into attaque values ( 24,'CoudKrâne',241,1,74 );
insert into attaque values ( 25,'Météores',110,34,4 );
insert into attaque values ( 26,'Relais',68,92,97 );
insert into attaque values ( 27,'Rengorgement',209,93,1 );
insert into attaque values ( 28,'BoulArmure',187,83,91 );
insert into objet values ( 0,'Défense +',0,0,0 );
insert into objet values ( 1,'Muscle +',0,0,0 );
insert into objet values ( 2,'Défense Spéc',0,0,0 );
insert into objet values ( 3,'Déf. Spé. +',0,0,0 );
insert into objet values ( 4,'Attaque +',0,0,0 );
insert into objet values ( 5,'Spécial +',0,0,0 );
insert into objet values ( 6,'Précision +',0,0,0 );
insert into objet values ( 7,'Vitesse +',0,0,0 );
insert into objet values ( 8,'Baie Tamato',0,0,0 );
insert into objet values ( 9,'Baie Résin',0,0,0 );
insert into objet values ( 10,'Baie Lonme',0,0,0 );
insert into objet values ( 11,'Baie Qualot',0,0,0 );
insert into objet values ( 12,'Baie Alga',0,0,0 );
insert into objet values ( 13,'Baie Grena',0,0,0 );
insert into objet values ( 14,'Baie Mepo',0,0,0 );
insert into objet values ( 15,'Baie Willia',0,0,0 );
insert into objet values ( 16,'Baie Fraive',0,0,0 );
insert into objet values ( 17,'Baie Pêcha',0,0,0 );
insert into objet values ( 18,'Baie Maron',0,0,0 );
insert into objet values ( 19,'Baie Oran',0,0,0 );
insert into genre values ( 0,0,0 );
insert into genre values ( 1,0,1 );
insert into genre values ( 2,1,1 );
insert into genre values ( 3,1,0 );
insert into type values ( 0,'Glace' );
insert into type values ( 1,'Dragon' );
insert into type values ( 2,'Sol' );
insert into type values ( 3,'Plante' );
insert into type values ( 4,'Feu' );
insert into type values ( 5,'Eau' );
insert into type values ( 6,'Électrique' );
insert into type values ( 7,'Psy' );
insert into type values ( 8,'Spectre' );
insert into type values ( 9,'Ténèbre' );
insert into type values ( 10,'Fée' );
insert into type values ( 11,'Acier' );
insert into type values ( 12,'Poison' );
insert into type values ( 13,'Roche' );
insert into type values ( 14,'Combat' );
insert into type values ( 15,'Insecte' );
insert into type values ( 16,'Normal' );
insert into etat values ( 0,'Mission' );
insert into etat values ( 1,'Repos' );
insert into etat values ( 2,'Reproduction' );
insert into espece values ( 0,null,-1,'Bulbizarre' );
insert into espece values ( 1,null,null,'Chenipan' );
insert into espece values ( 2,19,null,'Voltorbe' );
insert into espece values ( 3,null,null,'Électrode' );
insert into espece values ( 4,null,null,'Nœunœuf' );
insert into espece values ( 5,19,null,'Noadkoko' );
insert into espece values ( 6,11,null,'Osselait' );
insert into espece values ( 7,13,null,'Ossatueur' );
insert into espece values ( 8,null,null,'Kicklee' );
insert into espece values ( 9,2,null,'Tygnon' );
insert into espece values ( 10,null,null,'Excelangue' );
insert into espece values ( 11,0,null,'Smogo' );
insert into espece values ( 12,null,null,'Chrysacier' );
insert into espece values ( 13,4,null,'Smogogo' );
insert into espece values ( 14,3,null,'Rhinocorne' );
insert into espece values ( 15,7,null,'Rhinoféros' );
insert into espece values ( 16,7,null,'Leveinard' );
insert into espece values ( 17,0,2,'Saquedeneu' );
insert into espece values ( 18,14,null,'Kangourex' );
insert into espece values ( 19,3,null,'Hypotrempe' );
insert into espece values ( 20,null,null,'Hypocéan' );
insert into espece values ( 21,null,null,'Poissirène' );
insert into espece values ( 22,0,null,'Poissoroy' );
insert into espece values ( 23,11,null,'Papilusion' );
insert into espece values ( 24,11,null,'Stari' );
insert into espece values ( 25,14,null,'Staross' );
insert into espece values ( 26,2,null,'M.Mime' );
insert into espece values ( 27,null,null,'Insécateur' );
insert into espece values ( 28,16,null,'Lippoutou' );
insert into espece values ( 29,10,null,'Élektek' );
insert into espece values ( 30,null,null,'Magmar' );
insert into espece values ( 31,19,null,'Scarabrute' );
insert into espece values ( 32,null,null,'Tauros' );
insert into espece values ( 33,11,null,'Magicarpe' );
insert into espece values ( 34,19,null,'Aspicot' );
insert into espece values ( 35,null,null,'Léviator' );
insert into espece values ( 36,9,null,'Lokhlass' );
insert into espece values ( 37,null,null,'Métamorph' );
insert into espece values ( 38,null,2,'Évoli' );
insert into espece values ( 39,null,null,'Aquali' );
insert into espece values ( 40,null,null,'Voltali' );
insert into espece values ( 41,2,null,'Pyroli' );
insert into espece values ( 42,null,null,'Porygon' );
insert into espece values ( 43,6,null,'Amonita' );
insert into espece values ( 44,0,null,'Amonistar' );
insert into espece values ( 45,16,null,'Coconfort' );
insert into espece values ( 46,null,null,'Kabuto' );
insert into espece values ( 47,null,null,'Kabutops' );
insert into espece values ( 48,null,null,'Ptéra' );
insert into espece values ( 49,5,null,'Ronflex' );
insert into espece values ( 50,null,null,'Artikodin' );
insert into espece values ( 51,null,null,'Électhor' );
insert into espece values ( 52,null,2,'Sulfura' );
insert into espece values ( 53,12,null,'Minidraco' );
insert into espece values ( 54,1,null,'Draco' );
insert into espece values ( 55,17,null,'Dracolosse' );
insert into espece values ( 56,10,null,'Dardargnan' );
insert into espece values ( 57,null,35,'Mewtwo' );
insert into espece values ( 58,null,null,'Mew' );
insert into espece values ( 59,5,null,'Roucool' );
insert into espece values ( 60,7,null,'Roucoups' );
insert into espece values ( 61,7,null,'Roucarnage' );
insert into espece values ( 62,5,null,'Rattata' );
insert into espece values ( 63,null,58,'Herbizarre' );
insert into espece values ( 64,7,null,'Rattatac' );
insert into espece values ( 65,10,16,'Piafabec' );
insert into espece values ( 66,null,null,'Rapasdepic' );
insert into espece values ( 67,null,null,'Abo' );
insert into espece values ( 68,null,null,'Arbok' );
insert into espece values ( 69,16,null,'Pikachu' );
insert into espece values ( 70,null,null,'Raichu' );
insert into espece values ( 71,null,null,'Sabelette' );
insert into espece values ( 72,null,null,'Sablaireau' );
insert into espece values ( 73,null,null,'Nidoran♀' );
insert into espece values ( 74,null,null,'Florizarre' );
insert into espece values ( 75,7,null,'Nidorina' );
insert into espece values ( 76,10,null,'Nidoqueen' );
insert into espece values ( 77,null,null,'Nidoran♂' );
insert into espece values ( 78,null,null,'Nidorino' );
insert into espece values ( 79,null,null,'Nidoking' );
insert into espece values ( 80,16,null,'Mélofée' );
insert into espece values ( 81,0,null,'Mélodelfe' );
insert into espece values ( 82,null,null,'Feunard' );
insert into espece values ( 83,12,null,'Rondoudou' );
insert into espece values ( 84,null,null,'Salamèche' );
insert into espece values ( 85,null,null,'Grodoudou' );
insert into espece values ( 86,0,51,'Nosferapti' );
insert into espece values ( 87,null,null,'Nosferalto' );
insert into espece values ( 88,null,null,'Mystherbe' );
insert into espece values ( 89,null,null,'Ortide' );
insert into espece values ( 90,null,null,'Rafflesia' );
insert into espece values ( 91,null,null,'Paras' );
insert into espece values ( 92,12,66,'Parasect' );
insert into espece values ( 93,5,null,'Mimitoss' );
insert into espece values ( 94,null,null,'Aéromite' );
insert into espece values ( 95,7,null,'Reptincel' );
insert into espece values ( 96,12,null,'Taupiqueur' );
insert into espece values ( 97,18,null,'Triopikeur' );
insert into espece values ( 98,12,null,'Miaouss' );
insert into espece values ( 99,null,null,'Persian' );
insert into espece values ( 100,1,null,'Psykokwak' );
insert into espece values ( 101,18,null,'Akwakwak' );
insert into espece values ( 102,null,null,'Férosinge' );
insert into espece values ( 103,19,null,'Colossinge' );
insert into espece values ( 104,7,null,'Caninos' );
insert into espece values ( 105,18,null,'Arcanin' );
insert into espece values ( 106,5,null,'Dracaufeu' );
insert into espece values ( 107,6,null,'Ptitard' );
insert into espece values ( 108,null,null,'Têtarte' );
insert into espece values ( 109,null,null,'Tartard' );
insert into espece values ( 110,2,null,'Abra' );
insert into espece values ( 111,18,null,'Kadabra' );
insert into espece values ( 112,19,null,'Alakazam' );
insert into espece values ( 113,null,null,'Machoc' );
insert into espece values ( 114,null,null,'Machopeur' );
insert into espece values ( 115,null,null,'Mackogneur' );
insert into espece values ( 116,14,62,'Chétiflor' );
insert into espece values ( 117,null,null,'Carapuce' );
insert into espece values ( 118,null,19,'Boustiflor' );
insert into espece values ( 119,null,null,'Empiflor' );
insert into espece values ( 120,null,118,'Tentacool' );
insert into espece values ( 121,6,null,'Tentacruel' );
insert into espece values ( 122,9,null,'Racaillou' );
insert into espece values ( 123,null,null,'Gravalanch' );
insert into espece values ( 124,null,null,'Grolem' );
insert into espece values ( 125,17,null,'Ponyta' );
insert into espece values ( 126,5,null,'Galopa' );
insert into espece values ( 127,17,null,'Carabaffe' );
insert into espece values ( 128,9,null,'Flagadoss' );
insert into espece values ( 129,4,null,'Magnéton' );
insert into espece values ( 130,null,null,'Canarticho' );
insert into espece values ( 131,null,null,'Dodrio' );
insert into espece values ( 132,18,null,'Otaria' );
insert into espece values ( 133,null,null,'Tadmorv' );
insert into espece values ( 134,null,null,'Grotadmorv' );
insert into espece values ( 135,4,null,'Kokiyas' );
insert into espece values ( 136,1,null,'Crustabri' );
insert into espece values ( 137,1,null,'Spectrum' );
insert into espece values ( 138,16,null,'Ectoplasma' );
insert into espece values ( 139,null,null,'Soporifik' );
insert into espece values ( 140,null,null,'Hypnomade' );
insert into espece values ( 141,null,null,'Krabboss' );
insert into monstropoche values ( 0,'Ernie40',79,1,2,9,31,92,0,30 );
insert into monstropoche values ( 1,'Lulu_McClure74',null,0,0,6,42,10,85,0 );
insert into monstropoche values ( 2,'Jade.Weissnat18',null,3,0,7,44,80,46,70 );
insert into monstropoche values ( 3,'Macy81',30,0,0,9,73,49,96,26 );
insert into monstropoche values ( 4,'Merritt_Jenkins',null,2,0,8,26,89,37,11 );
insert into monstropoche values ( 5,'Nash39',54,3,1,4,104,83,94,59 );
insert into monstropoche values ( 6,'Merlin.Reichel',14,3,0,9,38,51,9,19 );
insert into monstropoche values ( 7,'Talon50',null,3,0,8,109,92,23,82 );
insert into monstropoche values ( 8,'Isabella.Wehner',null,2,1,9,36,7,80,0 );
insert into monstropoche values ( 9,'Eddie70',null,2,0,3,22,39,40,37 );
insert into monstropoche values ( 10,'Mallie.Leffler',40,0,1,11,16,80,73,7 );
insert into monstropoche values ( 11,'Edward54',5,1,1,19,96,5,62,4 );
insert into monstropoche values ( 12,'Alvena_Trantow',12,1,2,17,32,95,81,19 );
insert into monstropoche values ( 13,'Nico2',39,3,0,1,0,0,3,0 );
insert into monstropoche values ( 14,'Melissa.Langworth',48,3,2,2,95,3,73,2 );
insert into monstropoche values ( 15,'Brent39',72,0,0,5,127,62,36,47 );
insert into monstropoche values ( 16,'Casimer79',null,1,0,5,90,43,80,34 );
insert into monstropoche values ( 17,'Noel59',null,3,1,13,43,48,67,7 );
insert into monstropoche values ( 18,'Bennett.Halvorson52',null,1,2,7,117,15,94,8 );
insert into monstropoche values ( 19,'Devin_Eichmann17',null,1,0,0,3,17,28,6 );
insert into monstropoche values ( 20,'Ramona77',null,1,2,13,84,64,24,46 );
insert into monstropoche values ( 21,'Maud_Spinka74',null,3,0,14,62,9,78,5 );
insert into monstropoche values ( 22,'Joyce_Maggio',null,2,2,5,109,23,74,10 );
insert into monstropoche values ( 23,'Lesly60',null,0,0,0,136,2,20,1 );
insert into monstropoche values ( 24,'Darrell.Reinger30',null,0,0,17,38,57,66,24 );
insert into monstropoche values ( 25,'August.Strosin10',53,2,0,1,57,68,37,50 );
insert into monstropoche values ( 26,'Johnpaul_Bartell',null,3,2,17,124,15,93,1 );
insert into monstropoche values ( 27,'Cicero.Wehner12',26,2,1,8,25,17,39,17 );
insert into monstropoche values ( 28,'Jermaine33',null,3,1,7,67,89,27,22 );
insert into monstropoche values ( 29,'Jerrod.Hartmann',99,2,0,14,30,97,100,17 );
insert into monstropoche values ( 30,'Teagan60',72,3,1,2,77,30,10,16 );
insert into monstropoche values ( 31,'Johann_Kessler72',4,1,0,7,106,75,2,71 );
insert into monstropoche values ( 32,'Travis40',null,3,2,7,94,73,90,49 );
insert into monstropoche values ( 33,'Avis.Bailey',84,2,2,2,53,34,87,34 );
insert into monstropoche values ( 34,'Reggie.Emmerich',null,2,2,5,83,84,37,25 );
insert into monstropoche values ( 35,'Norberto.Lynch34',null,3,0,12,28,35,64,5 );
insert into monstropoche values ( 36,'Nicklaus.Lockman10',6,0,1,9,114,8,93,0 );
insert into monstropoche values ( 37,'Maurine15',60,1,0,8,136,27,61,27 );
insert into monstropoche values ( 38,'Velda_Muller95',44,1,2,19,24,55,68,50 );
insert into monstropoche values ( 39,'Cassidy.Berge10',null,1,0,15,74,32,79,11 );
insert into monstropoche values ( 40,'Pasquale_OKon',null,1,2,12,89,10,89,0 );
insert into monstropoche values ( 41,'Anne.Kulas53',null,2,0,10,43,34,86,27 );
insert into monstropoche values ( 42,'Alessandra_Macejkovic31',12,3,0,14,99,29,35,22 );
insert into monstropoche values ( 43,'Sean.Mills33',37,1,2,13,22,2,85,1 );
insert into monstropoche values ( 44,'Fannie39',null,2,0,10,51,14,32,0 );
insert into monstropoche values ( 45,'Easter_Torp55',68,2,2,16,45,69,32,37 );
insert into monstropoche values ( 46,'Margret.Thompson',null,1,0,14,127,6,28,6 );
insert into monstropoche values ( 47,'Abigail.Halvorson65',null,1,0,5,126,90,64,34 );
insert into monstropoche values ( 48,'Dorothy.Batz',null,1,0,18,128,23,44,13 );
insert into monstropoche values ( 49,'Estrella35',null,1,0,10,41,74,84,50 );
insert into monstropoche values ( 50,'Karianne_Streich59',null,3,0,4,14,55,90,7 );
insert into monstropoche values ( 51,'Taryn.Brekke',94,1,1,15,50,89,45,1 );
insert into monstropoche values ( 52,'Jayda.Sawayn69',33,3,1,11,1,100,12,32 );
insert into monstropoche values ( 53,'Ivah72',78,3,1,16,134,7,3,7 );
insert into monstropoche values ( 54,'Phoebe51',null,1,1,9,5,60,47,50 );
insert into monstropoche values ( 55,'Zelma1',null,2,2,18,42,80,97,0 );
insert into monstropoche values ( 56,'Layne64',59,0,0,12,71,35,88,15 );
insert into monstropoche values ( 57,'Deshaun66',46,0,2,18,99,49,98,11 );
insert into monstropoche values ( 58,'Immanuel.Mosciski72',60,1,1,14,119,86,89,65 );
insert into monstropoche values ( 59,'Tavares91',96,2,2,3,87,75,36,15 );
insert into monstropoche values ( 60,'Kaleb2',54,2,0,9,108,10,7,6 );
insert into monstropoche values ( 61,'Amalia_Schoen',null,2,0,2,91,70,32,52 );
insert into monstropoche values ( 62,'Demond.Rice9',null,0,0,4,55,70,38,36 );
insert into monstropoche values ( 63,'Jace_Cassin',null,3,1,0,33,3,55,0 );
insert into monstropoche values ( 64,'Edmund_Mayer',1,0,0,7,17,68,74,24 );
insert into monstropoche values ( 65,'Ervin.Jenkins',null,0,0,19,35,48,38,7 );
insert into monstropoche values ( 66,'Vladimir18',null,0,1,17,72,82,89,4 );
insert into monstropoche values ( 67,'Stephanie_Koch43',null,0,0,15,107,91,32,76 );
insert into monstropoche values ( 68,'Glen37',null,3,2,11,69,41,44,36 );
insert into monstropoche values ( 69,'Caden.Hills',14,1,2,11,74,50,34,14 );
insert into monstropoche values ( 70,'Karlee_Abernathy',70,1,1,4,141,44,35,16 );
insert into monstropoche values ( 71,'Nicklaus36',53,3,2,8,129,95,59,68 );
insert into monstropoche values ( 72,'Domenic.Tromp',85,0,2,2,64,37,25,20 );
insert into monstropoche values ( 73,'Alisa_Tremblay',12,3,1,7,139,50,4,11 );
insert into monstropoche values ( 74,'Joany67',71,2,0,12,126,34,37,30 );
insert into monstropoche values ( 75,'Jon66',null,3,2,5,20,53,27,22 );
insert into monstropoche values ( 76,'Bobby_Quitzon40',79,0,1,15,115,49,95,38 );
insert into monstropoche values ( 77,'Juliana96',25,2,1,3,119,16,90,7 );
insert into monstropoche values ( 78,'Orie.Dibbert71',null,0,2,4,77,74,91,6 );
insert into monstropoche values ( 79,'Alexzander.Harber',79,3,1,14,91,43,19,14 );
insert into monstropoche values ( 80,'Marley.Welch46',null,1,0,1,23,68,46,17 );
insert into monstropoche values ( 81,'Haley.Medhurst49',92,1,2,12,23,9,23,0 );
insert into monstropoche values ( 82,'Eric_Kshlerin33',null,2,0,0,73,15,83,13 );
insert into monstropoche values ( 83,'Zora_Jones31',9,3,2,10,77,97,33,58 );
insert into monstropoche values ( 84,'Lorine.Paucek23',null,0,2,7,130,59,96,31 );
insert into monstropoche values ( 85,'Gerhard56',94,2,2,2,64,97,87,16 );
insert into monstropoche values ( 86,'Eriberto30',null,0,0,15,54,32,80,32 );
insert into monstropoche values ( 87,'Allison_Kemmer',null,0,2,8,49,57,58,46 );
insert into monstropoche values ( 88,'Shania.Cassin12',15,0,1,9,64,69,14,19 );
insert into monstropoche values ( 89,'Vena_Johns64',null,0,0,10,18,41,16,40 );
insert into monstropoche values ( 90,'Berniece95',null,0,2,9,82,56,34,19 );
insert into monstropoche values ( 91,'Westley.Bednar19',56,1,1,6,132,31,5,17 );
insert into monstropoche values ( 92,'Mitchell_Rodriguez',68,1,2,6,133,72,5,49 );
insert into monstropoche values ( 93,'Leda.Tillman0',null,1,1,18,23,50,23,36 );
insert into monstropoche values ( 94,'Barbara_Kihn',null,3,0,12,101,44,75,1 );
insert into monstropoche values ( 95,'Madelynn_Considine',52,0,2,10,92,76,42,43 );
insert into monstropoche values ( 96,'Kamron10',11,3,1,10,14,27,14,4 );
insert into monstropoche values ( 97,'Maud.Thiel94',4,1,2,12,86,66,54,18 );
insert into monstropoche values ( 98,'Lester.Kunze92',null,3,1,6,131,64,89,51 );
insert into monstropoche values ( 99,'Alexandrine_Zieme72',null,2,2,2,132,3,5,0 );
insert into objet_zone values ( 0,36 );
insert into objet_zone values ( 1,40 );
insert into objet_zone values ( 2,43 );
insert into objet_zone values ( 3,32 );
insert into objet_zone values ( 4,6 );
insert into objet_zone values ( 5,67 );
insert into objet_zone values ( 6,2 );
insert into objet_zone values ( 7,69 );
insert into objet_zone values ( 8,63 );
insert into objet_zone values ( 9,61 );
insert into objet_zone values ( 10,68 );
insert into objet_zone values ( 11,0 );
insert into objet_zone values ( 12,11 );
insert into objet_zone values ( 13,22 );
insert into objet_zone values ( 14,20 );
insert into objet_zone values ( 15,17 );
insert into objet_zone values ( 16,21 );
insert into objet_zone values ( 17,23 );
insert into objet_zone values ( 18,78 );
insert into objet_zone values ( 19,4 );
insert into objet_zone values ( 12,0 );
insert into objet_zone values ( 3,1 );
insert into objet_zone values ( 10,2 );
insert into objet_zone values ( 6,3 );
insert into objet_zone values ( 17,4 );
insert into objet_zone values ( 11,5 );
insert into objet_zone values ( 2,6 );
insert into objet_zone values ( 16,7 );
insert into objet_zone values ( 14,8 );
insert into objet_zone values ( 8,9 );
insert into objet_zone values ( 7,10 );
insert into objet_zone values ( 5,12 );
insert into objet_zone values ( 11,13 );
insert into objet_zone values ( 18,14 );
insert into objet_zone values ( 17,15 );
insert into objet_zone values ( 15,16 );
insert into objet_zone values ( 6,17 );
insert into objet_zone values ( 17,18 );
insert into objet_zone values ( 19,19 );
insert into objet_zone values ( 17,20 );
insert into objet_zone values ( 2,21 );
insert into objet_zone values ( 8,22 );
insert into objet_zone values ( 7,23 );
insert into objet_zone values ( 1,24 );
insert into objet_zone values ( 9,25 );
insert into objet_zone values ( 6,26 );
insert into objet_zone values ( 0,27 );
insert into objet_zone values ( 3,28 );
insert into objet_zone values ( 15,29 );
insert into objet_zone values ( 2,30 );
insert into objet_zone values ( 9,31 );
insert into objet_zone values ( 4,32 );
insert into objet_zone values ( 13,33 );
insert into objet_zone values ( 12,34 );
insert into objet_zone values ( 9,35 );
insert into objet_zone values ( 11,36 );
insert into objet_zone values ( 19,37 );
insert into objet_zone values ( 16,38 );
insert into objet_zone values ( 7,39 );
insert into objet_zone values ( 3,40 );
insert into objet_zone values ( 18,41 );
insert into objet_zone values ( 5,42 );
insert into objet_zone values ( 9,43 );
insert into objet_zone values ( 3,44 );
insert into objet_zone values ( 18,45 );
insert into objet_zone values ( 17,46 );
insert into objet_zone values ( 12,47 );
insert into objet_zone values ( 16,48 );
insert into objet_zone values ( 15,49 );
insert into objet_zone values ( 0,50 );
insert into objet_zone values ( 7,51 );
insert into objet_zone values ( 0,52 );
insert into objet_zone values ( 17,53 );
insert into objet_zone values ( 2,54 );
insert into objet_zone values ( 0,55 );
insert into objet_zone values ( 19,56 );
insert into objet_zone values ( 17,57 );
insert into objet_zone values ( 16,58 );
insert into objet_zone values ( 12,59 );
insert into objet_zone values ( 4,60 );
insert into objet_zone values ( 18,61 );
insert into objet_zone values ( 12,62 );
insert into objet_zone values ( 2,63 );
insert into objet_zone values ( 7,64 );
insert into objet_zone values ( 17,65 );
insert into objet_zone values ( 18,66 );
insert into objet_zone values ( 11,67 );
insert into objet_zone values ( 14,68 );
insert into objet_zone values ( 8,69 );
insert into objet_zone values ( 2,70 );
insert into objet_zone values ( 18,71 );
insert into objet_zone values ( 1,72 );
insert into objet_zone values ( 13,73 );
insert into objet_zone values ( 12,74 );
insert into objet_zone values ( 19,75 );
insert into objet_zone values ( 19,76 );
insert into objet_zone values ( 18,77 );
insert into objet_zone values ( 8,78 );
insert into espece_type values ( 0,8 );
insert into espece_type values ( 1,6 );
insert into espece_type values ( 2,13 );
insert into espece_type values ( 3,4 );
insert into espece_type values ( 4,12 );
insert into espece_type values ( 5,9 );
insert into espece_type values ( 6,15 );
insert into espece_type values ( 7,1 );
insert into espece_type values ( 8,2 );
insert into espece_type values ( 9,1 );
insert into espece_type values ( 10,16 );
insert into espece_type values ( 11,9 );
insert into espece_type values ( 12,9 );
insert into espece_type values ( 13,7 );
insert into espece_type values ( 14,15 );
insert into espece_type values ( 15,2 );
insert into espece_type values ( 16,4 );
insert into espece_type values ( 17,2 );
insert into espece_type values ( 18,8 );
insert into espece_type values ( 19,16 );
insert into espece_type values ( 20,7 );
insert into espece_type values ( 21,6 );
insert into espece_type values ( 22,16 );
insert into espece_type values ( 23,3 );
insert into espece_type values ( 24,7 );
insert into espece_type values ( 25,13 );
insert into espece_type values ( 26,14 );
insert into espece_type values ( 27,15 );
insert into espece_type values ( 28,12 );
insert into espece_type values ( 29,13 );
insert into espece_type values ( 30,0 );
insert into espece_type values ( 31,15 );
insert into espece_type values ( 32,3 );
insert into espece_type values ( 33,8 );
insert into espece_type values ( 34,5 );
insert into espece_type values ( 35,12 );
insert into espece_type values ( 36,15 );
insert into espece_type values ( 37,7 );
insert into espece_type values ( 38,7 );
insert into espece_type values ( 39,8 );
insert into espece_type values ( 40,16 );
insert into espece_type values ( 41,7 );
insert into espece_type values ( 42,14 );
insert into espece_type values ( 43,8 );
insert into espece_type values ( 44,14 );
insert into espece_type values ( 45,13 );
insert into espece_type values ( 46,15 );
insert into espece_type values ( 47,7 );
insert into espece_type values ( 48,7 );
insert into espece_type values ( 49,8 );
insert into espece_type values ( 50,15 );
insert into espece_type values ( 51,8 );
insert into espece_type values ( 52,8 );
insert into espece_type values ( 53,1 );
insert into espece_type values ( 54,4 );
insert into espece_type values ( 55,4 );
insert into espece_type values ( 56,1 );
insert into espece_type values ( 57,3 );
insert into espece_type values ( 58,14 );
insert into espece_type values ( 59,2 );
insert into espece_type values ( 60,5 );
insert into espece_type values ( 61,15 );
insert into espece_type values ( 62,9 );
insert into espece_type values ( 63,4 );
insert into espece_type values ( 64,7 );
insert into espece_type values ( 65,4 );
insert into espece_type values ( 66,14 );
insert into espece_type values ( 67,8 );
insert into espece_type values ( 68,9 );
insert into espece_type values ( 69,0 );
insert into espece_type values ( 70,8 );
insert into espece_type values ( 71,14 );
insert into espece_type values ( 72,10 );
insert into espece_type values ( 73,0 );
insert into espece_type values ( 74,8 );
insert into espece_type values ( 75,2 );
insert into espece_type values ( 76,1 );
insert into espece_type values ( 77,9 );
insert into espece_type values ( 78,3 );
insert into espece_type values ( 79,4 );
insert into espece_type values ( 80,1 );
insert into espece_type values ( 81,4 );
insert into espece_type values ( 82,6 );
insert into espece_type values ( 83,4 );
insert into espece_type values ( 84,5 );
insert into espece_type values ( 85,5 );
insert into espece_type values ( 86,12 );
insert into espece_type values ( 87,13 );
insert into espece_type values ( 88,5 );
insert into espece_type values ( 89,8 );
insert into espece_type values ( 90,2 );
insert into espece_type values ( 91,10 );
insert into espece_type values ( 92,14 );
insert into espece_type values ( 93,12 );
insert into espece_type values ( 94,13 );
insert into espece_type values ( 95,10 );
insert into espece_type values ( 96,9 );
insert into espece_type values ( 97,3 );
insert into espece_type values ( 98,15 );
insert into espece_type values ( 99,15 );
insert into espece_type values ( 100,13 );
insert into espece_type values ( 101,9 );
insert into espece_type values ( 102,8 );
insert into espece_type values ( 103,3 );
insert into espece_type values ( 104,12 );
insert into espece_type values ( 105,13 );
insert into espece_type values ( 106,10 );
insert into espece_type values ( 107,15 );
insert into espece_type values ( 108,5 );
insert into espece_type values ( 109,3 );
insert into espece_type values ( 110,3 );
insert into espece_type values ( 111,13 );
insert into espece_type values ( 112,10 );
insert into espece_type values ( 113,5 );
insert into espece_type values ( 114,12 );
insert into espece_type values ( 115,5 );
insert into espece_type values ( 116,4 );
insert into espece_type values ( 117,3 );
insert into espece_type values ( 118,1 );
insert into espece_type values ( 119,1 );
insert into espece_type values ( 120,9 );
insert into espece_type values ( 121,11 );
insert into espece_type values ( 122,11 );
insert into espece_type values ( 123,9 );
insert into espece_type values ( 124,11 );
insert into espece_type values ( 125,14 );
insert into espece_type values ( 126,4 );
insert into espece_type values ( 127,5 );
insert into espece_type values ( 128,8 );
insert into espece_type values ( 129,1 );
insert into espece_type values ( 130,1 );
insert into espece_type values ( 131,8 );
insert into espece_type values ( 132,12 );
insert into espece_type values ( 133,6 );
insert into espece_type values ( 134,7 );
insert into espece_type values ( 135,8 );
insert into espece_type values ( 136,6 );
insert into espece_type values ( 137,9 );
insert into espece_type values ( 138,7 );
insert into espece_type values ( 139,9 );
insert into espece_type values ( 140,15 );
insert into espece_type values ( 141,9 );
insert into espece_type values ( 41,0 );
insert into espece_type values ( 121,1 );
insert into espece_type values ( 61,2 );
insert into espece_type values ( 123,3 );
insert into espece_type values ( 86,4 );
insert into espece_type values ( 33,5 );
insert into espece_type values ( 106,6 );
insert into espece_type values ( 123,7 );
insert into espece_type values ( 110,8 );
insert into espece_type values ( 118,9 );
insert into espece_type values ( 60,10 );
insert into espece_type values ( 115,11 );
insert into espece_type values ( 21,12 );
insert into espece_type values ( 99,13 );
insert into espece_type values ( 137,14 );
insert into espece_type values ( 43,15 );
insert into espece_type values ( 41,16 );
insert into espece_zone values ( 0,29 );
insert into espece_zone values ( 1,38 );
insert into espece_zone values ( 2,40 );
insert into espece_zone values ( 3,71 );
insert into espece_zone values ( 4,13 );
insert into espece_zone values ( 5,4 );
insert into espece_zone values ( 6,24 );
insert into espece_zone values ( 7,37 );
insert into espece_zone values ( 8,56 );
insert into espece_zone values ( 9,38 );
insert into espece_zone values ( 10,18 );
insert into espece_zone values ( 11,32 );
insert into espece_zone values ( 12,26 );
insert into espece_zone values ( 13,0 );
insert into espece_zone values ( 14,38 );
insert into espece_zone values ( 15,5 );
insert into espece_zone values ( 16,23 );
insert into espece_zone values ( 17,16 );
insert into espece_zone values ( 18,75 );
insert into espece_zone values ( 19,15 );
insert into espece_zone values ( 20,40 );
insert into espece_zone values ( 21,55 );
insert into espece_zone values ( 22,43 );
insert into espece_zone values ( 23,67 );
insert into espece_zone values ( 24,73 );
insert into espece_zone values ( 25,8 );
insert into espece_zone values ( 26,41 );
insert into espece_zone values ( 27,9 );
insert into espece_zone values ( 28,59 );
insert into espece_zone values ( 29,52 );
insert into espece_zone values ( 30,65 );
insert into espece_zone values ( 31,50 );
insert into espece_zone values ( 32,52 );
insert into espece_zone values ( 33,27 );
insert into espece_zone values ( 34,46 );
insert into espece_zone values ( 35,7 );
insert into espece_zone values ( 36,16 );
insert into espece_zone values ( 37,75 );
insert into espece_zone values ( 38,44 );
insert into espece_zone values ( 39,57 );
insert into espece_zone values ( 40,13 );
insert into espece_zone values ( 41,22 );
insert into espece_zone values ( 42,62 );
insert into espece_zone values ( 43,3 );
insert into espece_zone values ( 44,34 );
insert into espece_zone values ( 45,26 );
insert into espece_zone values ( 46,8 );
insert into espece_zone values ( 47,41 );
insert into espece_zone values ( 48,26 );
insert into espece_zone values ( 49,49 );
insert into espece_zone values ( 50,22 );
insert into espece_zone values ( 51,23 );
insert into espece_zone values ( 52,59 );
insert into espece_zone values ( 53,15 );
insert into espece_zone values ( 54,31 );
insert into espece_zone values ( 55,7 );
insert into espece_zone values ( 56,31 );
insert into espece_zone values ( 57,66 );
insert into espece_zone values ( 58,45 );
insert into espece_zone values ( 59,63 );
insert into espece_zone values ( 60,3 );
insert into espece_zone values ( 61,72 );
insert into espece_zone values ( 62,14 );
insert into espece_zone values ( 63,59 );
insert into espece_zone values ( 64,28 );
insert into espece_zone values ( 65,16 );
insert into espece_zone values ( 66,47 );
insert into espece_zone values ( 67,8 );
insert into espece_zone values ( 68,12 );
insert into espece_zone values ( 69,56 );
insert into espece_zone values ( 70,34 );
insert into espece_zone values ( 71,70 );
insert into espece_zone values ( 72,37 );
insert into espece_zone values ( 73,52 );
insert into espece_zone values ( 74,32 );
insert into espece_zone values ( 75,38 );
insert into espece_zone values ( 76,7 );
insert into espece_zone values ( 77,2 );
insert into espece_zone values ( 78,60 );
insert into espece_zone values ( 79,44 );
insert into espece_zone values ( 80,19 );
insert into espece_zone values ( 81,17 );
insert into espece_zone values ( 82,77 );
insert into espece_zone values ( 83,68 );
insert into espece_zone values ( 84,53 );
insert into espece_zone values ( 85,42 );
insert into espece_zone values ( 86,28 );
insert into espece_zone values ( 87,64 );
insert into espece_zone values ( 88,74 );
insert into espece_zone values ( 89,32 );
insert into espece_zone values ( 90,58 );
insert into espece_zone values ( 91,43 );
insert into espece_zone values ( 92,49 );
insert into espece_zone values ( 93,4 );
insert into espece_zone values ( 94,0 );
insert into espece_zone values ( 95,30 );
insert into espece_zone values ( 96,63 );
insert into espece_zone values ( 97,14 );
insert into espece_zone values ( 98,59 );
insert into espece_zone values ( 99,12 );
insert into espece_zone values ( 100,26 );
insert into espece_zone values ( 101,49 );
insert into espece_zone values ( 102,45 );
insert into espece_zone values ( 103,57 );
insert into espece_zone values ( 104,30 );
insert into espece_zone values ( 105,69 );
insert into espece_zone values ( 106,77 );
insert into espece_zone values ( 107,64 );
insert into espece_zone values ( 108,70 );
insert into espece_zone values ( 109,51 );
insert into espece_zone values ( 110,61 );
insert into espece_zone values ( 111,27 );
insert into espece_zone values ( 112,67 );
insert into espece_zone values ( 113,8 );
insert into espece_zone values ( 114,66 );
insert into espece_zone values ( 115,51 );
insert into espece_zone values ( 116,43 );
insert into espece_zone values ( 117,51 );
insert into espece_zone values ( 118,15 );
insert into espece_zone values ( 119,67 );
insert into espece_zone values ( 120,74 );
insert into espece_zone values ( 121,55 );
insert into espece_zone values ( 122,45 );
insert into espece_zone values ( 123,23 );
insert into espece_zone values ( 124,41 );
insert into espece_zone values ( 125,57 );
insert into espece_zone values ( 126,67 );
insert into espece_zone values ( 127,7 );
insert into espece_zone values ( 128,51 );
insert into espece_zone values ( 129,9 );
insert into espece_zone values ( 130,46 );
insert into espece_zone values ( 131,37 );
insert into espece_zone values ( 132,57 );
insert into espece_zone values ( 133,71 );
insert into espece_zone values ( 134,70 );
insert into espece_zone values ( 135,39 );
insert into espece_zone values ( 136,63 );
insert into espece_zone values ( 137,6 );
insert into espece_zone values ( 138,36 );
insert into espece_zone values ( 139,70 );
insert into espece_zone values ( 140,9 );
insert into espece_zone values ( 141,0 );
insert into espece_zone values ( 114,0 );
insert into espece_zone values ( 13,1 );
insert into espece_zone values ( 23,2 );
insert into espece_zone values ( 112,3 );
insert into espece_zone values ( 54,4 );
insert into espece_zone values ( 126,5 );
insert into espece_zone values ( 120,6 );
insert into espece_zone values ( 84,7 );
insert into espece_zone values ( 129,8 );
insert into espece_zone values ( 135,9 );
insert into espece_zone values ( 139,10 );
insert into espece_zone values ( 1,11 );
insert into espece_zone values ( 26,12 );
insert into espece_zone values ( 79,13 );
insert into espece_zone values ( 73,14 );
insert into espece_zone values ( 21,15 );
insert into espece_zone values ( 135,16 );
insert into espece_zone values ( 97,17 );
insert into espece_zone values ( 41,18 );
insert into espece_zone values ( 94,19 );
insert into espece_zone values ( 88,20 );
insert into espece_zone values ( 139,21 );
insert into espece_zone values ( 11,22 );
insert into espece_zone values ( 44,23 );
insert into espece_zone values ( 66,24 );
insert into espece_zone values ( 10,25 );
insert into espece_zone values ( 96,26 );
insert into espece_zone values ( 76,27 );
insert into espece_zone values ( 33,28 );
insert into espece_zone values ( 54,30 );
insert into espece_zone values ( 12,31 );
insert into espece_zone values ( 101,32 );
insert into espece_zone values ( 40,33 );
insert into espece_zone values ( 129,34 );
insert into espece_zone values ( 42,35 );
insert into espece_zone values ( 127,36 );
insert into espece_zone values ( 4,37 );
insert into espece_zone values ( 4,38 );
insert into espece_zone values ( 84,39 );
insert into espece_zone values ( 50,40 );
insert into espece_zone values ( 95,41 );
insert into espece_zone values ( 61,42 );
insert into espece_zone values ( 62,43 );
insert into espece_zone values ( 48,44 );
insert into espece_zone values ( 120,45 );
insert into espece_zone values ( 100,46 );
insert into espece_zone values ( 58,47 );
insert into espece_zone values ( 97,48 );
insert into espece_zone values ( 54,49 );
insert into espece_zone values ( 138,50 );
insert into espece_zone values ( 114,51 );
insert into espece_zone values ( 50,52 );
insert into espece_zone values ( 136,53 );
insert into espece_zone values ( 4,54 );
insert into espece_zone values ( 95,55 );
insert into espece_zone values ( 106,56 );
insert into espece_zone values ( 24,57 );
insert into espece_zone values ( 47,58 );
insert into espece_zone values ( 61,59 );
insert into espece_zone values ( 66,60 );
insert into espece_zone values ( 50,61 );
insert into espece_zone values ( 1,62 );
insert into espece_zone values ( 75,63 );
insert into espece_zone values ( 106,64 );
insert into espece_zone values ( 72,65 );
insert into espece_zone values ( 126,66 );
insert into espece_zone values ( 7,67 );
insert into espece_zone values ( 89,68 );
insert into espece_zone values ( 12,69 );
insert into espece_zone values ( 8,70 );
insert into espece_zone values ( 19,71 );
insert into espece_zone values ( 79,72 );
insert into espece_zone values ( 70,73 );
insert into espece_zone values ( 57,74 );
insert into espece_zone values ( 135,75 );
insert into espece_zone values ( 63,76 );
insert into espece_zone values ( 60,77 );
insert into espece_zone values ( 20,78 );
insert into monstropoche_attaque values ( 0,5 );
insert into monstropoche_attaque values ( 1,27 );
insert into monstropoche_attaque values ( 2,14 );
insert into monstropoche_attaque values ( 3,9 );
insert into monstropoche_attaque values ( 4,11 );
insert into monstropoche_attaque values ( 5,9 );
insert into monstropoche_attaque values ( 6,8 );
insert into monstropoche_attaque values ( 7,20 );
insert into monstropoche_attaque values ( 8,28 );
insert into monstropoche_attaque values ( 9,17 );
insert into monstropoche_attaque values ( 10,19 );
insert into monstropoche_attaque values ( 11,25 );
insert into monstropoche_attaque values ( 12,3 );
insert into monstropoche_attaque values ( 13,2 );
insert into monstropoche_attaque values ( 14,22 );
insert into monstropoche_attaque values ( 15,23 );
insert into monstropoche_attaque values ( 16,19 );
insert into monstropoche_attaque values ( 17,20 );
insert into monstropoche_attaque values ( 18,1 );
insert into monstropoche_attaque values ( 19,23 );
insert into monstropoche_attaque values ( 20,16 );
insert into monstropoche_attaque values ( 21,19 );
insert into monstropoche_attaque values ( 22,25 );
insert into monstropoche_attaque values ( 23,16 );
insert into monstropoche_attaque values ( 24,13 );
insert into monstropoche_attaque values ( 25,8 );
insert into monstropoche_attaque values ( 26,15 );
insert into monstropoche_attaque values ( 27,14 );
insert into monstropoche_attaque values ( 28,0 );
insert into monstropoche_attaque values ( 29,24 );
insert into monstropoche_attaque values ( 30,8 );
insert into monstropoche_attaque values ( 31,12 );
insert into monstropoche_attaque values ( 32,8 );
insert into monstropoche_attaque values ( 33,23 );
insert into monstropoche_attaque values ( 34,12 );
insert into monstropoche_attaque values ( 35,21 );
insert into monstropoche_attaque values ( 36,19 );
insert into monstropoche_attaque values ( 37,14 );
insert into monstropoche_attaque values ( 38,7 );
insert into monstropoche_attaque values ( 39,19 );
insert into monstropoche_attaque values ( 40,27 );
insert into monstropoche_attaque values ( 41,18 );
insert into monstropoche_attaque values ( 42,2 );
insert into monstropoche_attaque values ( 43,12 );
insert into monstropoche_attaque values ( 44,22 );
insert into monstropoche_attaque values ( 45,3 );
insert into monstropoche_attaque values ( 46,2 );
insert into monstropoche_attaque values ( 47,18 );
insert into monstropoche_attaque values ( 48,26 );
insert into monstropoche_attaque values ( 49,22 );
insert into monstropoche_attaque values ( 50,15 );
insert into monstropoche_attaque values ( 51,25 );
insert into monstropoche_attaque values ( 52,6 );
insert into monstropoche_attaque values ( 53,6 );
insert into monstropoche_attaque values ( 54,27 );
insert into monstropoche_attaque values ( 55,19 );
insert into monstropoche_attaque values ( 56,10 );
insert into monstropoche_attaque values ( 57,14 );
insert into monstropoche_attaque values ( 58,14 );
insert into monstropoche_attaque values ( 59,11 );
insert into monstropoche_attaque values ( 60,1 );
insert into monstropoche_attaque values ( 61,12 );
insert into monstropoche_attaque values ( 62,7 );
insert into monstropoche_attaque values ( 63,8 );
insert into monstropoche_attaque values ( 64,18 );
insert into monstropoche_attaque values ( 65,27 );
insert into monstropoche_attaque values ( 66,25 );
insert into monstropoche_attaque values ( 67,21 );
insert into monstropoche_attaque values ( 68,6 );
insert into monstropoche_attaque values ( 69,25 );
insert into monstropoche_attaque values ( 70,15 );
insert into monstropoche_attaque values ( 71,5 );
insert into monstropoche_attaque values ( 72,5 );
insert into monstropoche_attaque values ( 73,28 );
insert into monstropoche_attaque values ( 74,2 );
insert into monstropoche_attaque values ( 75,19 );
insert into monstropoche_attaque values ( 76,18 );
insert into monstropoche_attaque values ( 77,11 );
insert into monstropoche_attaque values ( 78,28 );
insert into monstropoche_attaque values ( 79,24 );
insert into monstropoche_attaque values ( 80,6 );
insert into monstropoche_attaque values ( 81,3 );
insert into monstropoche_attaque values ( 82,25 );
insert into monstropoche_attaque values ( 83,21 );
insert into monstropoche_attaque values ( 84,21 );
insert into monstropoche_attaque values ( 85,19 );
insert into monstropoche_attaque values ( 86,15 );
insert into monstropoche_attaque values ( 87,26 );
insert into monstropoche_attaque values ( 88,0 );
insert into monstropoche_attaque values ( 89,10 );
insert into monstropoche_attaque values ( 90,3 );
insert into monstropoche_attaque values ( 91,6 );
insert into monstropoche_attaque values ( 92,23 );
insert into monstropoche_attaque values ( 93,5 );
insert into monstropoche_attaque values ( 94,4 );
insert into monstropoche_attaque values ( 95,27 );
insert into monstropoche_attaque values ( 96,17 );
insert into monstropoche_attaque values ( 97,17 );
insert into monstropoche_attaque values ( 98,21 );
insert into monstropoche_attaque values ( 99,13 );
insert into monstropoche_attaque values ( 34,0 );
insert into monstropoche_attaque values ( 99,1 );
insert into monstropoche_attaque values ( 66,2 );
insert into monstropoche_attaque values ( 15,3 );
insert into monstropoche_attaque values ( 39,4 );
insert into monstropoche_attaque values ( 24,5 );
insert into monstropoche_attaque values ( 9,6 );
insert into monstropoche_attaque values ( 69,7 );
insert into monstropoche_attaque values ( 73,8 );
insert into monstropoche_attaque values ( 83,9 );
insert into monstropoche_attaque values ( 1,10 );
insert into monstropoche_attaque values ( 52,11 );
insert into monstropoche_attaque values ( 37,12 );
insert into monstropoche_attaque values ( 21,13 );
insert into monstropoche_attaque values ( 44,14 );
insert into monstropoche_attaque values ( 78,15 );
insert into monstropoche_attaque values ( 33,16 );
insert into monstropoche_attaque values ( 17,17 );
insert into monstropoche_attaque values ( 54,18 );
insert into monstropoche_attaque values ( 48,19 );
insert into monstropoche_attaque values ( 16,20 );
insert into monstropoche_attaque values ( 14,21 );
insert into monstropoche_attaque values ( 53,22 );
insert into monstropoche_attaque values ( 10,23 );
insert into monstropoche_attaque values ( 43,24 );
insert into monstropoche_attaque values ( 58,25 );
insert into monstropoche_attaque values ( 70,26 );
insert into monstropoche_attaque values ( 34,27 );
insert into monstropoche_attaque values ( 52,28 );
