drop table monstropoche_attaque;
drop table espece_zone;
drop table espece_type;
drop table objet_zone;
drop table monstropoche;
drop table espece;
drop table etat;
drop table type;
drop table genre;
drop table objet;
drop table attaque;
drop table zone;
drop table proprietaire;

create table proprietaire (id int not null, nom varchar(255) not null, primary key(id));
create table attaque (id int not null, type_id int not null, nom varchar(255) not null, puissance int not null, perequis int not null, precizion int not null, constraint fk_attaque_type foreign key (type_id) references type(id), primary key(id));
create table zone (id int not null, nom varchar(255) not null, primary key(id));
create table objet (id int not null, nom varchar(255) not null, est_unique number(1) not null, est_offensif number(1), est_evoluant number(1), primary key(id));
create table genre (id int not null, femelle number(1) not null, male number(1) not null, primary key(id));
create table type (id int not null, nom varchar(255) not null, primary key(id));
create table etat (id int not null, nom varchar(255) not null, primary key(id));
create table espece (id int not null, objet_id int, source_id int, nom varchar(255) not null, constraint fk_espece_objet foreign key (objet_id) references objet(id), constraint fk_espece_espece foreign key (source_id) references espece(id), primary key(id));
create table monstropoche (id int not null, surnom varchar(255) not null, proprietaire_id int, genre_id int not null, etat_id int not null, objet_id int, espece_id int not null, pv int not null, pe int not null, pv_actuel int not null, constraint fk_monstropoche_proprietaire foreign key (proprietaire_id) references proprietaire(id), constraint fk_monstropoche_genre foreign key (genre_id) references genre(id), constraint fk_monstropoche_etat foreign key (etat_id) references etat(id), constraint fk_monstropoche_objet foreign key (objet_id) references objet(id), constraint fk_monstropoche_espece foreign key (espece_id) references espece(id), primary key(id));
create table objet_zone (objet_id int not null, zone_id int not null, constraint fk_objet_zone_objet foreign key (objet_id) references objet(id), constraint fk_objet_zone_zone foreign key (zone_id) references zone(id), primary key(objet_id, zone_id));
create table espece_type (espece_id int not null, type_id int not null, constraint fk_espece_type_espece foreign key (espece_id) references espece(id), constraint fk_espece_type_type foreign key (type_id) references type(id), primary key(espece_id, type_id));
create table espece_zone (espece_id int not null, zone_id int not null, constraint fk_espece_zone_espece foreign key (espece_id) references espece(id), constraint fk_espece_zone_zone foreign key (zone_id) references zone(id), primary key(espece_id, zone_id));
create table monstropoche_attaque (monstropoche_id int not null, attaque_id int not null, constraint fk_monstropoche_attaque_m foreign key (monstropoche_id) references monstropoche(id), constraint fk_monstropoche_attaque_a foreign key (attaque_id) references attaque(id), primary key(monstropoche_id, attaque_id));

delete from monstropoche_attaque;
delete from espece_zone;
delete from espece_type;
delete from objet_zone;
delete from monstropoche;
delete from espece;
delete from etat;
delete from type;
delete from genre;
delete from objet;
delete from attaque;
delete from zone;
delete from proprietaire;

insert into proprietaire values ( 0,'Lilou Breton' );
insert into proprietaire values ( 1,'M Louna Marchal' );
insert into proprietaire values ( 2,'Célia Louis' );
insert into proprietaire values ( 3,'Emilie Garcia DVM' );
insert into proprietaire values ( 4,'Justine Julien' );
insert into proprietaire values ( 5,'Victor Charpentier II' );
insert into proprietaire values ( 6,'Lucas Lefevre III' );
insert into proprietaire values ( 7,'Tom Dumont' );
insert into proprietaire values ( 8,'Julien Aubry' );
insert into proprietaire values ( 9,'Kylian Olivier' );
insert into proprietaire values ( 10,'Mme Mattéo Muller' );
insert into proprietaire values ( 11,'Raphaël Garnier' );
insert into proprietaire values ( 12,'Laura Breton' );
insert into proprietaire values ( 13,'Nicolas Roussel' );
insert into proprietaire values ( 14,'Louis Rolland' );
insert into proprietaire values ( 15,'Lou Le roux' );
insert into proprietaire values ( 16,'Ethan Gauthier' );
insert into proprietaire values ( 17,'Alexis Menard' );
insert into proprietaire values ( 18,'Alice Jean' );
insert into proprietaire values ( 19,'Sacha Giraud' );
insert into proprietaire values ( 20,'Laura Robin' );
insert into proprietaire values ( 21,'Hugo Jean' );
insert into proprietaire values ( 22,'Chloé Nicolas' );
insert into proprietaire values ( 23,'Louna Marchal' );
insert into proprietaire values ( 24,'Ethan Fontaine' );
insert into proprietaire values ( 25,'Jade Guyot' );
insert into proprietaire values ( 26,'Eva Chevalier' );
insert into proprietaire values ( 27,'Jade Adam' );
insert into proprietaire values ( 28,'Quentin Jacquet' );
insert into proprietaire values ( 29,'Lina Muller' );
insert into proprietaire values ( 30,'Louis Olivier' );
insert into proprietaire values ( 31,'Mlle Evan Roche' );
insert into proprietaire values ( 32,'Julie Morin' );
insert into proprietaire values ( 33,'Axel Roux' );
insert into proprietaire values ( 34,'Prof Maëlys Moulin' );
insert into proprietaire values ( 35,'Louna Dumas' );
insert into proprietaire values ( 36,'Gabriel Carpentier' );
insert into proprietaire values ( 37,'Dr Arthur Girard' );
insert into proprietaire values ( 38,'Mlle Lola Paul' );
insert into proprietaire values ( 39,'Louna Paris' );
insert into proprietaire values ( 40,'Mme Maëlys Marchand' );
insert into proprietaire values ( 41,'Enzo Gaillard I' );
insert into proprietaire values ( 42,'Lola Vidal' );
insert into proprietaire values ( 43,'Célia Mercier' );
insert into proprietaire values ( 44,'Maxence Baron' );
insert into proprietaire values ( 45,'Laura Roussel II' );
insert into proprietaire values ( 46,'Lou Caron' );
insert into proprietaire values ( 47,'Noah Leroy' );
insert into proprietaire values ( 48,'Sacha Lambert' );
insert into proprietaire values ( 49,'Sarah Leroy DDS' );
insert into proprietaire values ( 50,'Léo Robert' );
insert into proprietaire values ( 51,'Charlotte Poirier' );
insert into proprietaire values ( 52,'Kylian Brun' );
insert into proprietaire values ( 53,'Mme Maxime Meunier' );
insert into proprietaire values ( 54,'Océane Deschamps' );
insert into proprietaire values ( 55,'Alice Marie' );
insert into proprietaire values ( 56,'Marie Renaud III' );
insert into proprietaire values ( 57,'Victor Dupont' );
insert into proprietaire values ( 58,'Justine Laurent' );
insert into proprietaire values ( 59,'Noémie Sanchez' );
insert into proprietaire values ( 60,'Adam Rey' );
insert into proprietaire values ( 61,'Sarah Lemaire PhD' );
insert into proprietaire values ( 62,'Prof Noah Leroux' );
insert into proprietaire values ( 63,'Louna Chevalier' );
insert into proprietaire values ( 64,'Juliette Caron' );
insert into proprietaire values ( 65,'Mélissa Rey Sr.' );
insert into proprietaire values ( 66,'Lilou Denis' );
insert into proprietaire values ( 67,'Dr Lena Picard' );
insert into proprietaire values ( 68,'Noah Philippe' );
insert into proprietaire values ( 69,'Charlotte Giraud' );
insert into proprietaire values ( 70,'Mathéo Robin I' );
insert into proprietaire values ( 71,'Zoe Carre' );
insert into proprietaire values ( 72,'Mlle Manon Jean' );
insert into proprietaire values ( 73,'M Clara Poirier' );
insert into proprietaire values ( 74,'Mattéo Arnaud' );
insert into proprietaire values ( 75,'Gabriel Lopez' );
insert into proprietaire values ( 76,'Clara Rey' );
insert into proprietaire values ( 77,'Kylian Collet' );
insert into proprietaire values ( 78,'Mathis Gonzalez' );
insert into proprietaire values ( 79,'Louna Faure' );
insert into proprietaire values ( 80,'Lilou Baron DDS' );
insert into proprietaire values ( 81,'Carla Nicolas' );
insert into proprietaire values ( 82,'Maëlys Martin' );
insert into proprietaire values ( 83,'Prof Kylian Nguyen' );
insert into proprietaire values ( 84,'Maëlle David III' );
insert into proprietaire values ( 85,'Enzo Carre' );
insert into proprietaire values ( 86,'Louise Dupont' );
insert into proprietaire values ( 87,'Adrien Simon' );
insert into proprietaire values ( 88,'Noa Blanchard' );
insert into proprietaire values ( 89,'Noa Leclerc' );
insert into proprietaire values ( 90,'Manon Marchand PhD' );
insert into proprietaire values ( 91,'Hugo Baron' );
insert into proprietaire values ( 92,'Camille Chevalier' );
insert into proprietaire values ( 93,'Juliette Fleury' );
insert into proprietaire values ( 94,'Théo Morin' );
insert into proprietaire values ( 95,'Carla Rey PhD' );
insert into proprietaire values ( 96,'Mélissa Lucas' );
insert into proprietaire values ( 97,'Manon Menard' );
insert into proprietaire values ( 98,'Louna Duval' );
insert into proprietaire values ( 99,'Mlle Camille Giraud' );
insert into zone values ( 0,'Benin' );
insert into zone values ( 1,'Luxembourg' );
insert into zone values ( 2,'Saint Pierre and Miquelon' );
insert into zone values ( 3,'Martinique' );
insert into zone values ( 4,'United Kingdom' );
insert into zone values ( 5,'Ghana' );
insert into zone values ( 6,'French Southern Territories' );
insert into zone values ( 7,'Honduras' );
insert into zone values ( 8,'Haiti' );
insert into zone values ( 9,'Croatia' );
insert into zone values ( 10,'Montserrat' );
insert into zone values ( 11,'Norfolk Island' );
insert into zone values ( 12,'Chad' );
insert into zone values ( 13,'Senegal' );
insert into zone values ( 14,'Costa Rica' );
insert into zone values ( 15,'Burundi' );
insert into zone values ( 16,'Antigua and Barbuda' );
insert into zone values ( 17,'Svalbard  Jan Mayen Islands' );
insert into zone values ( 18,'Nauru' );
insert into zone values ( 19,'Tuvalu' );
insert into zone values ( 20,'Vanuatu' );
insert into zone values ( 21,'Armenia' );
insert into zone values ( 22,'Bermuda' );
insert into zone values ( 23,'Faroe Islands' );
insert into zone values ( 24,'Tonga' );
insert into zone values ( 25,'Finland' );
insert into zone values ( 26,'Azerbaijan' );
insert into zone values ( 27,'Republic of Korea' );
insert into zone values ( 28,'Puerto Rico' );
insert into zone values ( 29,'Wallis and Futuna' );
insert into zone values ( 30,'Sierra Leone' );
insert into zone values ( 31,'Madagascar' );
insert into zone values ( 32,'Bulgaria' );
insert into zone values ( 33,'Guatemala' );
insert into zone values ( 34,'Barbados' );
insert into zone values ( 35,'Tajikistan' );
insert into zone values ( 36,'Sudan' );
insert into zone values ( 37,'Peru' );
insert into zone values ( 38,'Denmark' );
insert into zone values ( 39,'Mongolia' );
insert into zone values ( 40,'Morocco' );
insert into zone values ( 41,'Indonesia' );
insert into zone values ( 42,'Reunion' );
insert into zone values ( 43,'Holy See (Vatican City State)' );
insert into zone values ( 44,'Belgium' );
insert into zone values ( 45,'Suriname' );
insert into zone values ( 46,'Hungary' );
insert into zone values ( 47,'Bahamas' );
insert into zone values ( 48,'Malawi' );
insert into zone values ( 49,'Saint Vincent and the Grenadines' );
insert into zone values ( 50,'Uzbekistan' );
insert into zone values ( 51,'Guadeloupe' );
insert into zone values ( 52,'Kenya' );
insert into zone values ( 53,'Cyprus' );
insert into zone values ( 54,'Tanzania' );
insert into zone values ( 55,'French Polynesia' );
insert into zone values ( 56,'Fiji' );
insert into zone values ( 57,'Isle of Man' );
insert into zone values ( 58,'Christmas Island' );
insert into zone values ( 59,'Zimbabwe' );
insert into zone values ( 60,'France' );
insert into zone values ( 61,'Turkmenistan' );
insert into zone values ( 62,'Guam' );
insert into zone values ( 63,'Algeria' );
insert into zone values ( 64,'Gabon' );
insert into zone values ( 65,'Kiribati' );
insert into zone values ( 66,'Guyana' );
insert into zone values ( 67,'Slovenia' );
insert into zone values ( 68,'Colombia' );
insert into zone values ( 69,'Bangladesh' );
insert into zone values ( 70,'Western Sahara' );
insert into zone values ( 71,'Ukraine' );
insert into zone values ( 72,'Nicaragua' );
insert into zone values ( 73,'Antarctica (the territory South of 60 deg S)' );
insert into zone values ( 74,'Aruba' );
insert into zone values ( 75,'Thailand' );
insert into zone values ( 76,'Andorra' );
insert into attaque values ( 0,3,'Triplattaque',144,6,32 );
insert into attaque values ( 1,16,'Escalade',177,30,82 );
insert into attaque values ( 2,3,'Morphing',250,55,31 );
insert into attaque values ( 3,14,'Vœu',52,88,26 );
insert into attaque values ( 4,11,'Grobisou',2,45,5 );
insert into attaque values ( 5,9,'Pilonnage',231,28,43 );
insert into attaque values ( 6,2,'Recyclage',79,100,94 );
insert into attaque values ( 7,2,'Regard Médusant',238,12,67 );
insert into attaque values ( 8,6,'E-Coque',202,89,80 );
insert into attaque values ( 9,8,'Constriction',28,2,40 );
insert into attaque values ( 10,15,'Picanon',225,76,63 );
insert into attaque values ( 11,6,'Uppercut',234,53,31 );
insert into attaque values ( 12,11,'Coup de Main',48,23,14 );
insert into attaque values ( 13,12,'Flash',184,51,27 );
insert into attaque values ( 14,15,'Conversion',130,47,39 );
insert into attaque values ( 15,14,'Affûtage',173,93,12 );
insert into attaque values ( 16,5,'Croc de Mort',70,37,48 );
insert into attaque values ( 17,2,'Par Ici',183,17,64 );
insert into attaque values ( 18,0,'Attrition',1,83,41 );
insert into attaque values ( 19,14,'Force-Nature',174,39,22 );
insert into attaque values ( 20,15,'Combo-Griffe',90,97,31 );
insert into attaque values ( 21,3,'Explosion',147,71,14 );
insert into attaque values ( 22,9,'Trempette',174,92,39 );
insert into attaque values ( 23,1,'Exuviation',191,66,96 );
insert into attaque values ( 24,13,'CoudKrâne',170,47,64 );
insert into attaque values ( 25,13,'Météores',148,13,36 );
insert into attaque values ( 26,7,'Relais',230,98,20 );
insert into attaque values ( 27,4,'Rengorgement',46,67,44 );
insert into attaque values ( 28,5,'BoulArmure',2,94,32 );
insert into objet values ( 0,'Défense +',0,0,0 );
insert into objet values ( 1,'Muscle +',0,0,0 );
insert into objet values ( 2,'Défense Spéc',0,0,0 );
insert into objet values ( 3,'Déf. Spé. +',0,0,0 );
insert into objet values ( 4,'Attaque +',0,0,0 );
insert into objet values ( 5,'Spécial +',0,0,0 );
insert into objet values ( 6,'Précision +',0,0,0 );
insert into objet values ( 7,'Vitesse +',0,0,0 );
insert into objet values ( 8,'Baie Tamato',0,0,0 );
insert into objet values ( 9,'Baie Résin',0,0,0 );
insert into objet values ( 10,'Baie Lonme',0,0,0 );
insert into objet values ( 11,'Baie Qualot',0,0,0 );
insert into objet values ( 12,'Baie Alga',0,0,0 );
insert into objet values ( 13,'Baie Grena',0,0,0 );
insert into objet values ( 14,'Baie Mepo',0,0,0 );
insert into objet values ( 15,'Baie Willia',0,0,0 );
insert into objet values ( 16,'Baie Fraive',0,0,0 );
insert into objet values ( 17,'Baie Pêcha',0,0,0 );
insert into objet values ( 18,'Baie Maron',0,0,0 );
insert into objet values ( 19,'Baie Oran',0,0,0 );
insert into genre values ( 0,0,0 );
insert into genre values ( 1,0,1 );
insert into genre values ( 2,1,1 );
insert into genre values ( 3,1,0 );
insert into type values ( 0,'Glace' );
insert into type values ( 1,'Dragon' );
insert into type values ( 2,'Sol' );
insert into type values ( 3,'Plante' );
insert into type values ( 4,'Feu' );
insert into type values ( 5,'Eau' );
insert into type values ( 6,'Électrique' );
insert into type values ( 7,'Psy' );
insert into type values ( 8,'Spectre' );
insert into type values ( 9,'Ténèbre' );
insert into type values ( 10,'Fée' );
insert into type values ( 11,'Acier' );
insert into type values ( 12,'Poison' );
insert into type values ( 13,'Roche' );
insert into type values ( 14,'Combat' );
insert into type values ( 15,'Insecte' );
insert into type values ( 16,'Normal' );
insert into etat values ( 0,'Mission' );
insert into etat values ( 1,'Repos' );
insert into etat values ( 2,'Reproduction' );
insert into espece values ( 0,null,null,'Bulbizarre' );
insert into espece values ( 1,10,null,'Chenipan' );
insert into espece values ( 2,2,1,'Voltorbe' );
insert into espece values ( 3,null,null,'Électrode' );
insert into espece values ( 4,null,null,'Nœunœuf' );
insert into espece values ( 5,null,3,'Noadkoko' );
insert into espece values ( 6,14,null,'Osselait' );
insert into espece values ( 7,17,null,'Ossatueur' );
insert into espece values ( 8,3,null,'Kicklee' );
insert into espece values ( 9,10,null,'Tygnon' );
insert into espece values ( 10,15,5,'Excelangue' );
insert into espece values ( 11,null,null,'Smogo' );
insert into espece values ( 12,0,null,'Chrysacier' );
insert into espece values ( 13,15,null,'Smogogo' );
insert into espece values ( 14,16,null,'Rhinocorne' );
insert into espece values ( 15,null,null,'Rhinoféros' );
insert into espece values ( 16,null,null,'Leveinard' );
insert into espece values ( 17,null,null,'Saquedeneu' );
insert into espece values ( 18,1,null,'Kangourex' );
insert into espece values ( 19,null,null,'Hypotrempe' );
insert into espece values ( 20,15,null,'Hypocéan' );
insert into espece values ( 21,null,null,'Poissirène' );
insert into espece values ( 22,14,null,'Poissoroy' );
insert into espece values ( 23,14,null,'Papilusion' );
insert into espece values ( 24,8,null,'Stari' );
insert into espece values ( 25,null,null,'Staross' );
insert into espece values ( 26,null,null,'M.Mime' );
insert into espece values ( 27,null,null,'Insécateur' );
insert into espece values ( 28,15,17,'Lippoutou' );
insert into espece values ( 29,null,null,'Élektek' );
insert into espece values ( 30,null,null,'Magmar' );
insert into espece values ( 31,2,null,'Scarabrute' );
insert into espece values ( 32,null,null,'Tauros' );
insert into espece values ( 33,null,9,'Magicarpe' );
insert into espece values ( 34,7,null,'Aspicot' );
insert into espece values ( 35,null,null,'Léviator' );
insert into espece values ( 36,null,10,'Lokhlass' );
insert into espece values ( 37,3,null,'Métamorph' );
insert into espece values ( 38,12,null,'Évoli' );
insert into espece values ( 39,null,null,'Aquali' );
insert into espece values ( 40,3,null,'Voltali' );
insert into espece values ( 41,16,null,'Pyroli' );
insert into espece values ( 42,null,null,'Porygon' );
insert into espece values ( 43,10,null,'Amonita' );
insert into espece values ( 44,4,null,'Amonistar' );
insert into espece values ( 45,null,null,'Coconfort' );
insert into espece values ( 46,16,null,'Kabuto' );
insert into espece values ( 47,19,42,'Kabutops' );
insert into espece values ( 48,4,12,'Ptéra' );
insert into espece values ( 49,null,null,'Ronflex' );
insert into espece values ( 50,null,null,'Artikodin' );
insert into espece values ( 51,null,null,'Électhor' );
insert into espece values ( 52,8,null,'Sulfura' );
insert into espece values ( 53,15,28,'Minidraco' );
insert into espece values ( 54,0,45,'Draco' );
insert into espece values ( 55,3,null,'Dracolosse' );
insert into espece values ( 56,11,null,'Dardargnan' );
insert into espece values ( 57,2,null,'Mewtwo' );
insert into espece values ( 58,null,null,'Mew' );
insert into espece values ( 59,null,null,'Roucool' );
insert into espece values ( 60,4,null,'Roucoups' );
insert into espece values ( 61,9,null,'Roucarnage' );
insert into espece values ( 62,null,null,'Rattata' );
insert into espece values ( 63,18,null,'Herbizarre' );
insert into espece values ( 64,null,9,'Rattatac' );
insert into espece values ( 65,0,null,'Piafabec' );
insert into espece values ( 66,null,null,'Rapasdepic' );
insert into espece values ( 67,null,null,'Abo' );
insert into espece values ( 68,null,null,'Arbok' );
insert into espece values ( 69,2,null,'Pikachu' );
insert into espece values ( 70,7,null,'Raichu' );
insert into espece values ( 71,12,null,'Sabelette' );
insert into espece values ( 72,1,null,'Sablaireau' );
insert into espece values ( 73,15,null,'Nidoran♀' );
insert into espece values ( 74,11,null,'Florizarre' );
insert into espece values ( 75,null,null,'Nidorina' );
insert into espece values ( 76,2,null,'Nidoqueen' );
insert into espece values ( 77,null,26,'Nidoran♂' );
insert into espece values ( 78,null,null,'Nidorino' );
insert into espece values ( 79,13,null,'Nidoking' );
insert into espece values ( 80,4,null,'Mélofée' );
insert into espece values ( 81,11,null,'Mélodelfe' );
insert into espece values ( 82,null,null,'Feunard' );
insert into espece values ( 83,null,null,'Rondoudou' );
insert into espece values ( 84,null,null,'Salamèche' );
insert into espece values ( 85,3,null,'Grodoudou' );
insert into espece values ( 86,14,null,'Nosferapti' );
insert into espece values ( 87,5,null,'Nosferalto' );
insert into espece values ( 88,15,null,'Mystherbe' );
insert into espece values ( 89,15,null,'Ortide' );
insert into espece values ( 90,0,null,'Rafflesia' );
insert into espece values ( 91,null,null,'Paras' );
insert into espece values ( 92,6,42,'Parasect' );
insert into espece values ( 93,13,null,'Mimitoss' );
insert into espece values ( 94,null,null,'Aéromite' );
insert into espece values ( 95,null,null,'Reptincel' );
insert into espece values ( 96,18,null,'Taupiqueur' );
insert into espece values ( 97,null,null,'Triopikeur' );
insert into espece values ( 98,null,null,'Miaouss' );
insert into espece values ( 99,13,null,'Persian' );
insert into espece values ( 100,null,null,'Psykokwak' );
insert into espece values ( 101,null,null,'Akwakwak' );
insert into espece values ( 102,null,null,'Férosinge' );
insert into espece values ( 103,6,null,'Colossinge' );
insert into espece values ( 104,7,null,'Caninos' );
insert into espece values ( 105,null,null,'Arcanin' );
insert into espece values ( 106,15,15,'Dracaufeu' );
insert into espece values ( 107,null,null,'Ptitard' );
insert into espece values ( 108,null,null,'Têtarte' );
insert into espece values ( 109,14,null,'Tartard' );
insert into espece values ( 110,0,44,'Abra' );
insert into espece values ( 111,null,null,'Kadabra' );
insert into espece values ( 112,null,null,'Alakazam' );
insert into espece values ( 113,0,null,'Machoc' );
insert into espece values ( 114,null,null,'Machopeur' );
insert into espece values ( 115,null,null,'Mackogneur' );
insert into espece values ( 116,13,null,'Chétiflor' );
insert into espece values ( 117,1,null,'Carapuce' );
insert into espece values ( 118,null,null,'Boustiflor' );
insert into espece values ( 119,18,null,'Empiflor' );
insert into espece values ( 120,null,7,'Tentacool' );
insert into espece values ( 121,null,null,'Tentacruel' );
insert into espece values ( 122,8,null,'Racaillou' );
insert into espece values ( 123,13,88,'Gravalanch' );
insert into espece values ( 124,4,null,'Grolem' );
insert into espece values ( 125,null,null,'Ponyta' );
insert into espece values ( 126,16,108,'Galopa' );
insert into espece values ( 127,null,null,'Carabaffe' );
insert into espece values ( 128,16,null,'Flagadoss' );
insert into espece values ( 129,null,null,'Magnéton' );
insert into espece values ( 130,null,null,'Canarticho' );
insert into espece values ( 131,null,null,'Dodrio' );
insert into espece values ( 132,9,59,'Otaria' );
insert into espece values ( 133,null,null,'Tadmorv' );
insert into espece values ( 134,null,10,'Grotadmorv' );
insert into espece values ( 135,null,null,'Kokiyas' );
insert into espece values ( 136,4,null,'Crustabri' );
insert into espece values ( 137,0,null,'Spectrum' );
insert into espece values ( 138,7,107,'Ectoplasma' );
insert into espece values ( 139,null,null,'Soporifik' );
insert into espece values ( 140,16,67,'Hypnomade' );
insert into espece values ( 141,null,114,'Krabboss' );
insert into monstropoche values ( 0,'Delilah41',null,3,2,11,42,97,4,20 );
insert into monstropoche values ( 1,'Kristofer.Luettgen',66,3,1,10,51,19,72,15 );
insert into monstropoche values ( 2,'Jalen.Luettgen',null,1,1,7,72,94,66,39 );
insert into monstropoche values ( 3,'Leon_Sipes95',null,2,0,13,81,12,71,4 );
insert into monstropoche values ( 4,'Paul.Lowe',null,2,1,7,24,17,66,3 );
insert into monstropoche values ( 5,'Krystina_Mertz77',null,3,0,13,24,94,31,91 );
insert into monstropoche values ( 6,'Loren40',66,0,1,12,12,80,23,45 );
insert into monstropoche values ( 7,'Marisa_Gleichner77',null,3,0,11,33,25,17,17 );
insert into monstropoche values ( 8,'Herminia85',18,2,0,18,43,33,32,0 );
insert into monstropoche values ( 9,'Jarod_Konopelski',70,1,0,14,111,1,50,1 );
insert into monstropoche values ( 10,'Kristy58',null,2,2,18,60,88,92,35 );
insert into monstropoche values ( 11,'Jaron85',null,1,1,17,22,43,32,11 );
insert into monstropoche values ( 12,'Elsie.Larson65',null,1,2,7,47,56,96,29 );
insert into monstropoche values ( 13,'Bettie_Romaguera',null,2,1,10,53,78,23,67 );
insert into monstropoche values ( 14,'Abigale14',null,0,0,10,70,14,5,12 );
insert into monstropoche values ( 15,'Laurie28',22,0,1,1,63,54,18,21 );
insert into monstropoche values ( 16,'Everardo_Lynch86',84,3,1,6,128,8,90,0 );
insert into monstropoche values ( 17,'Dorcas84',null,1,0,16,31,93,49,81 );
insert into monstropoche values ( 18,'Reymundo82',null,2,0,16,103,8,75,2 );
insert into monstropoche values ( 19,'Trace_Carroll69',75,1,2,13,40,38,81,12 );
insert into monstropoche values ( 20,'Madisen.Jacobs',90,1,0,1,69,93,53,65 );
insert into monstropoche values ( 21,'Craig.Goldner22',56,1,0,6,115,77,36,65 );
insert into monstropoche values ( 22,'Leanna_Little19',53,3,0,3,76,23,46,17 );
insert into monstropoche values ( 23,'Erik_Corwin42',null,2,2,1,35,38,71,20 );
insert into monstropoche values ( 24,'Leanna.Kassulke7',6,1,1,10,136,57,32,23 );
insert into monstropoche values ( 25,'Shania_Kassulke',null,2,2,15,95,15,84,6 );
insert into monstropoche values ( 26,'Nora_Cruickshank52',null,1,1,9,78,8,52,0 );
insert into monstropoche values ( 27,'Clark47',63,1,0,4,47,56,12,56 );
insert into monstropoche values ( 28,'Bartholome_Glover11',null,3,1,14,79,31,54,26 );
insert into monstropoche values ( 29,'Alene3',null,1,2,0,126,3,26,3 );
insert into monstropoche values ( 30,'Myrl_Bergstrom57',null,2,0,2,51,33,57,21 );
insert into monstropoche values ( 31,'Amanda.Kemmer23',65,1,2,5,10,32,25,7 );
insert into monstropoche values ( 32,'Winifred.Tremblay78',9,0,1,19,114,43,67,32 );
insert into monstropoche values ( 33,'Toy.Daniel3',67,0,1,19,94,46,68,23 );
insert into monstropoche values ( 34,'Alfred.Harvey',21,1,1,15,121,83,19,44 );
insert into monstropoche values ( 35,'Aiyana_Little62',92,3,1,0,25,15,86,0 );
insert into monstropoche values ( 36,'Myrtice.Hyatt',null,0,2,19,41,95,50,17 );
insert into monstropoche values ( 37,'Lauren71',4,1,0,6,46,92,11,30 );
insert into monstropoche values ( 38,'Palma_Ankunding',null,2,1,5,34,68,50,21 );
insert into monstropoche values ( 39,'Zoe.Kuhic',67,2,0,12,19,33,94,20 );
insert into monstropoche values ( 40,'Vena.Cremin41',null,1,1,10,127,26,74,7 );
insert into monstropoche values ( 41,'Jakob44',79,2,1,7,36,14,41,11 );
insert into monstropoche values ( 42,'Darryl11',null,0,2,6,4,44,60,44 );
insert into monstropoche values ( 43,'Icie_Wolf70',65,2,2,3,71,23,62,2 );
insert into monstropoche values ( 44,'Jevon.Jacobson65',64,1,1,12,70,80,45,27 );
insert into monstropoche values ( 45,'Winnifred_Jakubowski74',null,0,1,8,88,80,33,15 );
insert into monstropoche values ( 46,'Mathilde7',85,3,1,18,57,73,100,1 );
insert into monstropoche values ( 47,'Bernardo_Dach8',93,1,0,9,112,98,48,25 );
insert into monstropoche values ( 48,'Rachel_Boyle',null,0,2,2,80,47,26,27 );
insert into monstropoche values ( 49,'Yasmeen.Graham',66,3,1,12,50,15,26,11 );
insert into monstropoche values ( 50,'Cielo.Hahn',null,3,0,3,5,40,62,32 );
insert into monstropoche values ( 51,'Reta65',null,2,1,4,123,79,71,63 );
insert into monstropoche values ( 52,'Ashleigh_Quitzon',null,3,2,0,25,3,71,1 );
insert into monstropoche values ( 53,'Olaf.Schroeder20',7,0,1,4,37,6,100,1 );
insert into monstropoche values ( 54,'Leilani_Rosenbaum',null,2,2,14,104,67,73,63 );
insert into monstropoche values ( 55,'Genevieve.Schiller',null,2,2,7,41,0,90,0 );
insert into monstropoche values ( 56,'Cole_Hoeger93',null,1,2,5,21,37,79,28 );
insert into monstropoche values ( 57,'Deron.Bailey',79,3,0,0,28,20,18,1 );
insert into monstropoche values ( 58,'Darlene9',86,2,1,14,67,87,98,33 );
insert into monstropoche values ( 59,'Easton_Ortiz',98,3,2,13,61,69,33,24 );
insert into monstropoche values ( 60,'Nelda18',null,2,2,7,28,32,58,3 );
insert into monstropoche values ( 61,'Reyes.West76',6,0,1,15,35,9,29,6 );
insert into monstropoche values ( 62,'Queen.Hyatt81',41,0,2,16,139,24,52,0 );
insert into monstropoche values ( 63,'Hortense_Ankunding31',null,2,1,16,119,2,55,2 );
insert into monstropoche values ( 64,'Justen5',null,0,2,2,84,59,44,7 );
insert into monstropoche values ( 65,'Alan.Gerhold',null,3,0,7,107,7,94,6 );
insert into monstropoche values ( 66,'Elouise87',72,2,1,6,81,68,48,61 );
insert into monstropoche values ( 67,'Julius.Wintheiser8',null,2,0,8,25,11,15,6 );
insert into monstropoche values ( 68,'Maureen_Ratke',98,1,2,17,49,96,28,38 );
insert into monstropoche values ( 69,'Dustin_Jenkins',null,2,2,18,44,2,71,1 );
insert into monstropoche values ( 70,'Chadrick.Kerluke',null,1,2,9,99,72,92,31 );
insert into monstropoche values ( 71,'Allene12',24,3,0,6,30,27,88,4 );
insert into monstropoche values ( 72,'Gregorio_Zboncak32',null,0,0,14,121,89,51,69 );
insert into monstropoche values ( 73,'Rosalyn.Hackett36',null,2,1,2,0,15,100,0 );
insert into monstropoche values ( 74,'Gino_Abbott',13,1,2,6,52,91,61,12 );
insert into monstropoche values ( 75,'Danielle_Mayer',46,1,0,15,37,12,91,6 );
insert into monstropoche values ( 76,'Dawson_Turner12',null,3,2,7,50,24,43,13 );
insert into monstropoche values ( 77,'Carolyn52',68,2,1,8,138,76,32,48 );
insert into monstropoche values ( 78,'Montana_Wisoky1',null,3,1,3,129,8,42,0 );
insert into monstropoche values ( 79,'Lyric_Nicolas',null,2,2,16,125,52,52,27 );
insert into monstropoche values ( 80,'Rene85',47,2,0,17,67,81,66,79 );
insert into monstropoche values ( 81,'Ted.Veum',47,3,0,10,89,99,79,75 );
insert into monstropoche values ( 82,'Clara_Christiansen41',81,2,1,12,99,18,46,2 );
insert into monstropoche values ( 83,'Madyson_Kutch40',67,2,0,1,106,11,35,5 );
insert into monstropoche values ( 84,'Jaydon.Keeling',45,1,1,5,49,63,77,52 );
insert into monstropoche values ( 85,'Dayne73',null,2,1,7,48,71,83,55 );
insert into monstropoche values ( 86,'Sean_Goyette',45,2,0,5,65,83,93,34 );
insert into monstropoche values ( 87,'Heidi.Hessel47',97,0,0,0,48,45,78,32 );
insert into monstropoche values ( 88,'Itzel45',2,0,0,15,58,61,63,47 );
insert into monstropoche values ( 89,'Ken8',null,2,0,7,100,54,36,37 );
insert into monstropoche values ( 90,'Adrianna.Kilback71',null,2,1,16,50,45,94,45 );
insert into monstropoche values ( 91,'Reginald.Grimes43',1,2,1,2,117,6,16,0 );
insert into monstropoche values ( 92,'Letha.Mueller16',null,2,2,6,75,11,10,4 );
insert into monstropoche values ( 93,'Frederik7',null,1,1,11,141,63,98,49 );
insert into monstropoche values ( 94,'Geoffrey_Schowalter35',78,2,1,19,92,31,19,18 );
insert into monstropoche values ( 95,'Emmalee.Cruickshank',null,1,2,9,140,38,37,10 );
insert into monstropoche values ( 96,'Ricardo23',62,1,0,5,41,77,48,33 );
insert into monstropoche values ( 97,'Evan.Zemlak',67,1,2,6,50,84,18,53 );
insert into monstropoche values ( 98,'Madeline39',9,0,0,16,11,41,18,35 );
insert into monstropoche values ( 99,'Aglae.Waelchi7',null,1,1,14,119,72,27,41 );
insert into objet_zone values ( 0,43 );
insert into objet_zone values ( 1,73 );
insert into objet_zone values ( 2,31 );
insert into objet_zone values ( 3,23 );
insert into objet_zone values ( 4,38 );
insert into objet_zone values ( 5,22 );
insert into objet_zone values ( 6,10 );
insert into objet_zone values ( 7,27 );
insert into objet_zone values ( 8,55 );
insert into objet_zone values ( 9,3 );
insert into objet_zone values ( 10,13 );
insert into objet_zone values ( 11,62 );
insert into objet_zone values ( 12,62 );
insert into objet_zone values ( 13,6 );
insert into objet_zone values ( 14,64 );
insert into objet_zone values ( 15,51 );
insert into objet_zone values ( 16,23 );
insert into objet_zone values ( 17,16 );
insert into objet_zone values ( 18,51 );
insert into objet_zone values ( 19,34 );
insert into objet_zone values ( 4,0 );
insert into objet_zone values ( 17,1 );
insert into objet_zone values ( 7,2 );
insert into objet_zone values ( 16,3 );
insert into objet_zone values ( 2,4 );
insert into objet_zone values ( 13,5 );
insert into objet_zone values ( 17,6 );
insert into objet_zone values ( 4,7 );
insert into objet_zone values ( 10,8 );
insert into objet_zone values ( 5,9 );
insert into objet_zone values ( 10,10 );
insert into objet_zone values ( 3,11 );
insert into objet_zone values ( 17,12 );
insert into objet_zone values ( 1,13 );
insert into objet_zone values ( 4,14 );
insert into objet_zone values ( 16,15 );
insert into objet_zone values ( 5,16 );
insert into objet_zone values ( 8,17 );
insert into objet_zone values ( 5,18 );
insert into objet_zone values ( 10,19 );
insert into objet_zone values ( 7,20 );
insert into objet_zone values ( 11,21 );
insert into objet_zone values ( 18,22 );
insert into objet_zone values ( 4,23 );
insert into objet_zone values ( 3,24 );
insert into objet_zone values ( 9,25 );
insert into objet_zone values ( 10,26 );
insert into objet_zone values ( 16,27 );
insert into objet_zone values ( 11,28 );
insert into objet_zone values ( 18,29 );
insert into objet_zone values ( 16,30 );
insert into objet_zone values ( 19,31 );
insert into objet_zone values ( 7,32 );
insert into objet_zone values ( 2,33 );
insert into objet_zone values ( 16,34 );
insert into objet_zone values ( 7,35 );
insert into objet_zone values ( 3,36 );
insert into objet_zone values ( 7,37 );
insert into objet_zone values ( 1,38 );
insert into objet_zone values ( 8,39 );
insert into objet_zone values ( 7,40 );
insert into objet_zone values ( 17,41 );
insert into objet_zone values ( 6,42 );
insert into objet_zone values ( 11,43 );
insert into objet_zone values ( 19,44 );
insert into objet_zone values ( 4,45 );
insert into objet_zone values ( 18,46 );
insert into objet_zone values ( 13,47 );
insert into objet_zone values ( 2,48 );
insert into objet_zone values ( 1,49 );
insert into objet_zone values ( 4,50 );
insert into objet_zone values ( 2,51 );
insert into objet_zone values ( 15,52 );
insert into objet_zone values ( 2,53 );
insert into objet_zone values ( 11,54 );
insert into objet_zone values ( 5,55 );
insert into objet_zone values ( 19,56 );
insert into objet_zone values ( 11,57 );
insert into objet_zone values ( 12,58 );
insert into objet_zone values ( 16,59 );
insert into objet_zone values ( 4,60 );
insert into objet_zone values ( 2,61 );
insert into objet_zone values ( 19,62 );
insert into objet_zone values ( 1,63 );
insert into objet_zone values ( 0,64 );
insert into objet_zone values ( 4,65 );
insert into objet_zone values ( 5,66 );
insert into objet_zone values ( 19,67 );
insert into objet_zone values ( 3,68 );
insert into objet_zone values ( 17,69 );
insert into objet_zone values ( 7,70 );
insert into objet_zone values ( 4,71 );
insert into objet_zone values ( 8,72 );
insert into objet_zone values ( 3,73 );
insert into objet_zone values ( 5,74 );
insert into objet_zone values ( 15,75 );
insert into objet_zone values ( 7,76 );
insert into espece_type values ( 0,3 );
insert into espece_type values ( 1,3 );
insert into espece_type values ( 2,12 );
insert into espece_type values ( 3,1 );
insert into espece_type values ( 4,8 );
insert into espece_type values ( 5,0 );
insert into espece_type values ( 6,14 );
insert into espece_type values ( 7,16 );
insert into espece_type values ( 8,9 );
insert into espece_type values ( 9,8 );
insert into espece_type values ( 10,3 );
insert into espece_type values ( 11,7 );
insert into espece_type values ( 12,7 );
insert into espece_type values ( 13,10 );
insert into espece_type values ( 14,13 );
insert into espece_type values ( 15,16 );
insert into espece_type values ( 16,10 );
insert into espece_type values ( 17,3 );
insert into espece_type values ( 18,7 );
insert into espece_type values ( 19,12 );
insert into espece_type values ( 20,11 );
insert into espece_type values ( 21,4 );
insert into espece_type values ( 22,8 );
insert into espece_type values ( 23,12 );
insert into espece_type values ( 24,14 );
insert into espece_type values ( 25,4 );
insert into espece_type values ( 26,3 );
insert into espece_type values ( 27,5 );
insert into espece_type values ( 28,1 );
insert into espece_type values ( 29,1 );
insert into espece_type values ( 30,1 );
insert into espece_type values ( 31,11 );
insert into espece_type values ( 32,15 );
insert into espece_type values ( 33,15 );
insert into espece_type values ( 34,4 );
insert into espece_type values ( 35,9 );
insert into espece_type values ( 36,4 );
insert into espece_type values ( 37,2 );
insert into espece_type values ( 38,11 );
insert into espece_type values ( 39,7 );
insert into espece_type values ( 40,4 );
insert into espece_type values ( 41,6 );
insert into espece_type values ( 42,12 );
insert into espece_type values ( 43,5 );
insert into espece_type values ( 44,1 );
insert into espece_type values ( 45,12 );
insert into espece_type values ( 46,16 );
insert into espece_type values ( 47,16 );
insert into espece_type values ( 48,4 );
insert into espece_type values ( 49,8 );
insert into espece_type values ( 50,0 );
insert into espece_type values ( 51,12 );
insert into espece_type values ( 52,8 );
insert into espece_type values ( 53,11 );
insert into espece_type values ( 54,15 );
insert into espece_type values ( 55,0 );
insert into espece_type values ( 56,9 );
insert into espece_type values ( 57,8 );
insert into espece_type values ( 58,13 );
insert into espece_type values ( 59,0 );
insert into espece_type values ( 60,10 );
insert into espece_type values ( 61,2 );
insert into espece_type values ( 62,14 );
insert into espece_type values ( 63,9 );
insert into espece_type values ( 64,0 );
insert into espece_type values ( 65,0 );
insert into espece_type values ( 66,15 );
insert into espece_type values ( 67,0 );
insert into espece_type values ( 68,0 );
insert into espece_type values ( 69,16 );
insert into espece_type values ( 70,1 );
insert into espece_type values ( 71,13 );
insert into espece_type values ( 72,16 );
insert into espece_type values ( 73,2 );
insert into espece_type values ( 74,12 );
insert into espece_type values ( 75,13 );
insert into espece_type values ( 76,1 );
insert into espece_type values ( 77,12 );
insert into espece_type values ( 78,0 );
insert into espece_type values ( 79,15 );
insert into espece_type values ( 80,14 );
insert into espece_type values ( 81,16 );
insert into espece_type values ( 82,16 );
insert into espece_type values ( 83,5 );
insert into espece_type values ( 84,12 );
insert into espece_type values ( 85,10 );
insert into espece_type values ( 86,6 );
insert into espece_type values ( 87,1 );
insert into espece_type values ( 88,2 );
insert into espece_type values ( 89,3 );
insert into espece_type values ( 90,16 );
insert into espece_type values ( 91,15 );
insert into espece_type values ( 92,2 );
insert into espece_type values ( 93,11 );
insert into espece_type values ( 94,1 );
insert into espece_type values ( 95,6 );
insert into espece_type values ( 96,6 );
insert into espece_type values ( 97,9 );
insert into espece_type values ( 98,8 );
insert into espece_type values ( 99,14 );
insert into espece_type values ( 100,14 );
insert into espece_type values ( 101,12 );
insert into espece_type values ( 102,7 );
insert into espece_type values ( 103,11 );
insert into espece_type values ( 104,15 );
insert into espece_type values ( 105,1 );
insert into espece_type values ( 106,7 );
insert into espece_type values ( 107,7 );
insert into espece_type values ( 108,10 );
insert into espece_type values ( 109,4 );
insert into espece_type values ( 110,10 );
insert into espece_type values ( 111,12 );
insert into espece_type values ( 112,13 );
insert into espece_type values ( 113,3 );
insert into espece_type values ( 114,15 );
insert into espece_type values ( 115,2 );
insert into espece_type values ( 116,8 );
insert into espece_type values ( 117,16 );
insert into espece_type values ( 118,12 );
insert into espece_type values ( 119,8 );
insert into espece_type values ( 120,6 );
insert into espece_type values ( 121,1 );
insert into espece_type values ( 122,0 );
insert into espece_type values ( 123,7 );
insert into espece_type values ( 124,8 );
insert into espece_type values ( 125,5 );
insert into espece_type values ( 126,10 );
insert into espece_type values ( 127,1 );
insert into espece_type values ( 128,3 );
insert into espece_type values ( 129,2 );
insert into espece_type values ( 130,14 );
insert into espece_type values ( 131,10 );
insert into espece_type values ( 132,6 );
insert into espece_type values ( 133,9 );
insert into espece_type values ( 134,16 );
insert into espece_type values ( 135,5 );
insert into espece_type values ( 136,0 );
insert into espece_type values ( 137,3 );
insert into espece_type values ( 138,3 );
insert into espece_type values ( 139,9 );
insert into espece_type values ( 140,12 );
insert into espece_type values ( 141,6 );
insert into espece_type values ( 87,0 );
insert into espece_type values ( 6,1 );
insert into espece_type values ( 42,2 );
insert into espece_type values ( 80,3 );
insert into espece_type values ( 102,4 );
insert into espece_type values ( 88,6 );
insert into espece_type values ( 58,7 );
insert into espece_type values ( 63,8 );
insert into espece_type values ( 66,9 );
insert into espece_type values ( 51,10 );
insert into espece_type values ( 54,11 );
insert into espece_type values ( 75,12 );
insert into espece_type values ( 78,13 );
insert into espece_type values ( 101,14 );
insert into espece_type values ( 80,15 );
insert into espece_type values ( 1,16 );
insert into espece_zone values ( 0,7 );
insert into espece_zone values ( 1,55 );
insert into espece_zone values ( 2,21 );
insert into espece_zone values ( 3,30 );
insert into espece_zone values ( 4,51 );
insert into espece_zone values ( 5,15 );
insert into espece_zone values ( 6,45 );
insert into espece_zone values ( 7,7 );
insert into espece_zone values ( 8,65 );
insert into espece_zone values ( 9,23 );
insert into espece_zone values ( 10,53 );
insert into espece_zone values ( 11,35 );
insert into espece_zone values ( 12,76 );
insert into espece_zone values ( 13,29 );
insert into espece_zone values ( 14,74 );
insert into espece_zone values ( 15,20 );
insert into espece_zone values ( 16,63 );
insert into espece_zone values ( 17,56 );
insert into espece_zone values ( 18,27 );
insert into espece_zone values ( 19,65 );
insert into espece_zone values ( 20,9 );
insert into espece_zone values ( 21,43 );
insert into espece_zone values ( 22,26 );
insert into espece_zone values ( 23,28 );
insert into espece_zone values ( 24,6 );
insert into espece_zone values ( 25,70 );
insert into espece_zone values ( 26,29 );
insert into espece_zone values ( 27,31 );
insert into espece_zone values ( 28,54 );
insert into espece_zone values ( 29,72 );
insert into espece_zone values ( 30,50 );
insert into espece_zone values ( 31,18 );
insert into espece_zone values ( 32,69 );
insert into espece_zone values ( 33,41 );
insert into espece_zone values ( 34,7 );
insert into espece_zone values ( 35,57 );
insert into espece_zone values ( 36,28 );
insert into espece_zone values ( 37,70 );
insert into espece_zone values ( 38,29 );
insert into espece_zone values ( 39,41 );
insert into espece_zone values ( 40,9 );
insert into espece_zone values ( 41,49 );
insert into espece_zone values ( 42,22 );
insert into espece_zone values ( 43,21 );
insert into espece_zone values ( 44,43 );
insert into espece_zone values ( 45,18 );
insert into espece_zone values ( 46,75 );
insert into espece_zone values ( 47,30 );
insert into espece_zone values ( 48,66 );
insert into espece_zone values ( 49,26 );
insert into espece_zone values ( 50,35 );
insert into espece_zone values ( 51,53 );
insert into espece_zone values ( 52,71 );
insert into espece_zone values ( 53,21 );
insert into espece_zone values ( 54,68 );
insert into espece_zone values ( 55,8 );
insert into espece_zone values ( 56,75 );
insert into espece_zone values ( 57,48 );
insert into espece_zone values ( 58,25 );
insert into espece_zone values ( 59,72 );
insert into espece_zone values ( 60,59 );
insert into espece_zone values ( 61,38 );
insert into espece_zone values ( 62,58 );
insert into espece_zone values ( 63,3 );
insert into espece_zone values ( 64,75 );
insert into espece_zone values ( 65,67 );
insert into espece_zone values ( 66,2 );
insert into espece_zone values ( 67,75 );
insert into espece_zone values ( 68,10 );
insert into espece_zone values ( 69,8 );
insert into espece_zone values ( 70,28 );
insert into espece_zone values ( 71,51 );
insert into espece_zone values ( 72,61 );
insert into espece_zone values ( 73,76 );
insert into espece_zone values ( 74,44 );
insert into espece_zone values ( 75,18 );
insert into espece_zone values ( 76,2 );
insert into espece_zone values ( 77,22 );
insert into espece_zone values ( 78,41 );
insert into espece_zone values ( 79,72 );
insert into espece_zone values ( 80,17 );
insert into espece_zone values ( 81,63 );
insert into espece_zone values ( 82,50 );
insert into espece_zone values ( 83,0 );
insert into espece_zone values ( 84,65 );
insert into espece_zone values ( 85,71 );
insert into espece_zone values ( 86,19 );
insert into espece_zone values ( 87,31 );
insert into espece_zone values ( 88,24 );
insert into espece_zone values ( 89,39 );
insert into espece_zone values ( 90,21 );
insert into espece_zone values ( 91,42 );
insert into espece_zone values ( 92,35 );
insert into espece_zone values ( 93,52 );
insert into espece_zone values ( 94,30 );
insert into espece_zone values ( 95,50 );
insert into espece_zone values ( 96,6 );
insert into espece_zone values ( 97,3 );
insert into espece_zone values ( 98,34 );
insert into espece_zone values ( 99,31 );
insert into espece_zone values ( 100,34 );
insert into espece_zone values ( 101,54 );
insert into espece_zone values ( 102,21 );
insert into espece_zone values ( 103,1 );
insert into espece_zone values ( 104,40 );
insert into espece_zone values ( 105,29 );
insert into espece_zone values ( 106,2 );
insert into espece_zone values ( 107,7 );
insert into espece_zone values ( 108,15 );
insert into espece_zone values ( 109,39 );
insert into espece_zone values ( 110,75 );
insert into espece_zone values ( 111,22 );
insert into espece_zone values ( 112,28 );
insert into espece_zone values ( 113,31 );
insert into espece_zone values ( 114,9 );
insert into espece_zone values ( 115,58 );
insert into espece_zone values ( 116,61 );
insert into espece_zone values ( 117,41 );
insert into espece_zone values ( 118,54 );
insert into espece_zone values ( 119,7 );
insert into espece_zone values ( 120,17 );
insert into espece_zone values ( 121,51 );
insert into espece_zone values ( 122,46 );
insert into espece_zone values ( 123,51 );
insert into espece_zone values ( 124,65 );
insert into espece_zone values ( 125,42 );
insert into espece_zone values ( 126,33 );
insert into espece_zone values ( 127,7 );
insert into espece_zone values ( 128,70 );
insert into espece_zone values ( 129,56 );
insert into espece_zone values ( 130,4 );
insert into espece_zone values ( 131,76 );
insert into espece_zone values ( 132,71 );
insert into espece_zone values ( 133,5 );
insert into espece_zone values ( 134,45 );
insert into espece_zone values ( 135,27 );
insert into espece_zone values ( 136,14 );
insert into espece_zone values ( 137,45 );
insert into espece_zone values ( 138,47 );
insert into espece_zone values ( 139,28 );
insert into espece_zone values ( 140,60 );
insert into espece_zone values ( 141,61 );
insert into espece_zone values ( 16,0 );
insert into espece_zone values ( 60,1 );
insert into espece_zone values ( 17,2 );
insert into espece_zone values ( 90,3 );
insert into espece_zone values ( 9,4 );
insert into espece_zone values ( 73,5 );
insert into espece_zone values ( 127,6 );
insert into espece_zone values ( 20,7 );
insert into espece_zone values ( 109,8 );
insert into espece_zone values ( 126,9 );
insert into espece_zone values ( 112,10 );
insert into espece_zone values ( 64,11 );
insert into espece_zone values ( 72,12 );
insert into espece_zone values ( 125,13 );
insert into espece_zone values ( 16,14 );
insert into espece_zone values ( 32,15 );
insert into espece_zone values ( 18,16 );
insert into espece_zone values ( 11,17 );
insert into espece_zone values ( 54,18 );
insert into espece_zone values ( 58,19 );
insert into espece_zone values ( 47,20 );
insert into espece_zone values ( 91,21 );
insert into espece_zone values ( 78,22 );
insert into espece_zone values ( 68,23 );
insert into espece_zone values ( 11,24 );
insert into espece_zone values ( 89,25 );
insert into espece_zone values ( 20,26 );
insert into espece_zone values ( 42,27 );
insert into espece_zone values ( 68,28 );
insert into espece_zone values ( 58,29 );
insert into espece_zone values ( 1,30 );
insert into espece_zone values ( 32,31 );
insert into espece_zone values ( 56,32 );
insert into espece_zone values ( 80,33 );
insert into espece_zone values ( 81,34 );
insert into espece_zone values ( 52,35 );
insert into espece_zone values ( 27,36 );
insert into espece_zone values ( 14,37 );
insert into espece_zone values ( 48,38 );
insert into espece_zone values ( 7,39 );
insert into espece_zone values ( 43,40 );
insert into espece_zone values ( 42,41 );
insert into espece_zone values ( 55,42 );
insert into espece_zone values ( 91,43 );
insert into espece_zone values ( 73,44 );
insert into espece_zone values ( 58,45 );
insert into espece_zone values ( 52,46 );
insert into espece_zone values ( 107,48 );
insert into espece_zone values ( 111,49 );
insert into espece_zone values ( 79,50 );
insert into espece_zone values ( 22,51 );
insert into espece_zone values ( 35,52 );
insert into espece_zone values ( 26,53 );
insert into espece_zone values ( 106,54 );
insert into espece_zone values ( 139,55 );
insert into espece_zone values ( 131,56 );
insert into espece_zone values ( 18,57 );
insert into espece_zone values ( 85,58 );
insert into espece_zone values ( 2,59 );
insert into espece_zone values ( 122,60 );
insert into espece_zone values ( 46,61 );
insert into espece_zone values ( 24,62 );
insert into espece_zone values ( 102,63 );
insert into espece_zone values ( 111,64 );
insert into espece_zone values ( 0,65 );
insert into espece_zone values ( 27,66 );
insert into espece_zone values ( 87,67 );
insert into espece_zone values ( 12,68 );
insert into espece_zone values ( 49,69 );
insert into espece_zone values ( 105,70 );
insert into espece_zone values ( 141,71 );
insert into espece_zone values ( 25,72 );
insert into espece_zone values ( 72,73 );
insert into espece_zone values ( 92,74 );
insert into espece_zone values ( 59,75 );
insert into espece_zone values ( 8,76 );
insert into monstropoche_attaque values ( 0,14 );
insert into monstropoche_attaque values ( 1,13 );
insert into monstropoche_attaque values ( 2,26 );
insert into monstropoche_attaque values ( 3,11 );
insert into monstropoche_attaque values ( 4,1 );
insert into monstropoche_attaque values ( 5,22 );
insert into monstropoche_attaque values ( 6,4 );
insert into monstropoche_attaque values ( 7,8 );
insert into monstropoche_attaque values ( 8,19 );
insert into monstropoche_attaque values ( 9,4 );
insert into monstropoche_attaque values ( 10,24 );
insert into monstropoche_attaque values ( 11,9 );
insert into monstropoche_attaque values ( 12,8 );
insert into monstropoche_attaque values ( 13,3 );
insert into monstropoche_attaque values ( 14,20 );
insert into monstropoche_attaque values ( 15,3 );
insert into monstropoche_attaque values ( 16,23 );
insert into monstropoche_attaque values ( 17,11 );
insert into monstropoche_attaque values ( 18,22 );
insert into monstropoche_attaque values ( 19,6 );
insert into monstropoche_attaque values ( 20,2 );
insert into monstropoche_attaque values ( 21,25 );
insert into monstropoche_attaque values ( 22,10 );
insert into monstropoche_attaque values ( 23,3 );
insert into monstropoche_attaque values ( 24,10 );
insert into monstropoche_attaque values ( 25,8 );
insert into monstropoche_attaque values ( 26,4 );
insert into monstropoche_attaque values ( 27,11 );
insert into monstropoche_attaque values ( 28,9 );
insert into monstropoche_attaque values ( 29,1 );
insert into monstropoche_attaque values ( 30,11 );
insert into monstropoche_attaque values ( 31,25 );
insert into monstropoche_attaque values ( 32,13 );
insert into monstropoche_attaque values ( 33,11 );
insert into monstropoche_attaque values ( 34,21 );
insert into monstropoche_attaque values ( 35,16 );
insert into monstropoche_attaque values ( 36,9 );
insert into monstropoche_attaque values ( 37,0 );
insert into monstropoche_attaque values ( 38,0 );
insert into monstropoche_attaque values ( 39,20 );
insert into monstropoche_attaque values ( 40,23 );
insert into monstropoche_attaque values ( 41,22 );
insert into monstropoche_attaque values ( 42,2 );
insert into monstropoche_attaque values ( 43,1 );
insert into monstropoche_attaque values ( 44,19 );
insert into monstropoche_attaque values ( 45,13 );
insert into monstropoche_attaque values ( 46,24 );
insert into monstropoche_attaque values ( 47,14 );
insert into monstropoche_attaque values ( 48,25 );
insert into monstropoche_attaque values ( 49,6 );
insert into monstropoche_attaque values ( 50,18 );
insert into monstropoche_attaque values ( 51,12 );
insert into monstropoche_attaque values ( 52,4 );
insert into monstropoche_attaque values ( 53,23 );
insert into monstropoche_attaque values ( 54,1 );
insert into monstropoche_attaque values ( 55,28 );
insert into monstropoche_attaque values ( 56,21 );
insert into monstropoche_attaque values ( 57,26 );
insert into monstropoche_attaque values ( 58,4 );
insert into monstropoche_attaque values ( 59,22 );
insert into monstropoche_attaque values ( 60,28 );
insert into monstropoche_attaque values ( 61,10 );
insert into monstropoche_attaque values ( 62,16 );
insert into monstropoche_attaque values ( 63,3 );
insert into monstropoche_attaque values ( 64,12 );
insert into monstropoche_attaque values ( 65,2 );
insert into monstropoche_attaque values ( 66,27 );
insert into monstropoche_attaque values ( 67,28 );
insert into monstropoche_attaque values ( 68,23 );
insert into monstropoche_attaque values ( 69,13 );
insert into monstropoche_attaque values ( 70,6 );
insert into monstropoche_attaque values ( 71,12 );
insert into monstropoche_attaque values ( 72,13 );
insert into monstropoche_attaque values ( 73,6 );
insert into monstropoche_attaque values ( 74,28 );
insert into monstropoche_attaque values ( 75,21 );
insert into monstropoche_attaque values ( 76,7 );
insert into monstropoche_attaque values ( 77,5 );
insert into monstropoche_attaque values ( 78,24 );
insert into monstropoche_attaque values ( 79,19 );
insert into monstropoche_attaque values ( 80,24 );
insert into monstropoche_attaque values ( 81,6 );
insert into monstropoche_attaque values ( 82,25 );
insert into monstropoche_attaque values ( 83,18 );
insert into monstropoche_attaque values ( 84,14 );
insert into monstropoche_attaque values ( 85,22 );
insert into monstropoche_attaque values ( 86,5 );
insert into monstropoche_attaque values ( 87,2 );
insert into monstropoche_attaque values ( 88,23 );
insert into monstropoche_attaque values ( 89,16 );
insert into monstropoche_attaque values ( 90,14 );
insert into monstropoche_attaque values ( 91,24 );
insert into monstropoche_attaque values ( 92,10 );
insert into monstropoche_attaque values ( 93,25 );
insert into monstropoche_attaque values ( 94,2 );
insert into monstropoche_attaque values ( 95,6 );
insert into monstropoche_attaque values ( 96,25 );
insert into monstropoche_attaque values ( 97,26 );
insert into monstropoche_attaque values ( 98,2 );
insert into monstropoche_attaque values ( 99,22 );
insert into monstropoche_attaque values ( 79,0 );
insert into monstropoche_attaque values ( 81,1 );
insert into monstropoche_attaque values ( 51,2 );
insert into monstropoche_attaque values ( 30,3 );
insert into monstropoche_attaque values ( 5,4 );
insert into monstropoche_attaque values ( 97,5 );
insert into monstropoche_attaque values ( 6,6 );
insert into monstropoche_attaque values ( 91,7 );
insert into monstropoche_attaque values ( 72,8 );
insert into monstropoche_attaque values ( 42,9 );
insert into monstropoche_attaque values ( 84,10 );
insert into monstropoche_attaque values ( 63,11 );
insert into monstropoche_attaque values ( 52,12 );
insert into monstropoche_attaque values ( 64,13 );
insert into monstropoche_attaque values ( 44,14 );
insert into monstropoche_attaque values ( 0,15 );
insert into monstropoche_attaque values ( 59,17 );
insert into monstropoche_attaque values ( 75,18 );
insert into monstropoche_attaque values ( 37,19 );
insert into monstropoche_attaque values ( 65,20 );
insert into monstropoche_attaque values ( 61,21 );
insert into monstropoche_attaque values ( 0,22 );
insert into monstropoche_attaque values ( 78,23 );
insert into monstropoche_attaque values ( 18,25 );
insert into monstropoche_attaque values ( 40,26 );
insert into monstropoche_attaque values ( 61,27 );
insert into monstropoche_attaque values ( 34,28 );
