drop table monstropoche_attaque;
drop table espece_zone;
drop table espece_type;
drop table objet_zone;
drop table monstropoche;
drop table espece;
drop table etat;
drop table genre;
drop table objet;
drop table zone;
drop table attaque;
drop table type;
drop table proprietaire;

create table proprietaire (id int not null, nom varchar(255) not null, primary key(id));
create table type (id int not null, nom varchar(255) not null, primary key(id));
create table attaque (id int not null, type_id int not null, nom varchar(255) not null, puissance int not null, perequis int not null, precizion int not null, constraint fk_attaque_type foreign key (type_id) references type(id), primary key(id));
create table zone (id int not null, nom varchar(255) not null, primary key(id));
create table objet (id int not null, nom varchar(255) not null, est_unique number(1) not null, est_defensif number(1), est_offensif number(1), primary key(id));
create table genre (id int not null, femelle number(1) not null, male number(1) not null, primary key(id));
create table etat (id int not null, nom varchar(255) not null, primary key(id));
create table espece (id int not null, objet_id int, source_id int, nom varchar(255) not null, constraint fk_espece_objet foreign key (objet_id) references objet(id), constraint fk_espece_espece foreign key (source_id) references espece(id), primary key(id));
create table monstropoche (id int not null, surnom varchar(255) not null, proprietaire_id int, genre_id int not null, etat_id int not null, objet_id int, espece_id int not null, pv int not null, pe int not null, pv_actuel int not null, constraint fk_monstropoche_proprietaire foreign key (proprietaire_id) references proprietaire(id), constraint fk_monstropoche_genre foreign key (genre_id) references genre(id), constraint fk_monstropoche_etat foreign key (etat_id) references etat(id), constraint fk_monstropoche_objet foreign key (objet_id) references objet(id), constraint fk_monstropoche_espece foreign key (espece_id) references espece(id), primary key(id));
create table objet_zone (objet_id int not null, zone_id int not null, constraint fk_objet_zone_objet foreign key (objet_id) references objet(id), constraint fk_objet_zone_zone foreign key (zone_id) references zone(id), primary key(objet_id, zone_id));
create table espece_type (espece_id int not null, type_id int not null, constraint fk_espece_type_espece foreign key (espece_id) references espece(id), constraint fk_espece_type_type foreign key (type_id) references type(id), primary key(espece_id, type_id));
create table espece_zone (espece_id int not null, zone_id int not null, constraint fk_espece_zone_espece foreign key (espece_id) references espece(id), constraint fk_espece_zone_zone foreign key (zone_id) references zone(id), primary key(espece_id, zone_id));
create table monstropoche_attaque (monstropoche_id int not null, attaque_id int not null, constraint fk_monstropoche_attaque_m foreign key (monstropoche_id) references monstropoche(id), constraint fk_monstropoche_attaque_a foreign key (attaque_id) references attaque(id), primary key(monstropoche_id, attaque_id));

delete from monstropoche_attaque;
delete from espece_zone;
delete from espece_type;
delete from objet_zone;
delete from monstropoche;
delete from espece;
delete from etat;
delete from type;
delete from genre;
delete from objet;
delete from attaque;
delete from zone;
delete from proprietaire;

insert into proprietaire values ( 0,'Prof Maëlys Girard' );
insert into proprietaire values ( 1,'Emilie Laurent' );
insert into proprietaire values ( 2,'Louise Andre' );
insert into proprietaire values ( 3,'Léo Arnaud' );
insert into proprietaire values ( 4,'Baptiste Huet' );
insert into proprietaire values ( 5,'Mme Julien Legrand' );
insert into proprietaire values ( 6,'Clara Vasseur' );
insert into proprietaire values ( 7,'Sacha Dumont' );
insert into proprietaire values ( 8,'Mael Pons' );
insert into proprietaire values ( 9,'Lena Dupuis PhD' );
insert into proprietaire values ( 10,'Mathéo Masson MD' );
insert into proprietaire values ( 11,'Emilie Martin' );
insert into proprietaire values ( 12,'Mme Nicolas Bernard' );
insert into proprietaire values ( 13,'Louis Clement' );
insert into proprietaire values ( 14,'Tom Baron' );
insert into proprietaire values ( 15,'Prof Léa Nicolas' );
insert into proprietaire values ( 16,'Maxence Roche' );
insert into proprietaire values ( 17,'Mohamed Leclerc' );
insert into proprietaire values ( 18,'Rayan Remy' );
insert into proprietaire values ( 19,'Romane Girard' );
insert into proprietaire values ( 20,'Romain Charpentier II' );
insert into proprietaire values ( 21,'Anaïs Rousseau' );
insert into proprietaire values ( 22,'Valentin Le gall Jr.' );
insert into proprietaire values ( 23,'Noah Pons' );
insert into proprietaire values ( 24,'Clara Schmitt' );
insert into proprietaire values ( 25,'Rayan Giraud' );
insert into proprietaire values ( 26,'Louna Bertrand' );
insert into proprietaire values ( 27,'Pierre Hubert' );
insert into proprietaire values ( 28,'Mohamed Renault' );
insert into proprietaire values ( 29,'Evan Rolland' );
insert into proprietaire values ( 30,'Jules Guillot' );
insert into proprietaire values ( 31,'Benjamin Roger' );
insert into proprietaire values ( 32,'Léa Simon' );
insert into proprietaire values ( 33,'Ines Dupuis' );
insert into proprietaire values ( 34,'Raphaël Meunier' );
insert into proprietaire values ( 35,'Prof Adrien Noel' );
insert into proprietaire values ( 36,'Maëlys Masson' );
insert into proprietaire values ( 37,'Rayan Collet' );
insert into proprietaire values ( 38,'M Mohamed Roche' );
insert into proprietaire values ( 39,'Maxime Colin' );
insert into proprietaire values ( 40,'Chloé Collet' );
insert into proprietaire values ( 41,'Eva Lacroix' );
insert into proprietaire values ( 42,'Juliette Aubry' );
insert into proprietaire values ( 43,'Noah Collet' );
insert into proprietaire values ( 44,'Noémie Rodriguez II' );
insert into proprietaire values ( 45,'Lou Martinez' );
insert into proprietaire values ( 46,'Alicia Garcia' );
insert into proprietaire values ( 47,'Léa Caron' );
insert into proprietaire values ( 48,'Ambre Riviere' );
insert into proprietaire values ( 49,'Prof Louna Breton' );
insert into proprietaire values ( 50,'Julie Andre' );
insert into proprietaire values ( 51,'Clément Clement' );
insert into proprietaire values ( 52,'Maxence Lefebvre' );
insert into proprietaire values ( 53,'Camille Guerin' );
insert into proprietaire values ( 54,'Mael Colin' );
insert into proprietaire values ( 55,'Louis Rey' );
insert into proprietaire values ( 56,'M Lilou Baron' );
insert into proprietaire values ( 57,'Lucas Moulin' );
insert into proprietaire values ( 58,'Mélissa Vidal DDS' );
insert into proprietaire values ( 59,'Océane Legrand II' );
insert into proprietaire values ( 60,'Clara Gautier Jr.' );
insert into proprietaire values ( 61,'Mathilde Clement' );
insert into proprietaire values ( 62,'Arthur Leroy' );
insert into proprietaire values ( 63,'Ines Leroy' );
insert into proprietaire values ( 64,'Adrien Marty' );
insert into proprietaire values ( 65,'M Arthur Dupuy' );
insert into proprietaire values ( 66,'Ines Guillot' );
insert into proprietaire values ( 67,'Adam Martinez' );
insert into proprietaire values ( 68,'Maxime Deschamps' );
insert into proprietaire values ( 69,'Anaïs Gonzalez DDS' );
insert into proprietaire values ( 70,'Eva Paris' );
insert into proprietaire values ( 71,'Maeva Deschamps I' );
insert into proprietaire values ( 72,'Nathan Aubert' );
insert into proprietaire values ( 73,'Mathilde Durand' );
insert into proprietaire values ( 74,'Alexis Paris' );
insert into proprietaire values ( 75,'Ines Roche' );
insert into proprietaire values ( 76,'Lilou Leroy' );
insert into proprietaire values ( 77,'Hugo Guyot' );
insert into proprietaire values ( 78,'Thomas Riviere DDS' );
insert into proprietaire values ( 79,'Lucie Lambert' );
insert into proprietaire values ( 80,'Raphaël Dupuy' );
insert into proprietaire values ( 81,'Adam Renard' );
insert into proprietaire values ( 82,'Chloé Marie' );
insert into proprietaire values ( 83,'Kylian Carre' );
insert into proprietaire values ( 84,'Lucas Vidal' );
insert into proprietaire values ( 85,'Dr Marie Clement' );
insert into proprietaire values ( 86,'Julien Rey' );
insert into proprietaire values ( 87,'Dr Justine Royer' );
insert into proprietaire values ( 88,'Noah Chevalier' );
insert into proprietaire values ( 89,'Paul Laurent' );
insert into proprietaire values ( 90,'Lisa Moulin Sr.' );
insert into proprietaire values ( 91,'Camille Vidal' );
insert into proprietaire values ( 92,'Benjamin Julien' );
insert into proprietaire values ( 93,'Victor Le gall' );
insert into proprietaire values ( 94,'Hugo Lecomte' );
insert into proprietaire values ( 95,'Arthur Mathieu' );
insert into proprietaire values ( 96,'Pauline Francois' );
insert into proprietaire values ( 97,'Léo Garnier' );
insert into proprietaire values ( 98,'Romain Cousin' );
insert into proprietaire values ( 99,'Evan Gautier' );
insert into type values ( 0,'Glace' );
insert into type values ( 1,'Dragon' );
insert into type values ( 2,'Sol' );
insert into type values ( 3,'Plante' );
insert into type values ( 4,'Feu' );
insert into type values ( 5,'Eau' );
insert into type values ( 6,'Électrique' );
insert into type values ( 7,'Psy' );
insert into type values ( 8,'Spectre' );
insert into type values ( 9,'Ténèbre' );
insert into type values ( 10,'Fée' );
insert into type values ( 11,'Acier' );
insert into type values ( 12,'Poison' );
insert into type values ( 13,'Roche' );
insert into type values ( 14,'Combat' );
insert into type values ( 15,'Insecte' );
insert into type values ( 16,'Normal' );
insert into attaque values ( 0,5,'Triplattaque',1,47,13 );
insert into attaque values ( 1,0,'Escalade',110,37,73 );
insert into attaque values ( 2,16,'Morphing',18,57,0 );
insert into attaque values ( 3,15,'Vœu',62,64,12 );
insert into attaque values ( 4,14,'Grobisou',18,100,21 );
insert into attaque values ( 5,1,'Pilonnage',207,50,90 );
insert into attaque values ( 6,11,'Recyclage',141,31,23 );
insert into attaque values ( 7,14,'Regard Médusant',183,98,100 );
insert into attaque values ( 8,15,'E-Coque',108,26,100 );
insert into attaque values ( 9,12,'Constriction',10,65,87 );
insert into attaque values ( 10,8,'Picanon',240,45,94 );
insert into attaque values ( 11,11,'Uppercut',105,43,0 );
insert into attaque values ( 12,0,'Coup de Main',50,15,4 );
insert into attaque values ( 13,6,'Flash',40,21,32 );
insert into attaque values ( 14,6,'Conversion',90,83,38 );
insert into attaque values ( 15,13,'Affûtage',203,15,77 );
insert into attaque values ( 16,8,'Croc de Mort',33,0,82 );
insert into attaque values ( 17,14,'Par Ici',126,98,42 );
insert into attaque values ( 18,16,'Attrition',12,45,85 );
insert into attaque values ( 19,4,'Force-Nature',110,76,9 );
insert into attaque values ( 20,2,'Combo-Griffe',230,25,80 );
insert into attaque values ( 21,11,'Explosion',32,52,32 );
insert into attaque values ( 22,2,'Trempette',30,42,55 );
insert into attaque values ( 23,5,'Exuviation',16,19,2 );
insert into attaque values ( 24,15,'CoudKrâne',232,95,41 );
insert into attaque values ( 25,15,'Météores',10,54,73 );
insert into attaque values ( 26,11,'Relais',145,75,89 );
insert into attaque values ( 27,9,'Rengorgement',237,33,70 );
insert into attaque values ( 28,10,'BoulArmure',210,63,91 );
insert into zone values ( 0,'Afghanistan' );
insert into zone values ( 1,'Montenegro' );
insert into zone values ( 2,'Japan' );
insert into zone values ( 3,'Venezuela' );
insert into zone values ( 4,'Senegal' );
insert into zone values ( 5,'Antarctica (the territory South of 60 deg S)' );
insert into zone values ( 6,'Eritrea' );
insert into zone values ( 7,'Nigeria' );
insert into zone values ( 8,'Colombia' );
insert into zone values ( 9,'Botswana' );
insert into zone values ( 10,'Hong Kong' );
insert into zone values ( 11,'Iceland' );
insert into zone values ( 12,'Qatar' );
insert into zone values ( 13,'Mauritania' );
insert into zone values ( 14,'Madagascar' );
insert into zone values ( 15,'Netherlands' );
insert into zone values ( 16,'Uzbekistan' );
insert into zone values ( 17,'Belarus' );
insert into zone values ( 18,'Cyprus' );
insert into zone values ( 19,'Ecuador' );
insert into zone values ( 20,'Australia' );
insert into zone values ( 21,'Mozambique' );
insert into zone values ( 22,'Timor-Leste' );
insert into zone values ( 23,'Gambia' );
insert into zone values ( 24,'Saint Kitts and Nevis' );
insert into zone values ( 25,'Rwanda' );
insert into zone values ( 26,'Suriname' );
insert into zone values ( 27,'Anguilla' );
insert into zone values ( 28,'Kenya' );
insert into zone values ( 29,'Malawi' );
insert into zone values ( 30,'Micronesia' );
insert into zone values ( 31,'Vietnam' );
insert into zone values ( 32,'El Salvador' );
insert into zone values ( 33,'French Southern Territories' );
insert into zone values ( 34,'Solomon Islands' );
insert into zone values ( 35,'Ethiopia' );
insert into zone values ( 36,'Virgin Islands, British' );
insert into zone values ( 37,'Equatorial Guinea' );
insert into zone values ( 38,'Libyan Arab Jamahiriya' );
insert into zone values ( 39,'Saint Pierre and Miquelon' );
insert into zone values ( 40,'Saudi Arabia' );
insert into zone values ( 41,'Faroe Islands' );
insert into zone values ( 42,'Central African Republic' );
insert into zone values ( 43,'Liechtenstein' );
insert into zone values ( 44,'Panama' );
insert into zone values ( 45,'Holy See (Vatican City State)' );
insert into zone values ( 46,'Antigua and Barbuda' );
insert into zone values ( 47,'South Africa' );
insert into zone values ( 48,'Malaysia' );
insert into zone values ( 49,'Nepal' );
insert into zone values ( 50,'Oman' );
insert into zone values ( 51,'Iraq' );
insert into zone values ( 52,'Macao' );
insert into zone values ( 53,'Egypt' );
insert into zone values ( 54,'Heard Island and McDonald Islands' );
insert into zone values ( 55,'British Indian Ocean Territory (Chagos Archipelago)' );
insert into zone values ( 56,'Togo' );
insert into zone values ( 57,'Mauritius' );
insert into zone values ( 58,'Myanmar' );
insert into zone values ( 59,'Uganda' );
insert into zone values ( 60,'Ukraine' );
insert into zone values ( 61,'Ireland' );
insert into zone values ( 62,'French Guiana' );
insert into zone values ( 63,'Somalia' );
insert into zone values ( 64,'Netherlands Antilles' );
insert into zone values ( 65,'Ghana' );
insert into zone values ( 66,'Hungary' );
insert into zone values ( 67,'China' );
insert into zone values ( 68,'Pakistan' );
insert into zone values ( 69,'Luxembourg' );
insert into zone values ( 70,'Algeria' );
insert into zone values ( 71,'Taiwan' );
insert into zone values ( 72,'Lesotho' );
insert into zone values ( 73,'Morocco' );
insert into zone values ( 74,'Republic of Korea' );
insert into zone values ( 75,'United States of America' );
insert into zone values ( 76,'Maldives' );
insert into zone values ( 77,'Czech Republic' );
insert into zone values ( 78,'Guatemala' );
insert into zone values ( 79,'Tunisia' );
insert into zone values ( 80,'Marshall Islands' );
insert into zone values ( 81,'Northern Mariana Islands' );
insert into zone values ( 82,'Seychelles' );
insert into zone values ( 83,'Angola' );
insert into zone values ( 84,'Lebanon' );
insert into zone values ( 85,'Sudan' );
insert into zone values ( 86,'Israel' );
insert into objet values ( 0,'Défense +',0,0,1 );
insert into objet values ( 1,'Muscle +',0,1,1 );
insert into objet values ( 2,'Défense Spéc',1,0,0 );
insert into objet values ( 3,'Déf. Spé. +',1,0,1 );
insert into objet values ( 4,'Attaque +',1,1,1 );
insert into objet values ( 5,'Spécial +',0,1,0 );
insert into objet values ( 6,'Précision +',0,1,0 );
insert into objet values ( 7,'Vitesse +',0,1,0 );
insert into objet values ( 8,'Baie Tamato',0,1,0 );
insert into objet values ( 9,'Baie Résin',1,0,0 );
insert into objet values ( 10,'Baie Lonme',1,0,1 );
insert into objet values ( 11,'Baie Qualot',0,0,0 );
insert into objet values ( 12,'Baie Alga',1,1,0 );
insert into objet values ( 13,'Baie Grena',0,1,0 );
insert into objet values ( 14,'Baie Mepo',0,1,0 );
insert into objet values ( 15,'Baie Willia',0,1,0 );
insert into objet values ( 16,'Baie Fraive',0,0,1 );
insert into objet values ( 17,'Baie Pêcha',1,0,0 );
insert into objet values ( 18,'Baie Maron',1,1,1 );
insert into objet values ( 19,'Baie Oran',1,1,1 );
insert into genre values ( 0,0,0 );
insert into genre values ( 1,0,1 );
insert into genre values ( 2,1,1 );
insert into genre values ( 3,1,0 );
insert into etat values ( 0,'Mission' );
insert into etat values ( 1,'Repos' );
insert into etat values ( 2,'Reproduction' );
insert into espece values ( 0,3,null,'Bulbizarre' );
insert into espece values ( 1,13,null,'Chenipan' );
insert into espece values ( 2,3,null,'Voltorbe' );
insert into espece values ( 3,17,null,'Électrode' );
insert into espece values ( 4,6,null,'Nœunœuf' );
insert into espece values ( 5,null,null,'Noadkoko' );
insert into espece values ( 6,0,null,'Osselait' );
insert into espece values ( 7,19,null,'Ossatueur' );
insert into espece values ( 8,null,null,'Kicklee' );
insert into espece values ( 9,17,null,'Tygnon' );
insert into espece values ( 10,6,null,'Excelangue' );
insert into espece values ( 11,14,3,'Smogo' );
insert into espece values ( 12,4,null,'Chrysacier' );
insert into espece values ( 13,11,null,'Smogogo' );
insert into espece values ( 14,null,2,'Rhinocorne' );
insert into espece values ( 15,10,null,'Rhinoféros' );
insert into espece values ( 16,null,null,'Leveinard' );
insert into espece values ( 17,null,7,'Saquedeneu' );
insert into espece values ( 18,null,12,'Kangourex' );
insert into espece values ( 19,null,null,'Hypotrempe' );
insert into espece values ( 20,null,14,'Hypocéan' );
insert into espece values ( 21,5,null,'Poissirène' );
insert into espece values ( 22,null,null,'Poissoroy' );
insert into espece values ( 23,null,13,'Papilusion' );
insert into espece values ( 24,15,null,'Stari' );
insert into espece values ( 25,19,null,'Staross' );
insert into espece values ( 26,null,null,'M.Mime' );
insert into espece values ( 27,null,null,'Insécateur' );
insert into espece values ( 28,16,null,'Lippoutou' );
insert into espece values ( 29,2,null,'Élektek' );
insert into espece values ( 30,null,null,'Magmar' );
insert into espece values ( 31,null,null,'Scarabrute' );
insert into espece values ( 32,9,null,'Tauros' );
insert into espece values ( 33,2,null,'Magicarpe' );
insert into espece values ( 34,3,null,'Aspicot' );
insert into espece values ( 35,null,20,'Léviator' );
insert into espece values ( 36,null,null,'Lokhlass' );
insert into espece values ( 37,null,null,'Métamorph' );
insert into espece values ( 38,null,null,'Évoli' );
insert into espece values ( 39,0,33,'Aquali' );
insert into espece values ( 40,13,null,'Voltali' );
insert into espece values ( 41,13,24,'Pyroli' );
insert into espece values ( 42,null,null,'Porygon' );
insert into espece values ( 43,13,null,'Amonita' );
insert into espece values ( 44,10,null,'Amonistar' );
insert into espece values ( 45,4,null,'Coconfort' );
insert into espece values ( 46,15,null,'Kabuto' );
insert into espece values ( 47,null,null,'Kabutops' );
insert into espece values ( 48,null,null,'Ptéra' );
insert into espece values ( 49,1,40,'Ronflex' );
insert into espece values ( 50,14,null,'Artikodin' );
insert into espece values ( 51,7,null,'Électhor' );
insert into espece values ( 52,0,null,'Sulfura' );
insert into espece values ( 53,null,null,'Minidraco' );
insert into espece values ( 54,3,null,'Draco' );
insert into espece values ( 55,1,null,'Dracolosse' );
insert into espece values ( 56,1,null,'Dardargnan' );
insert into espece values ( 57,null,null,'Mewtwo' );
insert into espece values ( 58,null,null,'Mew' );
insert into espece values ( 59,16,null,'Roucool' );
insert into espece values ( 60,7,null,'Roucoups' );
insert into espece values ( 61,18,null,'Roucarnage' );
insert into espece values ( 62,null,null,'Rattata' );
insert into espece values ( 63,1,null,'Herbizarre' );
insert into espece values ( 64,11,null,'Rattatac' );
insert into espece values ( 65,5,null,'Piafabec' );
insert into espece values ( 66,17,null,'Rapasdepic' );
insert into espece values ( 67,null,null,'Abo' );
insert into espece values ( 68,9,null,'Arbok' );
insert into espece values ( 69,16,null,'Pikachu' );
insert into espece values ( 70,null,51,'Raichu' );
insert into espece values ( 71,null,9,'Sabelette' );
insert into espece values ( 72,18,null,'Sablaireau' );
insert into espece values ( 73,null,29,'Nidoran♀' );
insert into espece values ( 74,null,null,'Florizarre' );
insert into espece values ( 75,19,null,'Nidorina' );
insert into espece values ( 76,null,null,'Nidoqueen' );
insert into espece values ( 77,null,null,'Nidoran♂' );
insert into espece values ( 78,5,null,'Nidorino' );
insert into espece values ( 79,null,null,'Nidoking' );
insert into espece values ( 80,null,null,'Mélofée' );
insert into espece values ( 81,19,null,'Mélodelfe' );
insert into espece values ( 82,null,null,'Feunard' );
insert into espece values ( 83,null,null,'Rondoudou' );
insert into espece values ( 84,null,null,'Salamèche' );
insert into espece values ( 85,null,null,'Grodoudou' );
insert into espece values ( 86,8,null,'Nosferapti' );
insert into espece values ( 87,null,null,'Nosferalto' );
insert into espece values ( 88,12,null,'Mystherbe' );
insert into espece values ( 89,7,null,'Ortide' );
insert into espece values ( 90,null,null,'Rafflesia' );
insert into espece values ( 91,null,null,'Paras' );
insert into espece values ( 92,null,85,'Parasect' );
insert into espece values ( 93,15,24,'Mimitoss' );
insert into espece values ( 94,3,null,'Aéromite' );
insert into espece values ( 95,null,null,'Reptincel' );
insert into espece values ( 96,7,94,'Taupiqueur' );
insert into espece values ( 97,null,null,'Triopikeur' );
insert into espece values ( 98,4,null,'Miaouss' );
insert into espece values ( 99,null,null,'Persian' );
insert into espece values ( 100,null,null,'Psykokwak' );
insert into espece values ( 101,null,null,'Akwakwak' );
insert into espece values ( 102,null,null,'Férosinge' );
insert into espece values ( 103,8,null,'Colossinge' );
insert into espece values ( 104,null,null,'Caninos' );
insert into espece values ( 105,null,null,'Arcanin' );
insert into espece values ( 106,2,null,'Dracaufeu' );
insert into espece values ( 107,null,null,'Ptitard' );
insert into espece values ( 108,null,null,'Têtarte' );
insert into espece values ( 109,8,null,'Tartard' );
insert into espece values ( 110,null,null,'Abra' );
insert into espece values ( 111,8,null,'Kadabra' );
insert into espece values ( 112,10,null,'Alakazam' );
insert into espece values ( 113,13,null,'Machoc' );
insert into espece values ( 114,16,null,'Machopeur' );
insert into espece values ( 115,null,null,'Mackogneur' );
insert into espece values ( 116,10,null,'Chétiflor' );
insert into espece values ( 117,10,null,'Carapuce' );
insert into espece values ( 118,null,null,'Boustiflor' );
insert into espece values ( 119,5,null,'Empiflor' );
insert into espece values ( 120,17,null,'Tentacool' );
insert into espece values ( 121,17,null,'Tentacruel' );
insert into espece values ( 122,null,null,'Racaillou' );
insert into espece values ( 123,10,null,'Gravalanch' );
insert into espece values ( 124,7,null,'Grolem' );
insert into espece values ( 125,null,null,'Ponyta' );
insert into espece values ( 126,7,null,'Galopa' );
insert into espece values ( 127,null,null,'Carabaffe' );
insert into espece values ( 128,null,null,'Flagadoss' );
insert into espece values ( 129,null,null,'Magnéton' );
insert into espece values ( 130,null,null,'Canarticho' );
insert into espece values ( 131,8,null,'Dodrio' );
insert into espece values ( 132,null,null,'Otaria' );
insert into espece values ( 133,null,null,'Tadmorv' );
insert into espece values ( 134,5,null,'Grotadmorv' );
insert into espece values ( 135,null,124,'Kokiyas' );
insert into espece values ( 136,18,115,'Crustabri' );
insert into espece values ( 137,null,null,'Spectrum' );
insert into espece values ( 138,16,null,'Ectoplasma' );
insert into espece values ( 139,null,null,'Soporifik' );
insert into espece values ( 140,0,null,'Hypnomade' );
insert into espece values ( 141,16,84,'Krabboss' );
insert into monstropoche values ( 0,'Kiarra98',69,0,0,1,55,89,41,26 );
insert into monstropoche values ( 1,'Renee50',12,3,1,9,124,98,10,9 );
insert into monstropoche values ( 2,'Torrance_Lindgren10',95,0,1,15,8,90,50,71 );
insert into monstropoche values ( 3,'Paxton_Rath47',null,3,0,17,130,2,7,2 );
insert into monstropoche values ( 4,'Mitchell53',7,1,2,13,24,71,65,65 );
insert into monstropoche values ( 5,'Ian.Grimes',null,3,0,16,74,70,89,66 );
insert into monstropoche values ( 6,'Jarod_Brakus56',null,1,1,14,45,64,87,47 );
insert into monstropoche values ( 7,'Amparo_Stark85',null,3,1,8,121,28,65,4 );
insert into monstropoche values ( 8,'Leone46',27,0,0,1,49,82,26,62 );
insert into monstropoche values ( 9,'Emma.Shields2',46,0,2,15,0,31,64,9 );
insert into monstropoche values ( 10,'Cristian57',10,3,0,16,105,62,78,7 );
insert into monstropoche values ( 11,'Cameron68',34,1,2,17,35,70,7,52 );
insert into monstropoche values ( 12,'Shyann_Fay',52,3,1,3,35,87,87,80 );
insert into monstropoche values ( 13,'Ethan.Labadie',null,0,1,0,133,1,53,1 );
insert into monstropoche values ( 14,'Pink_Volkman',null,3,1,18,56,100,50,99 );
insert into monstropoche values ( 15,'Cleta20',null,1,2,17,46,95,86,12 );
insert into monstropoche values ( 16,'Abe_Stanton65',null,2,0,7,20,29,41,28 );
insert into monstropoche values ( 17,'Chelsie96',35,3,2,5,65,23,13,18 );
insert into monstropoche values ( 18,'Bert.Ritchie53',50,1,0,16,44,74,99,22 );
insert into monstropoche values ( 19,'Marjolaine93',null,0,2,1,75,70,18,69 );
insert into monstropoche values ( 20,'Esmeralda10',83,2,0,17,132,58,36,47 );
insert into monstropoche values ( 21,'Eldon79',null,1,0,15,83,10,24,2 );
insert into monstropoche values ( 22,'Delbert85',null,0,0,18,83,87,8,85 );
insert into monstropoche values ( 23,'Ian.Dietrich75',null,0,2,8,53,49,19,24 );
insert into monstropoche values ( 24,'Micah86',null,2,2,16,6,67,6,21 );
insert into monstropoche values ( 25,'Celia_Homenick',13,1,1,7,5,17,0,15 );
insert into monstropoche values ( 26,'Dayton37',6,1,2,0,129,65,96,39 );
insert into monstropoche values ( 27,'Robert33',64,3,0,13,92,15,57,8 );
insert into monstropoche values ( 28,'Sherman.Kuhlman',null,3,2,12,43,33,31,13 );
insert into monstropoche values ( 29,'Vince_Heaney67',null,3,2,12,32,64,31,42 );
insert into monstropoche values ( 30,'Chasity.Friesen42',null,3,0,5,111,7,60,2 );
insert into monstropoche values ( 31,'Maximilian67',null,0,2,16,31,52,76,45 );
insert into monstropoche values ( 32,'Valentine.Langworth',null,0,2,12,0,66,34,14 );
insert into monstropoche values ( 33,'Marcia24',null,3,1,4,104,54,73,21 );
insert into monstropoche values ( 34,'Ocie14',53,2,2,17,87,26,66,9 );
insert into monstropoche values ( 35,'Izaiah50',33,2,1,2,49,15,24,12 );
insert into monstropoche values ( 36,'Lisandro91',null,1,2,9,96,72,46,16 );
insert into monstropoche values ( 37,'Isabel63',24,0,0,5,34,11,85,7 );
insert into monstropoche values ( 38,'Lina_Murazik',null,2,1,17,41,71,51,60 );
insert into monstropoche values ( 39,'Skyla15',null,1,2,19,50,81,21,37 );
insert into monstropoche values ( 40,'Loma_Nikolaus',null,3,1,19,39,90,27,55 );
insert into monstropoche values ( 41,'Ralph_Krajcik9',13,1,1,4,120,81,57,74 );
insert into monstropoche values ( 42,'Gaetano34',31,1,0,6,110,16,16,6 );
insert into monstropoche values ( 43,'Lane94',35,2,2,9,104,68,93,24 );
insert into monstropoche values ( 44,'Milo_Hauck',null,1,2,4,82,65,69,31 );
insert into monstropoche values ( 45,'Darrion_Gerhold',34,0,1,15,75,35,94,2 );
insert into monstropoche values ( 46,'Emery22',72,2,1,9,82,18,7,4 );
insert into monstropoche values ( 47,'Olaf.Bartell91',28,3,0,13,60,20,7,18 );
insert into monstropoche values ( 48,'Werner.Wunsch',null,0,2,11,108,21,56,3 );
insert into monstropoche values ( 49,'Dixie_Upton43',64,0,0,7,54,30,30,6 );
insert into monstropoche values ( 50,'Dexter55',null,2,2,13,120,32,15,5 );
insert into monstropoche values ( 51,'Fanny.Schulist38',null,0,1,18,60,20,19,15 );
insert into monstropoche values ( 52,'Ilene58',21,1,2,13,5,22,85,6 );
insert into monstropoche values ( 53,'Micheal.Schimmel',null,1,2,9,57,10,10,4 );
insert into monstropoche values ( 54,'Maud.Lesch87',46,2,0,7,22,87,13,87 );
insert into monstropoche values ( 55,'Cathrine.Kirlin52',null,0,2,5,3,31,84,16 );
insert into monstropoche values ( 56,'Kailey.Kutch',88,1,2,11,61,12,61,6 );
insert into monstropoche values ( 57,'Norval_Koelpin',0,2,2,16,16,12,57,0 );
insert into monstropoche values ( 58,'Jaden49',null,0,2,10,36,76,100,11 );
insert into monstropoche values ( 59,'Friedrich_Bashirian36',null,3,0,19,71,7,83,5 );
insert into monstropoche values ( 60,'Gunner79',3,1,0,0,127,39,68,4 );
insert into monstropoche values ( 61,'Noemy14',null,1,2,6,77,34,11,27 );
insert into monstropoche values ( 62,'Bernice22',null,3,2,19,85,33,37,5 );
insert into monstropoche values ( 63,'Oswaldo_Rolfson',null,0,2,14,92,40,9,38 );
insert into monstropoche values ( 64,'Karson98',71,3,1,1,3,93,93,47 );
insert into monstropoche values ( 65,'Nina56',null,2,0,6,85,5,100,5 );
insert into monstropoche values ( 66,'Marisa87',14,1,1,19,26,94,44,46 );
insert into monstropoche values ( 67,'Elmira.Paucek',60,1,2,17,56,89,74,27 );
insert into monstropoche values ( 68,'Adrienne_Jaskolski',6,2,2,18,12,65,71,5 );
insert into monstropoche values ( 69,'Alysson_Howe',21,3,1,12,103,82,0,4 );
insert into monstropoche values ( 70,'Garrett_VonRueden',null,2,2,4,33,80,22,74 );
insert into monstropoche values ( 71,'Art_Krajcik81',89,1,0,18,80,26,73,15 );
insert into monstropoche values ( 72,'Forrest_Runolfsson82',null,3,1,7,18,78,83,39 );
insert into monstropoche values ( 73,'Carlo_Jones',83,0,1,14,62,31,71,18 );
insert into monstropoche values ( 74,'Tyreek98',null,0,2,3,66,37,43,26 );
insert into monstropoche values ( 75,'Aaliyah_Bartell',37,1,1,0,117,53,37,23 );
insert into monstropoche values ( 76,'Jermain28',null,1,0,7,71,46,39,0 );
insert into monstropoche values ( 77,'Miguel74',41,0,0,14,121,1,83,0 );
insert into monstropoche values ( 78,'Gia_Turner51',57,2,1,8,98,21,10,2 );
insert into monstropoche values ( 79,'Golden_Howe41',null,0,0,0,133,96,63,11 );
insert into monstropoche values ( 80,'Raegan_Kuhn',null,0,1,16,110,38,92,22 );
insert into monstropoche values ( 81,'Amaya89',null,3,2,19,72,22,25,22 );
insert into monstropoche values ( 82,'Quinn_Ledner68',null,3,1,1,109,21,2,18 );
insert into monstropoche values ( 83,'Norris_Grant',null,3,0,5,76,41,5,22 );
insert into monstropoche values ( 84,'Lester79',null,0,2,4,87,49,87,8 );
insert into monstropoche values ( 85,'Lurline99',null,1,0,17,53,90,19,18 );
insert into monstropoche values ( 86,'Jed_Hilll19',65,0,1,7,33,76,46,72 );
insert into monstropoche values ( 87,'Sheridan5',37,0,0,14,109,75,59,58 );
insert into monstropoche values ( 88,'Deonte57',0,2,2,7,54,0,66,0 );
insert into monstropoche values ( 89,'Crystal.Kshlerin',null,3,1,7,74,63,15,11 );
insert into monstropoche values ( 90,'Sonya_Robel85',0,1,0,1,79,58,26,12 );
insert into monstropoche values ( 91,'Walker32',null,3,0,1,42,76,86,18 );
insert into monstropoche values ( 92,'Kaitlin_Kozey45',null,0,1,7,34,78,47,47 );
insert into monstropoche values ( 93,'Edwina.Nienow82',65,3,1,4,119,5,39,1 );
insert into monstropoche values ( 94,'April9',null,2,1,13,17,86,4,11 );
insert into monstropoche values ( 95,'Patrick71',null,3,0,17,55,66,48,54 );
insert into monstropoche values ( 96,'Preston_Harvey',null,0,2,2,120,52,44,13 );
insert into monstropoche values ( 97,'Johnpaul.Gutkowski97',40,1,2,16,130,29,12,3 );
insert into monstropoche values ( 98,'Adolph.Leffler51',99,2,1,5,72,68,79,28 );
insert into monstropoche values ( 99,'Victoria4',4,3,0,5,140,67,28,22 );
insert into objet_zone values ( 0,77 );
insert into objet_zone values ( 1,85 );
insert into objet_zone values ( 2,2 );
insert into objet_zone values ( 3,60 );
insert into objet_zone values ( 4,41 );
insert into objet_zone values ( 5,0 );
insert into objet_zone values ( 6,20 );
insert into objet_zone values ( 7,67 );
insert into objet_zone values ( 8,2 );
insert into objet_zone values ( 9,16 );
insert into objet_zone values ( 10,18 );
insert into objet_zone values ( 11,81 );
insert into objet_zone values ( 12,81 );
insert into objet_zone values ( 13,74 );
insert into objet_zone values ( 14,37 );
insert into objet_zone values ( 15,34 );
insert into objet_zone values ( 16,50 );
insert into objet_zone values ( 17,21 );
insert into objet_zone values ( 18,75 );
insert into objet_zone values ( 19,71 );
insert into objet_zone values ( 10,0 );
insert into objet_zone values ( 7,1 );
insert into objet_zone values ( 5,2 );
insert into objet_zone values ( 8,3 );
insert into objet_zone values ( 10,4 );
insert into objet_zone values ( 18,5 );
insert into objet_zone values ( 5,6 );
insert into objet_zone values ( 18,7 );
insert into objet_zone values ( 0,8 );
insert into objet_zone values ( 12,9 );
insert into objet_zone values ( 3,10 );
insert into objet_zone values ( 15,11 );
insert into objet_zone values ( 8,12 );
insert into objet_zone values ( 9,13 );
insert into objet_zone values ( 5,14 );
insert into objet_zone values ( 15,15 );
insert into objet_zone values ( 18,16 );
insert into objet_zone values ( 19,17 );
insert into objet_zone values ( 5,18 );
insert into objet_zone values ( 10,19 );
insert into objet_zone values ( 9,20 );
insert into objet_zone values ( 9,21 );
insert into objet_zone values ( 16,22 );
insert into objet_zone values ( 16,23 );
insert into objet_zone values ( 4,24 );
insert into objet_zone values ( 7,25 );
insert into objet_zone values ( 0,26 );
insert into objet_zone values ( 3,27 );
insert into objet_zone values ( 12,28 );
insert into objet_zone values ( 13,29 );
insert into objet_zone values ( 2,30 );
insert into objet_zone values ( 18,31 );
insert into objet_zone values ( 13,32 );
insert into objet_zone values ( 6,33 );
insert into objet_zone values ( 2,35 );
insert into objet_zone values ( 14,36 );
insert into objet_zone values ( 17,37 );
insert into objet_zone values ( 18,38 );
insert into objet_zone values ( 4,39 );
insert into objet_zone values ( 18,40 );
insert into objet_zone values ( 2,41 );
insert into objet_zone values ( 0,42 );
insert into objet_zone values ( 15,43 );
insert into objet_zone values ( 3,44 );
insert into objet_zone values ( 16,45 );
insert into objet_zone values ( 6,46 );
insert into objet_zone values ( 5,47 );
insert into objet_zone values ( 4,48 );
insert into objet_zone values ( 16,49 );
insert into objet_zone values ( 6,50 );
insert into objet_zone values ( 1,51 );
insert into objet_zone values ( 16,52 );
insert into objet_zone values ( 3,53 );
insert into objet_zone values ( 5,54 );
insert into objet_zone values ( 3,55 );
insert into objet_zone values ( 12,56 );
insert into objet_zone values ( 3,57 );
insert into objet_zone values ( 1,58 );
insert into objet_zone values ( 17,59 );
insert into objet_zone values ( 2,60 );
insert into objet_zone values ( 8,61 );
insert into objet_zone values ( 8,62 );
insert into objet_zone values ( 1,63 );
insert into objet_zone values ( 17,64 );
insert into objet_zone values ( 1,65 );
insert into objet_zone values ( 8,66 );
insert into objet_zone values ( 15,67 );
insert into objet_zone values ( 18,68 );
insert into objet_zone values ( 16,69 );
insert into objet_zone values ( 5,70 );
insert into objet_zone values ( 10,71 );
insert into objet_zone values ( 11,72 );
insert into objet_zone values ( 13,73 );
insert into objet_zone values ( 7,74 );
insert into objet_zone values ( 10,75 );
insert into objet_zone values ( 18,76 );
insert into objet_zone values ( 2,77 );
insert into objet_zone values ( 12,78 );
insert into objet_zone values ( 0,79 );
insert into objet_zone values ( 6,80 );
insert into objet_zone values ( 19,82 );
insert into objet_zone values ( 16,83 );
insert into objet_zone values ( 14,84 );
insert into objet_zone values ( 11,85 );
insert into objet_zone values ( 11,86 );
insert into espece_type values ( 0,0 );
insert into espece_type values ( 1,2 );
insert into espece_type values ( 2,12 );
insert into espece_type values ( 3,16 );
insert into espece_type values ( 4,6 );
insert into espece_type values ( 5,8 );
insert into espece_type values ( 6,10 );
insert into espece_type values ( 7,4 );
insert into espece_type values ( 8,0 );
insert into espece_type values ( 9,1 );
insert into espece_type values ( 10,15 );
insert into espece_type values ( 11,10 );
insert into espece_type values ( 12,4 );
insert into espece_type values ( 13,3 );
insert into espece_type values ( 14,9 );
insert into espece_type values ( 15,8 );
insert into espece_type values ( 16,15 );
insert into espece_type values ( 17,9 );
insert into espece_type values ( 18,11 );
insert into espece_type values ( 19,9 );
insert into espece_type values ( 20,15 );
insert into espece_type values ( 21,14 );
insert into espece_type values ( 22,2 );
insert into espece_type values ( 23,9 );
insert into espece_type values ( 24,1 );
insert into espece_type values ( 25,9 );
insert into espece_type values ( 26,8 );
insert into espece_type values ( 27,1 );
insert into espece_type values ( 28,10 );
insert into espece_type values ( 29,7 );
insert into espece_type values ( 30,1 );
insert into espece_type values ( 31,2 );
insert into espece_type values ( 32,15 );
insert into espece_type values ( 33,9 );
insert into espece_type values ( 34,13 );
insert into espece_type values ( 35,0 );
insert into espece_type values ( 36,12 );
insert into espece_type values ( 37,13 );
insert into espece_type values ( 38,1 );
insert into espece_type values ( 39,5 );
insert into espece_type values ( 40,9 );
insert into espece_type values ( 41,7 );
insert into espece_type values ( 42,0 );
insert into espece_type values ( 43,7 );
insert into espece_type values ( 44,16 );
insert into espece_type values ( 45,11 );
insert into espece_type values ( 46,12 );
insert into espece_type values ( 47,2 );
insert into espece_type values ( 48,0 );
insert into espece_type values ( 49,6 );
insert into espece_type values ( 50,4 );
insert into espece_type values ( 51,10 );
insert into espece_type values ( 52,1 );
insert into espece_type values ( 53,4 );
insert into espece_type values ( 54,5 );
insert into espece_type values ( 55,2 );
insert into espece_type values ( 56,12 );
insert into espece_type values ( 57,13 );
insert into espece_type values ( 58,15 );
insert into espece_type values ( 59,5 );
insert into espece_type values ( 60,14 );
insert into espece_type values ( 61,7 );
insert into espece_type values ( 62,0 );
insert into espece_type values ( 63,7 );
insert into espece_type values ( 64,14 );
insert into espece_type values ( 65,16 );
insert into espece_type values ( 66,0 );
insert into espece_type values ( 67,7 );
insert into espece_type values ( 68,13 );
insert into espece_type values ( 69,5 );
insert into espece_type values ( 70,3 );
insert into espece_type values ( 71,15 );
insert into espece_type values ( 72,3 );
insert into espece_type values ( 73,8 );
insert into espece_type values ( 74,4 );
insert into espece_type values ( 75,8 );
insert into espece_type values ( 76,5 );
insert into espece_type values ( 77,16 );
insert into espece_type values ( 78,2 );
insert into espece_type values ( 79,9 );
insert into espece_type values ( 80,5 );
insert into espece_type values ( 81,9 );
insert into espece_type values ( 82,7 );
insert into espece_type values ( 83,12 );
insert into espece_type values ( 84,8 );
insert into espece_type values ( 85,10 );
insert into espece_type values ( 86,6 );
insert into espece_type values ( 87,6 );
insert into espece_type values ( 88,0 );
insert into espece_type values ( 89,16 );
insert into espece_type values ( 90,2 );
insert into espece_type values ( 91,6 );
insert into espece_type values ( 92,12 );
insert into espece_type values ( 93,5 );
insert into espece_type values ( 94,10 );
insert into espece_type values ( 95,16 );
insert into espece_type values ( 96,13 );
insert into espece_type values ( 97,12 );
insert into espece_type values ( 98,4 );
insert into espece_type values ( 99,13 );
insert into espece_type values ( 100,8 );
insert into espece_type values ( 101,3 );
insert into espece_type values ( 102,15 );
insert into espece_type values ( 103,2 );
insert into espece_type values ( 104,2 );
insert into espece_type values ( 105,8 );
insert into espece_type values ( 106,8 );
insert into espece_type values ( 107,5 );
insert into espece_type values ( 108,4 );
insert into espece_type values ( 109,9 );
insert into espece_type values ( 110,13 );
insert into espece_type values ( 111,9 );
insert into espece_type values ( 112,4 );
insert into espece_type values ( 113,15 );
insert into espece_type values ( 114,16 );
insert into espece_type values ( 115,7 );
insert into espece_type values ( 116,7 );
insert into espece_type values ( 117,0 );
insert into espece_type values ( 118,4 );
insert into espece_type values ( 119,1 );
insert into espece_type values ( 120,2 );
insert into espece_type values ( 121,7 );
insert into espece_type values ( 122,5 );
insert into espece_type values ( 123,2 );
insert into espece_type values ( 124,14 );
insert into espece_type values ( 125,0 );
insert into espece_type values ( 126,11 );
insert into espece_type values ( 127,7 );
insert into espece_type values ( 128,14 );
insert into espece_type values ( 129,11 );
insert into espece_type values ( 130,0 );
insert into espece_type values ( 131,15 );
insert into espece_type values ( 132,1 );
insert into espece_type values ( 133,3 );
insert into espece_type values ( 134,16 );
insert into espece_type values ( 135,14 );
insert into espece_type values ( 136,1 );
insert into espece_type values ( 137,1 );
insert into espece_type values ( 138,12 );
insert into espece_type values ( 139,3 );
insert into espece_type values ( 140,8 );
insert into espece_type values ( 141,13 );
insert into espece_type values ( 16,0 );
insert into espece_type values ( 107,1 );
insert into espece_type values ( 11,2 );
insert into espece_type values ( 30,3 );
insert into espece_type values ( 101,4 );
insert into espece_type values ( 22,5 );
insert into espece_type values ( 88,6 );
insert into espece_type values ( 128,7 );
insert into espece_type values ( 128,8 );
insert into espece_type values ( 35,9 );
insert into espece_type values ( 83,10 );
insert into espece_type values ( 124,11 );
insert into espece_type values ( 51,12 );
insert into espece_type values ( 9,13 );
insert into espece_type values ( 117,14 );
insert into espece_type values ( 52,15 );
insert into espece_type values ( 23,16 );
insert into espece_zone values ( 0,74 );
insert into espece_zone values ( 1,50 );
insert into espece_zone values ( 2,70 );
insert into espece_zone values ( 3,34 );
insert into espece_zone values ( 4,47 );
insert into espece_zone values ( 5,85 );
insert into espece_zone values ( 6,30 );
insert into espece_zone values ( 7,0 );
insert into espece_zone values ( 8,83 );
insert into espece_zone values ( 9,18 );
insert into espece_zone values ( 10,56 );
insert into espece_zone values ( 11,15 );
insert into espece_zone values ( 12,32 );
insert into espece_zone values ( 13,73 );
insert into espece_zone values ( 14,12 );
insert into espece_zone values ( 15,46 );
insert into espece_zone values ( 16,25 );
insert into espece_zone values ( 17,13 );
insert into espece_zone values ( 18,64 );
insert into espece_zone values ( 19,22 );
insert into espece_zone values ( 20,44 );
insert into espece_zone values ( 21,71 );
insert into espece_zone values ( 22,3 );
insert into espece_zone values ( 23,81 );
insert into espece_zone values ( 24,3 );
insert into espece_zone values ( 25,80 );
insert into espece_zone values ( 26,38 );
insert into espece_zone values ( 27,8 );
insert into espece_zone values ( 28,47 );
insert into espece_zone values ( 29,63 );
insert into espece_zone values ( 30,72 );
insert into espece_zone values ( 31,82 );
insert into espece_zone values ( 32,14 );
insert into espece_zone values ( 33,2 );
insert into espece_zone values ( 34,33 );
insert into espece_zone values ( 35,24 );
insert into espece_zone values ( 36,28 );
insert into espece_zone values ( 37,73 );
insert into espece_zone values ( 38,37 );
insert into espece_zone values ( 39,17 );
insert into espece_zone values ( 40,10 );
insert into espece_zone values ( 41,30 );
insert into espece_zone values ( 42,10 );
insert into espece_zone values ( 43,16 );
insert into espece_zone values ( 44,57 );
insert into espece_zone values ( 45,83 );
insert into espece_zone values ( 46,23 );
insert into espece_zone values ( 47,21 );
insert into espece_zone values ( 48,9 );
insert into espece_zone values ( 49,19 );
insert into espece_zone values ( 50,63 );
insert into espece_zone values ( 51,38 );
insert into espece_zone values ( 52,15 );
insert into espece_zone values ( 53,3 );
insert into espece_zone values ( 54,39 );
insert into espece_zone values ( 55,10 );
insert into espece_zone values ( 56,81 );
insert into espece_zone values ( 57,72 );
insert into espece_zone values ( 58,85 );
insert into espece_zone values ( 59,62 );
insert into espece_zone values ( 60,44 );
insert into espece_zone values ( 61,77 );
insert into espece_zone values ( 62,31 );
insert into espece_zone values ( 63,28 );
insert into espece_zone values ( 64,68 );
insert into espece_zone values ( 65,41 );
insert into espece_zone values ( 66,54 );
insert into espece_zone values ( 67,44 );
insert into espece_zone values ( 68,78 );
insert into espece_zone values ( 69,27 );
insert into espece_zone values ( 70,86 );
insert into espece_zone values ( 71,45 );
insert into espece_zone values ( 72,14 );
insert into espece_zone values ( 73,28 );
insert into espece_zone values ( 74,19 );
insert into espece_zone values ( 75,74 );
insert into espece_zone values ( 76,32 );
insert into espece_zone values ( 77,31 );
insert into espece_zone values ( 78,14 );
insert into espece_zone values ( 79,78 );
insert into espece_zone values ( 80,50 );
insert into espece_zone values ( 81,28 );
insert into espece_zone values ( 82,52 );
insert into espece_zone values ( 83,11 );
insert into espece_zone values ( 84,63 );
insert into espece_zone values ( 85,13 );
insert into espece_zone values ( 86,4 );
insert into espece_zone values ( 87,32 );
insert into espece_zone values ( 88,18 );
insert into espece_zone values ( 89,42 );
insert into espece_zone values ( 90,85 );
insert into espece_zone values ( 91,32 );
insert into espece_zone values ( 92,53 );
insert into espece_zone values ( 93,39 );
insert into espece_zone values ( 94,61 );
insert into espece_zone values ( 95,64 );
insert into espece_zone values ( 96,46 );
insert into espece_zone values ( 97,2 );
insert into espece_zone values ( 98,34 );
insert into espece_zone values ( 99,41 );
insert into espece_zone values ( 100,71 );
insert into espece_zone values ( 101,53 );
insert into espece_zone values ( 102,22 );
insert into espece_zone values ( 103,72 );
insert into espece_zone values ( 104,70 );
insert into espece_zone values ( 105,30 );
insert into espece_zone values ( 106,17 );
insert into espece_zone values ( 107,79 );
insert into espece_zone values ( 108,77 );
insert into espece_zone values ( 109,76 );
insert into espece_zone values ( 110,79 );
insert into espece_zone values ( 111,1 );
insert into espece_zone values ( 112,83 );
insert into espece_zone values ( 113,72 );
insert into espece_zone values ( 114,8 );
insert into espece_zone values ( 115,71 );
insert into espece_zone values ( 116,17 );
insert into espece_zone values ( 117,15 );
insert into espece_zone values ( 118,27 );
insert into espece_zone values ( 119,36 );
insert into espece_zone values ( 120,62 );
insert into espece_zone values ( 121,20 );
insert into espece_zone values ( 122,16 );
insert into espece_zone values ( 123,23 );
insert into espece_zone values ( 124,12 );
insert into espece_zone values ( 125,47 );
insert into espece_zone values ( 126,65 );
insert into espece_zone values ( 127,76 );
insert into espece_zone values ( 128,77 );
insert into espece_zone values ( 129,54 );
insert into espece_zone values ( 130,67 );
insert into espece_zone values ( 131,8 );
insert into espece_zone values ( 132,70 );
insert into espece_zone values ( 133,48 );
insert into espece_zone values ( 134,53 );
insert into espece_zone values ( 135,29 );
insert into espece_zone values ( 136,0 );
insert into espece_zone values ( 137,23 );
insert into espece_zone values ( 138,78 );
insert into espece_zone values ( 139,81 );
insert into espece_zone values ( 140,40 );
insert into espece_zone values ( 141,84 );
insert into espece_zone values ( 60,0 );
insert into espece_zone values ( 116,1 );
insert into espece_zone values ( 49,2 );
insert into espece_zone values ( 129,3 );
insert into espece_zone values ( 77,4 );
insert into espece_zone values ( 78,5 );
insert into espece_zone values ( 77,6 );
insert into espece_zone values ( 111,7 );
insert into espece_zone values ( 21,8 );
insert into espece_zone values ( 47,9 );
insert into espece_zone values ( 22,10 );
insert into espece_zone values ( 99,11 );
insert into espece_zone values ( 133,12 );
insert into espece_zone values ( 89,13 );
insert into espece_zone values ( 52,14 );
insert into espece_zone values ( 39,15 );
insert into espece_zone values ( 124,16 );
insert into espece_zone values ( 28,17 );
insert into espece_zone values ( 85,18 );
insert into espece_zone values ( 120,19 );
insert into espece_zone values ( 62,20 );
insert into espece_zone values ( 0,21 );
insert into espece_zone values ( 15,22 );
insert into espece_zone values ( 73,23 );
insert into espece_zone values ( 41,24 );
insert into espece_zone values ( 11,25 );
insert into espece_zone values ( 62,26 );
insert into espece_zone values ( 44,27 );
insert into espece_zone values ( 17,28 );
insert into espece_zone values ( 112,29 );
insert into espece_zone values ( 38,30 );
insert into espece_zone values ( 114,31 );
insert into espece_zone values ( 115,32 );
insert into espece_zone values ( 58,33 );
insert into espece_zone values ( 24,34 );
insert into espece_zone values ( 94,35 );
insert into espece_zone values ( 81,36 );
insert into espece_zone values ( 69,37 );
insert into espece_zone values ( 29,38 );
insert into espece_zone values ( 13,39 );
insert into espece_zone values ( 135,40 );
insert into espece_zone values ( 44,41 );
insert into espece_zone values ( 16,42 );
insert into espece_zone values ( 26,43 );
insert into espece_zone values ( 82,44 );
insert into espece_zone values ( 88,45 );
insert into espece_zone values ( 65,46 );
insert into espece_zone values ( 27,47 );
insert into espece_zone values ( 57,48 );
insert into espece_zone values ( 117,49 );
insert into espece_zone values ( 73,50 );
insert into espece_zone values ( 57,51 );
insert into espece_zone values ( 75,52 );
insert into espece_zone values ( 51,53 );
insert into espece_zone values ( 72,54 );
insert into espece_zone values ( 74,55 );
insert into espece_zone values ( 113,56 );
insert into espece_zone values ( 140,57 );
insert into espece_zone values ( 123,58 );
insert into espece_zone values ( 39,59 );
insert into espece_zone values ( 104,60 );
insert into espece_zone values ( 108,61 );
insert into espece_zone values ( 56,62 );
insert into espece_zone values ( 125,63 );
insert into espece_zone values ( 2,64 );
insert into espece_zone values ( 100,65 );
insert into espece_zone values ( 118,66 );
insert into espece_zone values ( 20,67 );
insert into espece_zone values ( 34,68 );
insert into espece_zone values ( 57,69 );
insert into espece_zone values ( 85,70 );
insert into espece_zone values ( 59,71 );
insert into espece_zone values ( 49,72 );
insert into espece_zone values ( 79,73 );
insert into espece_zone values ( 131,74 );
insert into espece_zone values ( 3,75 );
insert into espece_zone values ( 90,76 );
insert into espece_zone values ( 104,77 );
insert into espece_zone values ( 119,78 );
insert into espece_zone values ( 131,79 );
insert into espece_zone values ( 136,80 );
insert into espece_zone values ( 53,81 );
insert into espece_zone values ( 2,82 );
insert into espece_zone values ( 136,83 );
insert into espece_zone values ( 64,84 );
insert into espece_zone values ( 74,85 );
insert into espece_zone values ( 46,86 );
insert into monstropoche_attaque values ( 0,10 );
insert into monstropoche_attaque values ( 1,1 );
insert into monstropoche_attaque values ( 2,25 );
insert into monstropoche_attaque values ( 3,12 );
insert into monstropoche_attaque values ( 4,16 );
insert into monstropoche_attaque values ( 5,25 );
insert into monstropoche_attaque values ( 6,16 );
insert into monstropoche_attaque values ( 7,20 );
insert into monstropoche_attaque values ( 8,25 );
insert into monstropoche_attaque values ( 9,14 );
insert into monstropoche_attaque values ( 10,11 );
insert into monstropoche_attaque values ( 11,28 );
insert into monstropoche_attaque values ( 12,20 );
insert into monstropoche_attaque values ( 13,26 );
insert into monstropoche_attaque values ( 14,3 );
insert into monstropoche_attaque values ( 15,7 );
insert into monstropoche_attaque values ( 16,6 );
insert into monstropoche_attaque values ( 17,26 );
insert into monstropoche_attaque values ( 18,4 );
insert into monstropoche_attaque values ( 19,13 );
insert into monstropoche_attaque values ( 20,23 );
insert into monstropoche_attaque values ( 21,8 );
insert into monstropoche_attaque values ( 22,15 );
insert into monstropoche_attaque values ( 23,16 );
insert into monstropoche_attaque values ( 24,9 );
insert into monstropoche_attaque values ( 25,24 );
insert into monstropoche_attaque values ( 26,15 );
insert into monstropoche_attaque values ( 27,17 );
insert into monstropoche_attaque values ( 28,17 );
insert into monstropoche_attaque values ( 29,0 );
insert into monstropoche_attaque values ( 30,2 );
insert into monstropoche_attaque values ( 31,10 );
insert into monstropoche_attaque values ( 32,21 );
insert into monstropoche_attaque values ( 33,14 );
insert into monstropoche_attaque values ( 34,9 );
insert into monstropoche_attaque values ( 35,1 );
insert into monstropoche_attaque values ( 36,26 );
insert into monstropoche_attaque values ( 37,3 );
insert into monstropoche_attaque values ( 38,22 );
insert into monstropoche_attaque values ( 39,16 );
insert into monstropoche_attaque values ( 40,7 );
insert into monstropoche_attaque values ( 41,15 );
insert into monstropoche_attaque values ( 42,14 );
insert into monstropoche_attaque values ( 43,20 );
insert into monstropoche_attaque values ( 44,22 );
insert into monstropoche_attaque values ( 45,16 );
insert into monstropoche_attaque values ( 46,3 );
insert into monstropoche_attaque values ( 47,18 );
insert into monstropoche_attaque values ( 48,13 );
insert into monstropoche_attaque values ( 49,15 );
insert into monstropoche_attaque values ( 50,7 );
insert into monstropoche_attaque values ( 51,11 );
insert into monstropoche_attaque values ( 52,28 );
insert into monstropoche_attaque values ( 53,27 );
insert into monstropoche_attaque values ( 54,11 );
insert into monstropoche_attaque values ( 55,14 );
insert into monstropoche_attaque values ( 56,14 );
insert into monstropoche_attaque values ( 57,26 );
insert into monstropoche_attaque values ( 58,0 );
insert into monstropoche_attaque values ( 59,27 );
insert into monstropoche_attaque values ( 60,19 );
insert into monstropoche_attaque values ( 61,12 );
insert into monstropoche_attaque values ( 62,6 );
insert into monstropoche_attaque values ( 63,15 );
insert into monstropoche_attaque values ( 64,14 );
insert into monstropoche_attaque values ( 65,2 );
insert into monstropoche_attaque values ( 66,28 );
insert into monstropoche_attaque values ( 67,24 );
insert into monstropoche_attaque values ( 68,16 );
insert into monstropoche_attaque values ( 69,23 );
insert into monstropoche_attaque values ( 70,14 );
insert into monstropoche_attaque values ( 71,7 );
insert into monstropoche_attaque values ( 72,3 );
insert into monstropoche_attaque values ( 73,13 );
insert into monstropoche_attaque values ( 74,14 );
insert into monstropoche_attaque values ( 75,9 );
insert into monstropoche_attaque values ( 76,6 );
insert into monstropoche_attaque values ( 77,25 );
insert into monstropoche_attaque values ( 78,2 );
insert into monstropoche_attaque values ( 79,9 );
insert into monstropoche_attaque values ( 80,5 );
insert into monstropoche_attaque values ( 81,28 );
insert into monstropoche_attaque values ( 82,26 );
insert into monstropoche_attaque values ( 83,12 );
insert into monstropoche_attaque values ( 84,17 );
insert into monstropoche_attaque values ( 85,21 );
insert into monstropoche_attaque values ( 86,0 );
insert into monstropoche_attaque values ( 87,24 );
insert into monstropoche_attaque values ( 88,27 );
insert into monstropoche_attaque values ( 89,21 );
insert into monstropoche_attaque values ( 90,27 );
insert into monstropoche_attaque values ( 91,7 );
insert into monstropoche_attaque values ( 92,13 );
insert into monstropoche_attaque values ( 93,19 );
insert into monstropoche_attaque values ( 94,2 );
insert into monstropoche_attaque values ( 95,22 );
insert into monstropoche_attaque values ( 96,5 );
insert into monstropoche_attaque values ( 97,25 );
insert into monstropoche_attaque values ( 98,0 );
insert into monstropoche_attaque values ( 99,28 );
insert into monstropoche_attaque values ( 19,0 );
insert into monstropoche_attaque values ( 55,1 );
insert into monstropoche_attaque values ( 14,2 );
insert into monstropoche_attaque values ( 16,3 );
insert into monstropoche_attaque values ( 13,4 );
insert into monstropoche_attaque values ( 89,5 );
insert into monstropoche_attaque values ( 68,6 );
insert into monstropoche_attaque values ( 37,7 );
insert into monstropoche_attaque values ( 24,8 );
insert into monstropoche_attaque values ( 95,9 );
insert into monstropoche_attaque values ( 14,10 );
insert into monstropoche_attaque values ( 58,11 );
insert into monstropoche_attaque values ( 54,12 );
insert into monstropoche_attaque values ( 36,13 );
insert into monstropoche_attaque values ( 7,14 );
insert into monstropoche_attaque values ( 53,15 );
insert into monstropoche_attaque values ( 33,16 );
insert into monstropoche_attaque values ( 54,17 );
insert into monstropoche_attaque values ( 46,18 );
insert into monstropoche_attaque values ( 15,19 );
insert into monstropoche_attaque values ( 10,20 );
insert into monstropoche_attaque values ( 68,21 );
insert into monstropoche_attaque values ( 87,22 );
insert into monstropoche_attaque values ( 57,23 );
insert into monstropoche_attaque values ( 55,24 );
insert into monstropoche_attaque values ( 55,25 );
insert into monstropoche_attaque values ( 4,26 );
insert into monstropoche_attaque values ( 82,27 );
insert into monstropoche_attaque values ( 45,28 );
