drop table monstropoche_attaque;
drop table espece_zone;
drop table espece_type;
drop table objet_zone;
drop table monstropoche;
drop table espece;
drop table etat;
drop table type;
drop table genre;
drop table objet;
drop table attaque;
drop table zone;
drop table proprietaire;

create table proprietaire (id int not null, nom varchar(255) not null, primary key(id));
create table attaque (id int not null, type_id int not null, nom varchar(255) not null, puissance int not null, perequis int not null, precizion int not null, constraint fk_attaque_type foreign key (type_id) references type(id), primary key(id));
create table zone (id int not null, nom varchar(255) not null, primary key(id));
create table objet (id int not null, nom varchar(255) not null, est_unique number(1) not null, est_offensif number(1), est_evoluant number(1), primary key(id));
create table genre (id int not null, femelle number(1) not null, male number(1) not null, primary key(id));
create table type (id int not null, nom varchar(255) not null, primary key(id));
create table etat (id int not null, nom varchar(255) not null, primary key(id));
create table espece (id int not null, objet_id int, source_id int, nom varchar(255) not null, constraint fk_espece_objet foreign key (objet_id) references objet(id), constraint fk_espece_espece foreign key (source_id) references espece(id), primary key(id));
create table monstropoche (id int not null, surnom varchar(255) not null, proprietaire_id int, genre_id int not null, etat_id int not null, objet_id int, espece_id int not null, pv int not null, pe int not null, pv_actuel int not null, constraint fk_monstropoche_proprietaire foreign key (proprietaire_id) references proprietaire(id), constraint fk_monstropoche_genre foreign key (genre_id) references genre(id), constraint fk_monstropoche_etat foreign key (etat_id) references etat(id), constraint fk_monstropoche_objet foreign key (objet_id) references objet(id), constraint fk_monstropoche_espece foreign key (espece_id) references espece(id), primary key(id));
create table objet_zone (objet_id int not null, zone_id int not null, constraint fk_objet_zone_objet foreign key (objet_id) references objet(id), constraint fk_objet_zone_zone foreign key (zone_id) references zone(id), primary key(objet_id, zone_id));
create table espece_type (espece_id int not null, type_id int not null, constraint fk_espece_type_espece foreign key (espece_id) references espece(id), constraint fk_espece_type_type foreign key (type_id) references type(id), primary key(espece_id, type_id));
create table espece_zone (espece_id int not null, zone_id int not null, constraint fk_espece_zone_espece foreign key (espece_id) references espece(id), constraint fk_espece_zone_zone foreign key (zone_id) references zone(id), primary key(espece_id, zone_id));
create table monstropoche_attaque (monstropoche_id int not null, attaque_id int not null, constraint fk_monstropoche_attaque_m foreign key (monstropoche_id) references monstropoche(id), constraint fk_monstropoche_attaque_a foreign key (attaque_id) references attaque(id), primary key(monstropoche_id, attaque_id));

delete from monstropoche_attaque;
delete from espece_zone;
delete from espece_type;
delete from objet_zone;
delete from monstropoche;
delete from espece;
delete from etat;
delete from type;
delete from genre;
delete from objet;
delete from attaque;
delete from zone;
delete from proprietaire;

insert into proprietaire values ( 0,'Prof Ines Lemaire' );
insert into proprietaire values ( 1,'Mme Anaïs Moulin' );
insert into proprietaire values ( 2,'Benjamin Thomas' );
insert into proprietaire values ( 3,'Lucas Arnaud' );
insert into proprietaire values ( 4,'Manon Aubert' );
insert into proprietaire values ( 5,'Victor Picard V' );
insert into proprietaire values ( 6,'Maxime Dupuis' );
insert into proprietaire values ( 7,'Pauline Nicolas I' );
insert into proprietaire values ( 8,'Zoe Renaud' );
insert into proprietaire values ( 9,'Lola Hubert' );
insert into proprietaire values ( 10,'Adam Durand' );
insert into proprietaire values ( 11,'Célia Louis I' );
insert into proprietaire values ( 12,'Ethan Pons IV' );
insert into proprietaire values ( 13,'Noah Louis' );
insert into proprietaire values ( 14,'Maëlle Deschamps' );
insert into proprietaire values ( 15,'Nathan Thomas' );
insert into proprietaire values ( 16,'Carla Charles Jr.' );
insert into proprietaire values ( 17,'Noémie Perrot' );
insert into proprietaire values ( 18,'Nicolas Colin MD' );
insert into proprietaire values ( 19,'Maxence Colin' );
insert into proprietaire values ( 20,'Romane Schmitt' );
insert into proprietaire values ( 21,'Mathis Perez' );
insert into proprietaire values ( 22,'Alexis Faure' );
insert into proprietaire values ( 23,'Lucie Dupuy' );
insert into proprietaire values ( 24,'Charlotte Laine' );
insert into proprietaire values ( 25,'Victor Olivier' );
insert into proprietaire values ( 26,'Benjamin Brunet' );
insert into proprietaire values ( 27,'Pierre Lemoine' );
insert into proprietaire values ( 28,'Mathéo Joly' );
insert into proprietaire values ( 29,'Noa Le roux MD' );
insert into proprietaire values ( 30,'Emilie Meyer' );
insert into proprietaire values ( 31,'Lou Philippe MD' );
insert into proprietaire values ( 32,'Mathilde Huet' );
insert into proprietaire values ( 33,'Julien Adam' );
insert into proprietaire values ( 34,'Adrien Gauthier' );
insert into proprietaire values ( 35,'Louis Laine' );
insert into proprietaire values ( 36,'Clémence Andre' );
insert into proprietaire values ( 37,'Sacha Caron Sr.' );
insert into proprietaire values ( 38,'Lou Morel' );
insert into proprietaire values ( 39,'Sacha Dumas' );
insert into proprietaire values ( 40,'Justine Garnier' );
insert into proprietaire values ( 41,'Sarah Gautier' );
insert into proprietaire values ( 42,'Mael Garnier' );
insert into proprietaire values ( 43,'Victor Charpentier' );
insert into proprietaire values ( 44,'Mathis Dumont' );
insert into proprietaire values ( 45,'Antoine Marchal' );
insert into proprietaire values ( 46,'Laura Berger' );
insert into proprietaire values ( 47,'Enzo Leclerc' );
insert into proprietaire values ( 48,'Charlotte Lucas' );
insert into proprietaire values ( 49,'Ambre Picard' );
insert into proprietaire values ( 50,'Juliette Masson' );
insert into proprietaire values ( 51,'Eva Guillaume' );
insert into proprietaire values ( 52,'Lina Leclercq' );
insert into proprietaire values ( 53,'Lilou Meyer' );
insert into proprietaire values ( 54,'Thomas Vidal II' );
insert into proprietaire values ( 55,'Juliette Vasseur' );
insert into proprietaire values ( 56,'Anaïs Thomas' );
insert into proprietaire values ( 57,'Clémence Dumas' );
insert into proprietaire values ( 58,'Océane Riviere' );
insert into proprietaire values ( 59,'Yanis Masson' );
insert into proprietaire values ( 60,'Alicia Brun' );
insert into proprietaire values ( 61,'Mattéo Faure' );
insert into proprietaire values ( 62,'Maeva Bertrand' );
insert into proprietaire values ( 63,'Maeva Robin' );
insert into proprietaire values ( 64,'Nicolas Schneider II' );
insert into proprietaire values ( 65,'Jules Durand' );
insert into proprietaire values ( 66,'Baptiste Jacquet' );
insert into proprietaire values ( 67,'Léa Dumont' );
insert into proprietaire values ( 68,'Célia Leclercq' );
insert into proprietaire values ( 69,'Alicia Maillard' );
insert into proprietaire values ( 70,'Mattéo Guerin' );
insert into proprietaire values ( 71,'Jules Deschamps' );
insert into proprietaire values ( 72,'Axel Rolland' );
insert into proprietaire values ( 73,'Maxime Rey' );
insert into proprietaire values ( 74,'Adrien Deschamps' );
insert into proprietaire values ( 75,'Océane Perrin' );
insert into proprietaire values ( 76,'Sacha Dupuy' );
insert into proprietaire values ( 77,'Mme Ines Richard' );
insert into proprietaire values ( 78,'Maxime Marchand' );
insert into proprietaire values ( 79,'Baptiste Duval' );
insert into proprietaire values ( 80,'Eva Roche PhD' );
insert into proprietaire values ( 81,'Noah Masson' );
insert into proprietaire values ( 82,'Baptiste Garnier' );
insert into proprietaire values ( 83,'Jade Renard' );
insert into proprietaire values ( 84,'Elisa Collet DVM' );
insert into proprietaire values ( 85,'Kylian Rey DVM' );
insert into proprietaire values ( 86,'Enzo Bourgeois' );
insert into proprietaire values ( 87,'Anaïs Blanchard' );
insert into proprietaire values ( 88,'Célia Sanchez III' );
insert into proprietaire values ( 89,'Gabriel Legrand' );
insert into proprietaire values ( 90,'Jeanne Charpentier' );
insert into proprietaire values ( 91,'Prof Pierre Garcia' );
insert into proprietaire values ( 92,'Sarah Lambert' );
insert into proprietaire values ( 93,'Dr Rayan Fleury' );
insert into proprietaire values ( 94,'Mme Juliette Mercier' );
insert into proprietaire values ( 95,'Prof Thomas Le roux' );
insert into proprietaire values ( 96,'Ines Dupuy' );
insert into proprietaire values ( 97,'Mathilde Lefebvre' );
insert into proprietaire values ( 98,'Mattéo Nicolas III' );
insert into proprietaire values ( 99,'Lucas Carre' );
insert into zone values ( 0,'Kiribati' );
insert into zone values ( 1,'Algeria' );
insert into zone values ( 2,'Marshall Islands' );
insert into zone values ( 3,'Comoros' );
insert into zone values ( 4,'South Africa' );
insert into zone values ( 5,'Kyrgyz Republic' );
insert into zone values ( 6,'Liechtenstein' );
insert into zone values ( 7,'Western Sahara' );
insert into zone values ( 8,'Haiti' );
insert into zone values ( 9,'Poland' );
insert into zone values ( 10,'American Samoa' );
insert into zone values ( 11,'Pitcairn Islands' );
insert into zone values ( 12,'Bulgaria' );
insert into zone values ( 13,'Seychelles' );
insert into zone values ( 14,'Fiji' );
insert into zone values ( 15,'Guam' );
insert into zone values ( 16,'Grenada' );
insert into zone values ( 17,'Uzbekistan' );
insert into zone values ( 18,'Djibouti' );
insert into zone values ( 19,'Luxembourg' );
insert into zone values ( 20,'Czech Republic' );
insert into zone values ( 21,'Belgium' );
insert into zone values ( 22,'Libyan Arab Jamahiriya' );
insert into zone values ( 23,'Saint Helena' );
insert into zone values ( 24,'Zambia' );
insert into zone values ( 25,'Ireland' );
insert into zone values ( 26,'French Southern Territories' );
insert into zone values ( 27,'Philippines' );
insert into zone values ( 28,'Tunisia' );
insert into zone values ( 29,'French Guiana' );
insert into zone values ( 30,'Finland' );
insert into zone values ( 31,'Egypt' );
insert into zone values ( 32,'Tokelau' );
insert into zone values ( 33,'Angola' );
insert into zone values ( 34,'Morocco' );
insert into zone values ( 35,'Mauritania' );
insert into zone values ( 36,'Northern Mariana Islands' );
insert into zone values ( 37,'Dominica' );
insert into zone values ( 38,'Tanzania' );
insert into zone values ( 39,'Denmark' );
insert into zone values ( 40,'Puerto Rico' );
insert into zone values ( 41,'Peru' );
insert into zone values ( 42,'Jamaica' );
insert into zone values ( 43,'Tuvalu' );
insert into zone values ( 44,'Malta' );
insert into zone values ( 45,'Lao Peoples Democratic Republic' );
insert into zone values ( 46,'Mexico' );
insert into zone values ( 47,'Syrian Arab Republic' );
insert into zone values ( 48,'Benin' );
insert into zone values ( 49,'Democratic Peoples Republic of Korea' );
insert into zone values ( 50,'Niue' );
insert into zone values ( 51,'Senegal' );
insert into zone values ( 52,'Cambodia' );
insert into zone values ( 53,'Timor-Leste' );
insert into zone values ( 54,'Estonia' );
insert into zone values ( 55,'Uruguay' );
insert into zone values ( 56,'Chile' );
insert into zone values ( 57,'Russian Federation' );
insert into zone values ( 58,'Paraguay' );
insert into zone values ( 59,'Brunei Darussalam' );
insert into zone values ( 60,'Palau' );
insert into zone values ( 61,'Spain' );
insert into zone values ( 62,'Saint Lucia' );
insert into zone values ( 63,'Equatorial Guinea' );
insert into zone values ( 64,'Honduras' );
insert into zone values ( 65,'Mozambique' );
insert into zone values ( 66,'Indonesia' );
insert into zone values ( 67,'Nigeria' );
insert into zone values ( 68,'Slovakia (Slovak Republic)' );
insert into zone values ( 69,'Svalbard  Jan Mayen Islands' );
insert into zone values ( 70,'Nauru' );
insert into zone values ( 71,'Saint Vincent and the Grenadines' );
insert into zone values ( 72,'Burundi' );
insert into zone values ( 73,'Nicaragua' );
insert into zone values ( 74,'Guinea' );
insert into zone values ( 75,'Lithuania' );
insert into zone values ( 76,'Sweden' );
insert into zone values ( 77,'Germany' );
insert into zone values ( 78,'Japan' );
insert into attaque values ( 0,'Triplattaque',136,75,19 );
insert into attaque values ( 1,'Escalade',216,38,72 );
insert into attaque values ( 2,'Morphing',224,23,72 );
insert into attaque values ( 3,'Vœu',244,54,64 );
insert into attaque values ( 4,'Grobisou',185,70,8 );
insert into attaque values ( 5,'Pilonnage',5,2,61 );
insert into attaque values ( 6,'Recyclage',2,86,64 );
insert into attaque values ( 7,'Regard Médusant',210,1,29 );
insert into attaque values ( 8,'E-Coque',132,95,63 );
insert into attaque values ( 9,'Constriction',93,72,47 );
insert into attaque values ( 10,'Picanon',8,81,69 );
insert into attaque values ( 11,'Uppercut',150,100,29 );
insert into attaque values ( 12,'Coup de Main',163,75,37 );
insert into attaque values ( 13,'Flash',202,31,41 );
insert into attaque values ( 14,'Conversion',173,64,46 );
insert into attaque values ( 15,'Affûtage',25,24,70 );
insert into attaque values ( 16,'Croc de Mort',45,64,3 );
insert into attaque values ( 17,'Par Ici',220,60,10 );
insert into attaque values ( 18,'Attrition',223,54,95 );
insert into attaque values ( 19,'Force-Nature',169,97,16 );
insert into attaque values ( 20,'Combo-Griffe',1,0,71 );
insert into attaque values ( 21,'Explosion',6,5,63 );
insert into attaque values ( 22,'Trempette',174,80,50 );
insert into attaque values ( 23,'Exuviation',50,85,9 );
insert into attaque values ( 24,'CoudKrâne',70,8,30 );
insert into attaque values ( 25,'Météores',161,100,43 );
insert into attaque values ( 26,'Relais',26,27,18 );
insert into attaque values ( 27,'Rengorgement',212,63,81 );
insert into attaque values ( 28,'BoulArmure',96,85,0 );
insert into objet values ( 0,'Défense +',0,0,0 );
insert into objet values ( 1,'Muscle +',0,0,0 );
insert into objet values ( 2,'Défense Spéc',0,0,0 );
insert into objet values ( 3,'Déf. Spé. +',0,0,0 );
insert into objet values ( 4,'Attaque +',0,0,0 );
insert into objet values ( 5,'Spécial +',0,0,0 );
insert into objet values ( 6,'Précision +',0,0,0 );
insert into objet values ( 7,'Vitesse +',0,0,0 );
insert into objet values ( 8,'Baie Tamato',0,0,0 );
insert into objet values ( 9,'Baie Résin',0,0,0 );
insert into objet values ( 10,'Baie Lonme',0,0,0 );
insert into objet values ( 11,'Baie Qualot',0,0,0 );
insert into objet values ( 12,'Baie Alga',0,0,0 );
insert into objet values ( 13,'Baie Grena',0,0,0 );
insert into objet values ( 14,'Baie Mepo',0,0,0 );
insert into objet values ( 15,'Baie Willia',0,0,0 );
insert into objet values ( 16,'Baie Fraive',0,0,0 );
insert into objet values ( 17,'Baie Pêcha',0,0,0 );
insert into objet values ( 18,'Baie Maron',0,0,0 );
insert into objet values ( 19,'Baie Oran',0,0,0 );
insert into genre values ( 0,0,0 );
insert into genre values ( 1,0,1 );
insert into genre values ( 2,1,1 );
insert into genre values ( 3,1,0 );
insert into type values ( 0,'Glace' );
insert into type values ( 1,'Dragon' );
insert into type values ( 2,'Sol' );
insert into type values ( 3,'Plante' );
insert into type values ( 4,'Feu' );
insert into type values ( 5,'Eau' );
insert into type values ( 6,'Électrique' );
insert into type values ( 7,'Psy' );
insert into type values ( 8,'Spectre' );
insert into type values ( 9,'Ténèbre' );
insert into type values ( 10,'Fée' );
insert into type values ( 11,'Acier' );
insert into type values ( 12,'Poison' );
insert into type values ( 13,'Roche' );
insert into type values ( 14,'Combat' );
insert into type values ( 15,'Insecte' );
insert into type values ( 16,'Normal' );
insert into etat values ( 0,'Mission' );
insert into etat values ( 1,'Repos' );
insert into etat values ( 2,'Reproduction' );
insert into espece values ( 0,null,null,'Bulbizarre' );
insert into espece values ( 1,2,null,'Chenipan' );
insert into espece values ( 2,15,null,'Voltorbe' );
insert into espece values ( 3,null,null,'Électrode' );
insert into espece values ( 4,null,null,'Nœunœuf' );
insert into espece values ( 5,12,null,'Noadkoko' );
insert into espece values ( 6,null,null,'Osselait' );
insert into espece values ( 7,null,null,'Ossatueur' );
insert into espece values ( 8,null,null,'Kicklee' );
insert into espece values ( 9,null,3,'Tygnon' );
insert into espece values ( 10,null,null,'Excelangue' );
insert into espece values ( 11,18,null,'Smogo' );
insert into espece values ( 12,3,null,'Chrysacier' );
insert into espece values ( 13,15,9,'Smogogo' );
insert into espece values ( 14,10,null,'Rhinocorne' );
insert into espece values ( 15,null,null,'Rhinoféros' );
insert into espece values ( 16,19,null,'Leveinard' );
insert into espece values ( 17,null,null,'Saquedeneu' );
insert into espece values ( 18,11,13,'Kangourex' );
insert into espece values ( 19,null,18,'Hypotrempe' );
insert into espece values ( 20,null,null,'Hypocéan' );
insert into espece values ( 21,8,null,'Poissirène' );
insert into espece values ( 22,null,17,'Poissoroy' );
insert into espece values ( 23,15,null,'Papilusion' );
insert into espece values ( 24,null,null,'Stari' );
insert into espece values ( 25,null,null,'Staross' );
insert into espece values ( 26,null,null,'M.Mime' );
insert into espece values ( 27,2,null,'Insécateur' );
insert into espece values ( 28,3,null,'Lippoutou' );
insert into espece values ( 29,null,null,'Élektek' );
insert into espece values ( 30,16,null,'Magmar' );
insert into espece values ( 31,null,null,'Scarabrute' );
insert into espece values ( 32,5,null,'Tauros' );
insert into espece values ( 33,11,null,'Magicarpe' );
insert into espece values ( 34,null,null,'Aspicot' );
insert into espece values ( 35,null,null,'Léviator' );
insert into espece values ( 36,null,null,'Lokhlass' );
insert into espece values ( 37,1,null,'Métamorph' );
insert into espece values ( 38,null,null,'Évoli' );
insert into espece values ( 39,11,null,'Aquali' );
insert into espece values ( 40,1,null,'Voltali' );
insert into espece values ( 41,8,null,'Pyroli' );
insert into espece values ( 42,11,13,'Porygon' );
insert into espece values ( 43,null,null,'Amonita' );
insert into espece values ( 44,9,19,'Amonistar' );
insert into espece values ( 45,null,null,'Coconfort' );
insert into espece values ( 46,11,null,'Kabuto' );
insert into espece values ( 47,null,null,'Kabutops' );
insert into espece values ( 48,3,null,'Ptéra' );
insert into espece values ( 49,null,null,'Ronflex' );
insert into espece values ( 50,4,null,'Artikodin' );
insert into espece values ( 51,null,null,'Électhor' );
insert into espece values ( 52,null,null,'Sulfura' );
insert into espece values ( 53,5,null,'Minidraco' );
insert into espece values ( 54,5,10,'Draco' );
insert into espece values ( 55,null,0,'Dracolosse' );
insert into espece values ( 56,null,16,'Dardargnan' );
insert into espece values ( 57,6,null,'Mewtwo' );
insert into espece values ( 58,3,null,'Mew' );
insert into espece values ( 59,null,20,'Roucool' );
insert into espece values ( 60,null,37,'Roucoups' );
insert into espece values ( 61,10,null,'Roucarnage' );
insert into espece values ( 62,1,null,'Rattata' );
insert into espece values ( 63,10,null,'Herbizarre' );
insert into espece values ( 64,3,null,'Rattatac' );
insert into espece values ( 65,null,null,'Piafabec' );
insert into espece values ( 66,null,null,'Rapasdepic' );
insert into espece values ( 67,null,null,'Abo' );
insert into espece values ( 68,13,null,'Arbok' );
insert into espece values ( 69,null,null,'Pikachu' );
insert into espece values ( 70,null,29,'Raichu' );
insert into espece values ( 71,null,null,'Sabelette' );
insert into espece values ( 72,6,null,'Sablaireau' );
insert into espece values ( 73,5,null,'Nidoran♀' );
insert into espece values ( 74,2,null,'Florizarre' );
insert into espece values ( 75,null,null,'Nidorina' );
insert into espece values ( 76,null,null,'Nidoqueen' );
insert into espece values ( 77,12,null,'Nidoran♂' );
insert into espece values ( 78,null,null,'Nidorino' );
insert into espece values ( 79,6,null,'Nidoking' );
insert into espece values ( 80,18,null,'Mélofée' );
insert into espece values ( 81,null,null,'Mélodelfe' );
insert into espece values ( 82,null,null,'Feunard' );
insert into espece values ( 83,6,null,'Rondoudou' );
insert into espece values ( 84,null,22,'Salamèche' );
insert into espece values ( 85,null,null,'Grodoudou' );
insert into espece values ( 86,null,null,'Nosferapti' );
insert into espece values ( 87,10,null,'Nosferalto' );
insert into espece values ( 88,null,null,'Mystherbe' );
insert into espece values ( 89,null,68,'Ortide' );
insert into espece values ( 90,2,null,'Rafflesia' );
insert into espece values ( 91,null,null,'Paras' );
insert into espece values ( 92,6,null,'Parasect' );
insert into espece values ( 93,null,null,'Mimitoss' );
insert into espece values ( 94,null,null,'Aéromite' );
insert into espece values ( 95,null,null,'Reptincel' );
insert into espece values ( 96,null,null,'Taupiqueur' );
insert into espece values ( 97,16,null,'Triopikeur' );
insert into espece values ( 98,null,17,'Miaouss' );
insert into espece values ( 99,null,null,'Persian' );
insert into espece values ( 100,0,null,'Psykokwak' );
insert into espece values ( 101,null,null,'Akwakwak' );
insert into espece values ( 102,null,null,'Férosinge' );
insert into espece values ( 103,3,null,'Colossinge' );
insert into espece values ( 104,null,null,'Caninos' );
insert into espece values ( 105,2,62,'Arcanin' );
insert into espece values ( 106,0,null,'Dracaufeu' );
insert into espece values ( 107,null,null,'Ptitard' );
insert into espece values ( 108,5,11,'Têtarte' );
insert into espece values ( 109,10,null,'Tartard' );
insert into espece values ( 110,8,null,'Abra' );
insert into espece values ( 111,13,null,'Kadabra' );
insert into espece values ( 112,null,null,'Alakazam' );
insert into espece values ( 113,null,null,'Machoc' );
insert into espece values ( 114,6,107,'Machopeur' );
insert into espece values ( 115,5,null,'Mackogneur' );
insert into espece values ( 116,null,null,'Chétiflor' );
insert into espece values ( 117,18,null,'Carapuce' );
insert into espece values ( 118,11,null,'Boustiflor' );
insert into espece values ( 119,18,null,'Empiflor' );
insert into espece values ( 120,null,null,'Tentacool' );
insert into espece values ( 121,null,null,'Tentacruel' );
insert into espece values ( 122,1,null,'Racaillou' );
insert into espece values ( 123,1,null,'Gravalanch' );
insert into espece values ( 124,7,null,'Grolem' );
insert into espece values ( 125,0,null,'Ponyta' );
insert into espece values ( 126,10,null,'Galopa' );
insert into espece values ( 127,null,null,'Carabaffe' );
insert into espece values ( 128,null,null,'Flagadoss' );
insert into espece values ( 129,null,null,'Magnéton' );
insert into espece values ( 130,null,null,'Canarticho' );
insert into espece values ( 131,8,68,'Dodrio' );
insert into espece values ( 132,0,null,'Otaria' );
insert into espece values ( 133,1,null,'Tadmorv' );
insert into espece values ( 134,15,null,'Grotadmorv' );
insert into espece values ( 135,10,14,'Kokiyas' );
insert into espece values ( 136,3,null,'Crustabri' );
insert into espece values ( 137,null,null,'Spectrum' );
insert into espece values ( 138,3,null,'Ectoplasma' );
insert into espece values ( 139,null,null,'Soporifik' );
insert into espece values ( 140,18,null,'Hypnomade' );
insert into espece values ( 141,16,null,'Krabboss' );
insert into monstropoche values ( 0,'Tierra_Sawayn58',null,2,2,10,123,68,26,12 );
insert into monstropoche values ( 1,'Loma75',null,1,0,4,88,81,30,71 );
insert into monstropoche values ( 2,'Bertram_Tromp',45,3,2,18,71,2,47,1 );
insert into monstropoche values ( 3,'Fredy.Mante',29,0,1,9,20,24,73,23 );
insert into monstropoche values ( 4,'Norris91',null,0,0,2,76,68,99,35 );
insert into monstropoche values ( 5,'Madeline_Zboncak69',66,0,1,16,112,44,2,42 );
insert into monstropoche values ( 6,'Evalyn.Runolfsson72',null,0,1,8,105,100,46,5 );
insert into monstropoche values ( 7,'Krystel.Gutkowski65',null,2,0,11,8,6,23,1 );
insert into monstropoche values ( 8,'Micaela61',54,3,1,13,26,11,52,9 );
insert into monstropoche values ( 9,'Ayden24',null,2,0,5,128,20,19,15 );
insert into monstropoche values ( 10,'Daisha.Hayes93',null,0,2,12,34,67,45,5 );
insert into monstropoche values ( 11,'Monroe.Pagac42',89,0,2,19,33,57,86,13 );
insert into monstropoche values ( 12,'Andreanne62',null,2,0,14,137,81,22,81 );
insert into monstropoche values ( 13,'Bernhard_Koelpin88',12,1,2,15,93,87,52,60 );
insert into monstropoche values ( 14,'Cornell.Kertzmann61',null,2,2,11,19,66,61,49 );
insert into monstropoche values ( 15,'Micheal.Paucek22',null,3,1,2,47,2,9,0 );
insert into monstropoche values ( 16,'Newell.Dickinson45',null,0,2,6,110,44,54,14 );
insert into monstropoche values ( 17,'Buford.Nienow20',null,3,2,3,43,49,49,12 );
insert into monstropoche values ( 18,'Nicola30',null,3,0,12,104,99,63,70 );
insert into monstropoche values ( 19,'Jermaine.Tremblay',null,0,1,9,24,75,36,67 );
insert into monstropoche values ( 20,'Eino_Feil86',null,0,2,5,126,25,26,0 );
insert into monstropoche values ( 21,'Angelo_Schumm',47,1,1,2,139,67,88,37 );
insert into monstropoche values ( 22,'Greyson.Abbott',null,2,2,11,102,20,16,1 );
insert into monstropoche values ( 23,'Katelyn_Hane',null,0,1,15,12,59,55,10 );
insert into monstropoche values ( 24,'Erich.Rippin',50,0,0,11,17,0,16,0 );
insert into monstropoche values ( 25,'Jairo_Buckridge91',43,1,0,14,72,53,17,28 );
insert into monstropoche values ( 26,'Mariela.Schimmel26',null,1,0,9,74,54,58,15 );
insert into monstropoche values ( 27,'Bridget61',null,0,0,18,57,92,67,65 );
insert into monstropoche values ( 28,'Providenci0',61,3,2,19,6,39,89,22 );
insert into monstropoche values ( 29,'Ashlynn_Barrows',null,2,0,7,85,39,61,34 );
insert into monstropoche values ( 30,'Ceasar_Bashirian',null,1,1,14,115,3,1,2 );
insert into monstropoche values ( 31,'Dixie_Wiza',55,0,1,16,113,37,39,8 );
insert into monstropoche values ( 32,'Jaylin_Metz',34,0,2,11,41,7,16,6 );
insert into monstropoche values ( 33,'Beatrice5',null,3,0,6,57,95,95,57 );
insert into monstropoche values ( 34,'Barry_Bosco64',null,3,1,19,121,54,36,49 );
insert into monstropoche values ( 35,'Ernestine.Barrows48',55,3,0,13,129,45,92,31 );
insert into monstropoche values ( 36,'Maureen.Haag84',84,3,1,0,126,68,57,33 );
insert into monstropoche values ( 37,'Stefanie.Tremblay',40,3,0,7,0,16,74,7 );
insert into monstropoche values ( 38,'Karine46',null,3,0,3,5,85,99,48 );
insert into monstropoche values ( 39,'Tyrell61',24,0,2,16,24,35,1,6 );
insert into monstropoche values ( 40,'Hassan.Anderson',null,1,0,14,120,67,63,17 );
insert into monstropoche values ( 41,'Salma40',null,3,1,16,50,85,24,19 );
insert into monstropoche values ( 42,'Emiliano.Rodriguez',null,3,0,4,86,69,28,23 );
insert into monstropoche values ( 43,'Ressie_Lowe',null,0,1,0,14,96,96,46 );
insert into monstropoche values ( 44,'Dalton.Kemmer47',null,1,1,9,73,93,40,84 );
insert into monstropoche values ( 45,'Arianna_Gleichner44',9,0,2,6,85,68,88,65 );
insert into monstropoche values ( 46,'Andrew.Feil67',null,2,0,5,71,87,49,52 );
insert into monstropoche values ( 47,'Genevieve_Hettinger76',71,1,0,2,112,19,94,13 );
insert into monstropoche values ( 48,'Estrella.Schulist77',null,3,1,1,62,50,53,37 );
insert into monstropoche values ( 49,'Kody.Bednar94',null,0,2,7,59,27,73,16 );
insert into monstropoche values ( 50,'Tyrese94',null,3,0,15,80,89,2,43 );
insert into monstropoche values ( 51,'Amelia96',null,0,0,7,16,77,1,55 );
insert into monstropoche values ( 52,'Victor_Dooley82',67,2,2,11,119,0,1,0 );
insert into monstropoche values ( 53,'Stone.Quitzon',null,1,2,12,39,89,59,58 );
insert into monstropoche values ( 54,'Malika41',19,0,0,5,11,7,95,5 );
insert into monstropoche values ( 55,'Estevan_Block',null,2,0,3,42,96,99,2 );
insert into monstropoche values ( 56,'Samir.Jenkins0',0,2,1,8,59,61,7,39 );
insert into monstropoche values ( 57,'Flavie.Farrell43',24,3,0,16,125,33,35,8 );
insert into monstropoche values ( 58,'Clement_Baumbach',null,1,2,7,9,85,26,32 );
insert into monstropoche values ( 59,'Manley.Kutch63',null,1,0,0,23,10,19,0 );
insert into monstropoche values ( 60,'Derek14',null,3,2,8,84,79,36,70 );
insert into monstropoche values ( 61,'Julianne_OHara',null,3,1,8,57,76,8,67 );
insert into monstropoche values ( 62,'Horacio.Schaden76',null,0,2,18,122,72,85,69 );
insert into monstropoche values ( 63,'Providenci_Pollich',55,3,0,18,30,74,7,9 );
insert into monstropoche values ( 64,'Althea5',null,2,0,1,73,6,0,5 );
insert into monstropoche values ( 65,'Jade72',null,1,0,16,113,0,62,0 );
insert into monstropoche values ( 66,'Garett.Emard',57,1,1,5,92,46,22,41 );
insert into monstropoche values ( 67,'Elliott71',96,1,1,17,7,19,25,12 );
insert into monstropoche values ( 68,'Mary_Blanda75',37,0,1,6,91,53,84,11 );
insert into monstropoche values ( 69,'Willy_Kerluke62',null,2,0,5,65,64,68,55 );
insert into monstropoche values ( 70,'Cordell44',61,2,2,17,25,74,58,45 );
insert into monstropoche values ( 71,'Junior_Miller',null,2,2,15,83,98,36,86 );
insert into monstropoche values ( 72,'Theresia19',null,2,0,17,132,44,2,38 );
insert into monstropoche values ( 73,'Keara_Wunsch',null,2,2,8,0,67,63,41 );
insert into monstropoche values ( 74,'Aliza.Cole',null,1,2,2,101,9,52,0 );
insert into monstropoche values ( 75,'Julian_Flatley51',null,0,0,5,102,22,95,13 );
insert into monstropoche values ( 76,'Katheryn3',null,2,2,15,31,69,41,29 );
insert into monstropoche values ( 77,'Demetris.Berge',null,0,1,16,35,52,18,42 );
insert into monstropoche values ( 78,'Kailey.Schowalter',80,3,1,15,69,20,100,3 );
insert into monstropoche values ( 79,'Elias81',76,0,0,17,8,68,1,60 );
insert into monstropoche values ( 80,'Zora93',null,1,2,0,4,16,19,8 );
insert into monstropoche values ( 81,'Corene_Sanford13',86,3,0,8,132,58,84,46 );
insert into monstropoche values ( 82,'Einar99',21,0,0,8,135,76,97,51 );
insert into monstropoche values ( 83,'Veda.Lubowitz44',null,2,2,6,63,33,56,0 );
insert into monstropoche values ( 84,'Eden19',4,2,1,6,125,22,17,15 );
insert into monstropoche values ( 85,'Layne.Hane',77,0,1,7,98,60,89,40 );
insert into monstropoche values ( 86,'Diamond53',32,3,0,8,9,15,7,10 );
insert into monstropoche values ( 87,'Torrey.Gottlieb90',75,3,2,7,28,54,58,2 );
insert into monstropoche values ( 88,'Mallie.Pfeffer',null,3,1,17,65,62,21,51 );
insert into monstropoche values ( 89,'Herta_Schamberger',null,0,2,12,25,66,92,50 );
insert into monstropoche values ( 90,'Broderick_Kerluke',0,2,0,16,89,29,88,26 );
insert into monstropoche values ( 91,'Linda24',null,3,2,6,20,35,66,16 );
insert into monstropoche values ( 92,'Taryn_Legros',null,2,1,3,93,15,90,8 );
insert into monstropoche values ( 93,'Marietta.McDermott27',3,1,1,12,53,78,29,56 );
insert into monstropoche values ( 94,'Katlynn_Harber',66,0,0,1,126,50,16,29 );
insert into monstropoche values ( 95,'Jefferey31',null,0,0,17,23,49,28,1 );
insert into monstropoche values ( 96,'Arnaldo_West25',null,2,0,5,29,51,72,33 );
insert into monstropoche values ( 97,'Lauriane.Fay',90,0,2,10,77,14,62,5 );
insert into monstropoche values ( 98,'Afton.Skiles4',33,0,0,17,31,49,59,29 );
insert into monstropoche values ( 99,'Alvah_Breitenberg31',78,2,0,18,130,0,96,0 );
insert into objet_zone values ( 0,24 );
insert into objet_zone values ( 1,30 );
insert into objet_zone values ( 2,47 );
insert into objet_zone values ( 3,56 );
insert into objet_zone values ( 4,9 );
insert into objet_zone values ( 5,31 );
insert into objet_zone values ( 6,69 );
insert into objet_zone values ( 7,44 );
insert into objet_zone values ( 8,44 );
insert into objet_zone values ( 9,5 );
insert into objet_zone values ( 10,24 );
insert into objet_zone values ( 11,57 );
insert into objet_zone values ( 12,48 );
insert into objet_zone values ( 13,62 );
insert into objet_zone values ( 14,47 );
insert into objet_zone values ( 15,41 );
insert into objet_zone values ( 16,23 );
insert into objet_zone values ( 17,54 );
insert into objet_zone values ( 18,56 );
insert into objet_zone values ( 19,5 );
insert into objet_zone values ( 19,0 );
insert into objet_zone values ( 7,1 );
insert into objet_zone values ( 17,2 );
insert into objet_zone values ( 3,3 );
insert into objet_zone values ( 18,4 );
insert into objet_zone values ( 4,5 );
insert into objet_zone values ( 19,6 );
insert into objet_zone values ( 10,7 );
insert into objet_zone values ( 2,8 );
insert into objet_zone values ( 15,9 );
insert into objet_zone values ( 17,10 );
insert into objet_zone values ( 7,11 );
insert into objet_zone values ( 5,12 );
insert into objet_zone values ( 2,13 );
insert into objet_zone values ( 10,14 );
insert into objet_zone values ( 19,15 );
insert into objet_zone values ( 2,16 );
insert into objet_zone values ( 15,17 );
insert into objet_zone values ( 11,18 );
insert into objet_zone values ( 3,19 );
insert into objet_zone values ( 17,20 );
insert into objet_zone values ( 11,21 );
insert into objet_zone values ( 1,22 );
insert into objet_zone values ( 2,23 );
insert into objet_zone values ( 15,24 );
insert into objet_zone values ( 0,25 );
insert into objet_zone values ( 8,26 );
insert into objet_zone values ( 2,27 );
insert into objet_zone values ( 0,28 );
insert into objet_zone values ( 11,29 );
insert into objet_zone values ( 11,30 );
insert into objet_zone values ( 4,31 );
insert into objet_zone values ( 5,32 );
insert into objet_zone values ( 1,33 );
insert into objet_zone values ( 18,34 );
insert into objet_zone values ( 9,35 );
insert into objet_zone values ( 15,36 );
insert into objet_zone values ( 14,37 );
insert into objet_zone values ( 5,38 );
insert into objet_zone values ( 0,39 );
insert into objet_zone values ( 15,40 );
insert into objet_zone values ( 0,41 );
insert into objet_zone values ( 19,42 );
insert into objet_zone values ( 2,43 );
insert into objet_zone values ( 19,44 );
insert into objet_zone values ( 19,45 );
insert into objet_zone values ( 19,46 );
insert into objet_zone values ( 1,47 );
insert into objet_zone values ( 10,48 );
insert into objet_zone values ( 0,49 );
insert into objet_zone values ( 9,50 );
insert into objet_zone values ( 3,51 );
insert into objet_zone values ( 8,52 );
insert into objet_zone values ( 9,53 );
insert into objet_zone values ( 15,54 );
insert into objet_zone values ( 4,55 );
insert into objet_zone values ( 2,56 );
insert into objet_zone values ( 5,57 );
insert into objet_zone values ( 3,58 );
insert into objet_zone values ( 4,59 );
insert into objet_zone values ( 19,60 );
insert into objet_zone values ( 17,61 );
insert into objet_zone values ( 9,62 );
insert into objet_zone values ( 13,63 );
insert into objet_zone values ( 4,64 );
insert into objet_zone values ( 13,65 );
insert into objet_zone values ( 5,66 );
insert into objet_zone values ( 15,67 );
insert into objet_zone values ( 16,68 );
insert into objet_zone values ( 16,69 );
insert into objet_zone values ( 8,70 );
insert into objet_zone values ( 0,71 );
insert into objet_zone values ( 15,72 );
insert into objet_zone values ( 16,73 );
insert into objet_zone values ( 3,74 );
insert into objet_zone values ( 4,75 );
insert into objet_zone values ( 15,76 );
insert into objet_zone values ( 18,77 );
insert into objet_zone values ( 3,78 );
insert into espece_type values ( 0,14 );
insert into espece_type values ( 1,8 );
insert into espece_type values ( 2,5 );
insert into espece_type values ( 3,2 );
insert into espece_type values ( 4,1 );
insert into espece_type values ( 5,9 );
insert into espece_type values ( 6,5 );
insert into espece_type values ( 7,4 );
insert into espece_type values ( 8,8 );
insert into espece_type values ( 9,14 );
insert into espece_type values ( 10,12 );
insert into espece_type values ( 11,4 );
insert into espece_type values ( 12,7 );
insert into espece_type values ( 13,8 );
insert into espece_type values ( 14,0 );
insert into espece_type values ( 15,6 );
insert into espece_type values ( 16,11 );
insert into espece_type values ( 17,1 );
insert into espece_type values ( 18,14 );
insert into espece_type values ( 19,14 );
insert into espece_type values ( 20,15 );
insert into espece_type values ( 21,6 );
insert into espece_type values ( 22,2 );
insert into espece_type values ( 23,1 );
insert into espece_type values ( 24,16 );
insert into espece_type values ( 25,13 );
insert into espece_type values ( 26,5 );
insert into espece_type values ( 27,2 );
insert into espece_type values ( 28,3 );
insert into espece_type values ( 29,12 );
insert into espece_type values ( 30,12 );
insert into espece_type values ( 31,15 );
insert into espece_type values ( 32,16 );
insert into espece_type values ( 33,10 );
insert into espece_type values ( 34,4 );
insert into espece_type values ( 35,4 );
insert into espece_type values ( 36,14 );
insert into espece_type values ( 37,15 );
insert into espece_type values ( 38,11 );
insert into espece_type values ( 39,0 );
insert into espece_type values ( 40,14 );
insert into espece_type values ( 41,9 );
insert into espece_type values ( 42,5 );
insert into espece_type values ( 43,13 );
insert into espece_type values ( 44,7 );
insert into espece_type values ( 45,6 );
insert into espece_type values ( 46,5 );
insert into espece_type values ( 47,9 );
insert into espece_type values ( 48,15 );
insert into espece_type values ( 49,4 );
insert into espece_type values ( 50,16 );
insert into espece_type values ( 51,8 );
insert into espece_type values ( 52,13 );
insert into espece_type values ( 53,13 );
insert into espece_type values ( 54,16 );
insert into espece_type values ( 55,9 );
insert into espece_type values ( 56,14 );
insert into espece_type values ( 57,5 );
insert into espece_type values ( 58,3 );
insert into espece_type values ( 59,16 );
insert into espece_type values ( 60,3 );
insert into espece_type values ( 61,16 );
insert into espece_type values ( 62,0 );
insert into espece_type values ( 63,11 );
insert into espece_type values ( 64,16 );
insert into espece_type values ( 65,11 );
insert into espece_type values ( 66,10 );
insert into espece_type values ( 67,13 );
insert into espece_type values ( 68,12 );
insert into espece_type values ( 69,0 );
insert into espece_type values ( 70,15 );
insert into espece_type values ( 71,12 );
insert into espece_type values ( 72,0 );
insert into espece_type values ( 73,6 );
insert into espece_type values ( 74,7 );
insert into espece_type values ( 75,3 );
insert into espece_type values ( 76,1 );
insert into espece_type values ( 77,10 );
insert into espece_type values ( 78,8 );
insert into espece_type values ( 79,14 );
insert into espece_type values ( 80,9 );
insert into espece_type values ( 81,5 );
insert into espece_type values ( 82,16 );
insert into espece_type values ( 83,5 );
insert into espece_type values ( 84,1 );
insert into espece_type values ( 85,12 );
insert into espece_type values ( 86,2 );
insert into espece_type values ( 87,0 );
insert into espece_type values ( 88,1 );
insert into espece_type values ( 89,6 );
insert into espece_type values ( 90,5 );
insert into espece_type values ( 91,11 );
insert into espece_type values ( 92,7 );
insert into espece_type values ( 93,3 );
insert into espece_type values ( 94,13 );
insert into espece_type values ( 95,2 );
insert into espece_type values ( 96,1 );
insert into espece_type values ( 97,7 );
insert into espece_type values ( 98,3 );
insert into espece_type values ( 99,8 );
insert into espece_type values ( 100,15 );
insert into espece_type values ( 101,15 );
insert into espece_type values ( 102,16 );
insert into espece_type values ( 103,9 );
insert into espece_type values ( 104,2 );
insert into espece_type values ( 105,14 );
insert into espece_type values ( 106,14 );
insert into espece_type values ( 107,5 );
insert into espece_type values ( 108,12 );
insert into espece_type values ( 109,15 );
insert into espece_type values ( 110,0 );
insert into espece_type values ( 111,13 );
insert into espece_type values ( 112,2 );
insert into espece_type values ( 113,5 );
insert into espece_type values ( 114,14 );
insert into espece_type values ( 115,7 );
insert into espece_type values ( 116,11 );
insert into espece_type values ( 117,6 );
insert into espece_type values ( 118,11 );
insert into espece_type values ( 119,16 );
insert into espece_type values ( 120,12 );
insert into espece_type values ( 121,8 );
insert into espece_type values ( 122,10 );
insert into espece_type values ( 123,11 );
insert into espece_type values ( 124,6 );
insert into espece_type values ( 125,1 );
insert into espece_type values ( 126,5 );
insert into espece_type values ( 127,10 );
insert into espece_type values ( 128,15 );
insert into espece_type values ( 129,4 );
insert into espece_type values ( 130,16 );
insert into espece_type values ( 131,7 );
insert into espece_type values ( 132,15 );
insert into espece_type values ( 133,4 );
insert into espece_type values ( 134,14 );
insert into espece_type values ( 135,0 );
insert into espece_type values ( 136,15 );
insert into espece_type values ( 137,1 );
insert into espece_type values ( 138,7 );
insert into espece_type values ( 139,0 );
insert into espece_type values ( 140,16 );
insert into espece_type values ( 141,3 );
insert into espece_type values ( 34,0 );
insert into espece_type values ( 115,1 );
insert into espece_type values ( 136,2 );
insert into espece_type values ( 131,3 );
insert into espece_type values ( 19,4 );
insert into espece_type values ( 128,5 );
insert into espece_type values ( 81,6 );
insert into espece_type values ( 5,7 );
insert into espece_type values ( 81,8 );
insert into espece_type values ( 0,9 );
insert into espece_type values ( 108,10 );
insert into espece_type values ( 90,12 );
insert into espece_type values ( 84,13 );
insert into espece_type values ( 47,14 );
insert into espece_type values ( 47,15 );
insert into espece_type values ( 116,16 );
insert into espece_zone values ( 0,56 );
insert into espece_zone values ( 1,28 );
insert into espece_zone values ( 2,64 );
insert into espece_zone values ( 3,26 );
insert into espece_zone values ( 4,13 );
insert into espece_zone values ( 5,56 );
insert into espece_zone values ( 6,59 );
insert into espece_zone values ( 7,64 );
insert into espece_zone values ( 8,60 );
insert into espece_zone values ( 9,38 );
insert into espece_zone values ( 10,10 );
insert into espece_zone values ( 11,78 );
insert into espece_zone values ( 12,12 );
insert into espece_zone values ( 13,65 );
insert into espece_zone values ( 14,60 );
insert into espece_zone values ( 15,35 );
insert into espece_zone values ( 16,74 );
insert into espece_zone values ( 17,36 );
insert into espece_zone values ( 18,68 );
insert into espece_zone values ( 19,27 );
insert into espece_zone values ( 20,25 );
insert into espece_zone values ( 21,40 );
insert into espece_zone values ( 22,2 );
insert into espece_zone values ( 23,76 );
insert into espece_zone values ( 24,50 );
insert into espece_zone values ( 25,40 );
insert into espece_zone values ( 26,61 );
insert into espece_zone values ( 27,10 );
insert into espece_zone values ( 28,42 );
insert into espece_zone values ( 29,58 );
insert into espece_zone values ( 30,38 );
insert into espece_zone values ( 31,33 );
insert into espece_zone values ( 32,45 );
insert into espece_zone values ( 33,23 );
insert into espece_zone values ( 34,58 );
insert into espece_zone values ( 35,49 );
insert into espece_zone values ( 36,66 );
insert into espece_zone values ( 37,39 );
insert into espece_zone values ( 38,6 );
insert into espece_zone values ( 39,48 );
insert into espece_zone values ( 40,16 );
insert into espece_zone values ( 41,56 );
insert into espece_zone values ( 42,47 );
insert into espece_zone values ( 43,63 );
insert into espece_zone values ( 44,36 );
insert into espece_zone values ( 45,69 );
insert into espece_zone values ( 46,19 );
insert into espece_zone values ( 47,66 );
insert into espece_zone values ( 48,69 );
insert into espece_zone values ( 49,15 );
insert into espece_zone values ( 50,61 );
insert into espece_zone values ( 51,0 );
insert into espece_zone values ( 52,66 );
insert into espece_zone values ( 53,26 );
insert into espece_zone values ( 54,28 );
insert into espece_zone values ( 55,7 );
insert into espece_zone values ( 56,53 );
insert into espece_zone values ( 57,39 );
insert into espece_zone values ( 58,3 );
insert into espece_zone values ( 59,1 );
insert into espece_zone values ( 60,17 );
insert into espece_zone values ( 61,54 );
insert into espece_zone values ( 62,36 );
insert into espece_zone values ( 63,24 );
insert into espece_zone values ( 64,34 );
insert into espece_zone values ( 65,8 );
insert into espece_zone values ( 66,20 );
insert into espece_zone values ( 67,0 );
insert into espece_zone values ( 68,55 );
insert into espece_zone values ( 69,21 );
insert into espece_zone values ( 70,32 );
insert into espece_zone values ( 71,19 );
insert into espece_zone values ( 72,9 );
insert into espece_zone values ( 73,40 );
insert into espece_zone values ( 74,61 );
insert into espece_zone values ( 75,49 );
insert into espece_zone values ( 76,42 );
insert into espece_zone values ( 77,40 );
insert into espece_zone values ( 78,36 );
insert into espece_zone values ( 79,60 );
insert into espece_zone values ( 80,73 );
insert into espece_zone values ( 81,46 );
insert into espece_zone values ( 82,34 );
insert into espece_zone values ( 83,45 );
insert into espece_zone values ( 84,29 );
insert into espece_zone values ( 85,33 );
insert into espece_zone values ( 86,6 );
insert into espece_zone values ( 87,74 );
insert into espece_zone values ( 88,42 );
insert into espece_zone values ( 89,16 );
insert into espece_zone values ( 90,18 );
insert into espece_zone values ( 91,36 );
insert into espece_zone values ( 92,1 );
insert into espece_zone values ( 93,25 );
insert into espece_zone values ( 94,49 );
insert into espece_zone values ( 95,71 );
insert into espece_zone values ( 96,46 );
insert into espece_zone values ( 97,28 );
insert into espece_zone values ( 98,37 );
insert into espece_zone values ( 99,43 );
insert into espece_zone values ( 100,45 );
insert into espece_zone values ( 101,23 );
insert into espece_zone values ( 102,39 );
insert into espece_zone values ( 103,76 );
insert into espece_zone values ( 104,42 );
insert into espece_zone values ( 105,13 );
insert into espece_zone values ( 106,30 );
insert into espece_zone values ( 107,33 );
insert into espece_zone values ( 108,48 );
insert into espece_zone values ( 109,66 );
insert into espece_zone values ( 110,69 );
insert into espece_zone values ( 111,11 );
insert into espece_zone values ( 112,73 );
insert into espece_zone values ( 113,30 );
insert into espece_zone values ( 114,69 );
insert into espece_zone values ( 115,49 );
insert into espece_zone values ( 116,52 );
insert into espece_zone values ( 117,40 );
insert into espece_zone values ( 118,0 );
insert into espece_zone values ( 119,47 );
insert into espece_zone values ( 120,48 );
insert into espece_zone values ( 121,20 );
insert into espece_zone values ( 122,70 );
insert into espece_zone values ( 123,26 );
insert into espece_zone values ( 124,27 );
insert into espece_zone values ( 125,3 );
insert into espece_zone values ( 126,53 );
insert into espece_zone values ( 127,71 );
insert into espece_zone values ( 128,2 );
insert into espece_zone values ( 129,42 );
insert into espece_zone values ( 130,73 );
insert into espece_zone values ( 131,22 );
insert into espece_zone values ( 132,33 );
insert into espece_zone values ( 133,35 );
insert into espece_zone values ( 134,32 );
insert into espece_zone values ( 135,37 );
insert into espece_zone values ( 136,33 );
insert into espece_zone values ( 137,53 );
insert into espece_zone values ( 138,32 );
insert into espece_zone values ( 139,39 );
insert into espece_zone values ( 140,32 );
insert into espece_zone values ( 141,17 );
insert into espece_zone values ( 83,0 );
insert into espece_zone values ( 99,1 );
insert into espece_zone values ( 94,2 );
insert into espece_zone values ( 107,3 );
insert into espece_zone values ( 67,4 );
insert into espece_zone values ( 6,5 );
insert into espece_zone values ( 139,6 );
insert into espece_zone values ( 125,7 );
insert into espece_zone values ( 48,8 );
insert into espece_zone values ( 131,9 );
insert into espece_zone values ( 7,10 );
insert into espece_zone values ( 41,11 );
insert into espece_zone values ( 63,12 );
insert into espece_zone values ( 72,13 );
insert into espece_zone values ( 22,14 );
insert into espece_zone values ( 129,15 );
insert into espece_zone values ( 83,16 );
insert into espece_zone values ( 48,17 );
insert into espece_zone values ( 5,18 );
insert into espece_zone values ( 104,19 );
insert into espece_zone values ( 32,20 );
insert into espece_zone values ( 18,21 );
insert into espece_zone values ( 90,22 );
insert into espece_zone values ( 65,23 );
insert into espece_zone values ( 12,24 );
insert into espece_zone values ( 49,25 );
insert into espece_zone values ( 110,26 );
insert into espece_zone values ( 50,27 );
insert into espece_zone values ( 103,28 );
insert into espece_zone values ( 44,29 );
insert into espece_zone values ( 84,30 );
insert into espece_zone values ( 121,31 );
insert into espece_zone values ( 63,32 );
insert into espece_zone values ( 121,33 );
insert into espece_zone values ( 22,34 );
insert into espece_zone values ( 18,35 );
insert into espece_zone values ( 4,36 );
insert into espece_zone values ( 127,37 );
insert into espece_zone values ( 85,38 );
insert into espece_zone values ( 51,39 );
insert into espece_zone values ( 9,40 );
insert into espece_zone values ( 133,41 );
insert into espece_zone values ( 113,42 );
insert into espece_zone values ( 87,43 );
insert into espece_zone values ( 39,44 );
insert into espece_zone values ( 79,45 );
insert into espece_zone values ( 94,46 );
insert into espece_zone values ( 31,47 );
insert into espece_zone values ( 42,48 );
insert into espece_zone values ( 49,49 );
insert into espece_zone values ( 26,51 );
insert into espece_zone values ( 32,52 );
insert into espece_zone values ( 60,53 );
insert into espece_zone values ( 104,54 );
insert into espece_zone values ( 122,55 );
insert into espece_zone values ( 77,56 );
insert into espece_zone values ( 61,57 );
insert into espece_zone values ( 12,58 );
insert into espece_zone values ( 46,59 );
insert into espece_zone values ( 113,60 );
insert into espece_zone values ( 48,61 );
insert into espece_zone values ( 36,62 );
insert into espece_zone values ( 81,63 );
insert into espece_zone values ( 91,64 );
insert into espece_zone values ( 50,65 );
insert into espece_zone values ( 90,66 );
insert into espece_zone values ( 112,67 );
insert into espece_zone values ( 14,68 );
insert into espece_zone values ( 9,69 );
insert into espece_zone values ( 101,70 );
insert into espece_zone values ( 39,71 );
insert into espece_zone values ( 99,72 );
insert into espece_zone values ( 101,73 );
insert into espece_zone values ( 27,75 );
insert into espece_zone values ( 67,76 );
insert into espece_zone values ( 23,77 );
insert into espece_zone values ( 64,78 );
insert into monstropoche_attaque values ( 0,14 );
insert into monstropoche_attaque values ( 1,20 );
insert into monstropoche_attaque values ( 2,26 );
insert into monstropoche_attaque values ( 3,3 );
insert into monstropoche_attaque values ( 4,22 );
insert into monstropoche_attaque values ( 5,13 );
insert into monstropoche_attaque values ( 6,21 );
insert into monstropoche_attaque values ( 7,19 );
insert into monstropoche_attaque values ( 8,25 );
insert into monstropoche_attaque values ( 9,6 );
insert into monstropoche_attaque values ( 10,9 );
insert into monstropoche_attaque values ( 11,24 );
insert into monstropoche_attaque values ( 12,2 );
insert into monstropoche_attaque values ( 13,25 );
insert into monstropoche_attaque values ( 14,4 );
insert into monstropoche_attaque values ( 15,12 );
insert into monstropoche_attaque values ( 16,15 );
insert into monstropoche_attaque values ( 17,17 );
insert into monstropoche_attaque values ( 18,4 );
insert into monstropoche_attaque values ( 19,26 );
insert into monstropoche_attaque values ( 20,20 );
insert into monstropoche_attaque values ( 21,0 );
insert into monstropoche_attaque values ( 22,20 );
insert into monstropoche_attaque values ( 23,20 );
insert into monstropoche_attaque values ( 24,26 );
insert into monstropoche_attaque values ( 25,7 );
insert into monstropoche_attaque values ( 26,7 );
insert into monstropoche_attaque values ( 27,6 );
insert into monstropoche_attaque values ( 28,27 );
insert into monstropoche_attaque values ( 29,25 );
insert into monstropoche_attaque values ( 30,7 );
insert into monstropoche_attaque values ( 31,24 );
insert into monstropoche_attaque values ( 32,13 );
insert into monstropoche_attaque values ( 33,23 );
insert into monstropoche_attaque values ( 34,17 );
insert into monstropoche_attaque values ( 35,5 );
insert into monstropoche_attaque values ( 36,0 );
insert into monstropoche_attaque values ( 37,8 );
insert into monstropoche_attaque values ( 38,26 );
insert into monstropoche_attaque values ( 39,20 );
insert into monstropoche_attaque values ( 40,12 );
insert into monstropoche_attaque values ( 41,10 );
insert into monstropoche_attaque values ( 42,18 );
insert into monstropoche_attaque values ( 43,5 );
insert into monstropoche_attaque values ( 44,27 );
insert into monstropoche_attaque values ( 45,6 );
insert into monstropoche_attaque values ( 46,4 );
insert into monstropoche_attaque values ( 47,2 );
insert into monstropoche_attaque values ( 48,22 );
insert into monstropoche_attaque values ( 49,7 );
insert into monstropoche_attaque values ( 50,10 );
insert into monstropoche_attaque values ( 51,10 );
insert into monstropoche_attaque values ( 52,19 );
insert into monstropoche_attaque values ( 53,10 );
insert into monstropoche_attaque values ( 54,19 );
insert into monstropoche_attaque values ( 55,18 );
insert into monstropoche_attaque values ( 56,11 );
insert into monstropoche_attaque values ( 57,26 );
insert into monstropoche_attaque values ( 58,8 );
insert into monstropoche_attaque values ( 59,22 );
insert into monstropoche_attaque values ( 60,19 );
insert into monstropoche_attaque values ( 61,7 );
insert into monstropoche_attaque values ( 62,24 );
insert into monstropoche_attaque values ( 63,1 );
insert into monstropoche_attaque values ( 64,17 );
insert into monstropoche_attaque values ( 65,1 );
insert into monstropoche_attaque values ( 66,24 );
insert into monstropoche_attaque values ( 67,2 );
insert into monstropoche_attaque values ( 68,28 );
insert into monstropoche_attaque values ( 69,8 );
insert into monstropoche_attaque values ( 70,8 );
insert into monstropoche_attaque values ( 71,28 );
insert into monstropoche_attaque values ( 72,11 );
insert into monstropoche_attaque values ( 73,1 );
insert into monstropoche_attaque values ( 74,3 );
insert into monstropoche_attaque values ( 75,28 );
insert into monstropoche_attaque values ( 76,5 );
insert into monstropoche_attaque values ( 77,17 );
insert into monstropoche_attaque values ( 78,27 );
insert into monstropoche_attaque values ( 79,3 );
insert into monstropoche_attaque values ( 80,2 );
insert into monstropoche_attaque values ( 81,23 );
insert into monstropoche_attaque values ( 82,15 );
insert into monstropoche_attaque values ( 83,16 );
insert into monstropoche_attaque values ( 84,2 );
insert into monstropoche_attaque values ( 85,19 );
insert into monstropoche_attaque values ( 86,13 );
insert into monstropoche_attaque values ( 87,10 );
insert into monstropoche_attaque values ( 88,16 );
insert into monstropoche_attaque values ( 89,24 );
insert into monstropoche_attaque values ( 90,26 );
insert into monstropoche_attaque values ( 91,26 );
insert into monstropoche_attaque values ( 92,26 );
insert into monstropoche_attaque values ( 93,14 );
insert into monstropoche_attaque values ( 94,6 );
insert into monstropoche_attaque values ( 95,28 );
insert into monstropoche_attaque values ( 96,27 );
insert into monstropoche_attaque values ( 97,11 );
insert into monstropoche_attaque values ( 98,2 );
insert into monstropoche_attaque values ( 99,15 );
insert into monstropoche_attaque values ( 72,0 );
insert into monstropoche_attaque values ( 79,1 );
insert into monstropoche_attaque values ( 1,2 );
insert into monstropoche_attaque values ( 30,3 );
insert into monstropoche_attaque values ( 48,4 );
insert into monstropoche_attaque values ( 93,5 );
insert into monstropoche_attaque values ( 24,7 );
insert into monstropoche_attaque values ( 3,8 );
insert into monstropoche_attaque values ( 51,9 );
insert into monstropoche_attaque values ( 69,10 );
insert into monstropoche_attaque values ( 81,11 );
insert into monstropoche_attaque values ( 46,12 );
insert into monstropoche_attaque values ( 48,13 );
insert into monstropoche_attaque values ( 23,14 );
insert into monstropoche_attaque values ( 54,15 );
insert into monstropoche_attaque values ( 54,16 );
insert into monstropoche_attaque values ( 19,17 );
insert into monstropoche_attaque values ( 78,18 );
insert into monstropoche_attaque values ( 83,19 );
insert into monstropoche_attaque values ( 88,20 );
insert into monstropoche_attaque values ( 42,21 );
insert into monstropoche_attaque values ( 15,22 );
insert into monstropoche_attaque values ( 54,23 );
insert into monstropoche_attaque values ( 32,24 );
insert into monstropoche_attaque values ( 35,25 );
insert into monstropoche_attaque values ( 13,26 );
insert into monstropoche_attaque values ( 87,27 );
insert into monstropoche_attaque values ( 2,28 );
