drop table monstropoche_attaque;
drop table espece_zone;
drop table espece_type;
drop table objet_zone;
drop table monstropoche;
drop table espece;
drop table etat;
drop table genre;
drop table objet;
drop table zone;
drop table attaque;
drop table type;
drop table proprietaire;

create table proprietaire (id int not null, nom varchar(255) not null, primary key(id));
create table type (id int not null, nom varchar(255) not null, primary key(id));
create table attaque (id int not null, type_id int not null, nom varchar(255) not null, puissance int not null, perequis int not null, precizion int not null, constraint fk_attaque_type foreign key (type_id) references type(id), primary key(id));
create table zone (id int not null, nom varchar(255) not null, primary key(id));
create table objet (id int not null, nom varchar(255) not null, est_unique number(1) not null, est_defensif number(1), est_offensif number(1), primary key(id));
create table genre (id int not null, femelle number(1) not null, male number(1) not null, primary key(id));
create table etat (id int not null, nom varchar(255) not null, primary key(id));
create table espece (id int not null, objet_id int, source_id int, nom varchar(255) not null, constraint fk_espece_objet foreign key (objet_id) references objet(id), constraint fk_espece_espece foreign key (source_id) references espece(id), primary key(id));
create table monstropoche (id int not null, surnom varchar(255) not null, proprietaire_id int, genre_id int not null, etat_id int not null, objet_id int, espece_id int not null, pv int not null, pe int not null, pv_actuel int not null, constraint fk_monstropoche_proprietaire foreign key (proprietaire_id) references proprietaire(id), constraint fk_monstropoche_genre foreign key (genre_id) references genre(id), constraint fk_monstropoche_etat foreign key (etat_id) references etat(id), constraint fk_monstropoche_objet foreign key (objet_id) references objet(id), constraint fk_monstropoche_espece foreign key (espece_id) references espece(id), primary key(id));
create table objet_zone (objet_id int not null, zone_id int not null, constraint fk_objet_zone_objet foreign key (objet_id) references objet(id), constraint fk_objet_zone_zone foreign key (zone_id) references zone(id), primary key(objet_id, zone_id));
create table espece_type (espece_id int not null, type_id int not null, constraint fk_espece_type_espece foreign key (espece_id) references espece(id), constraint fk_espece_type_type foreign key (type_id) references type(id), primary key(espece_id, type_id));
create table espece_zone (espece_id int not null, zone_id int not null, constraint fk_espece_zone_espece foreign key (espece_id) references espece(id), constraint fk_espece_zone_zone foreign key (zone_id) references zone(id), primary key(espece_id, zone_id));
create table monstropoche_attaque (monstropoche_id int not null, attaque_id int not null, constraint fk_monstropoche_attaque_m foreign key (monstropoche_id) references monstropoche(id), constraint fk_monstropoche_attaque_a foreign key (attaque_id) references attaque(id), primary key(monstropoche_id, attaque_id));

delete from monstropoche_attaque;
delete from espece_zone;
delete from espece_type;
delete from objet_zone;
delete from monstropoche;
delete from espece;
delete from etat;
delete from type;
delete from genre;
delete from objet;
delete from attaque;
delete from zone;
delete from proprietaire;

insert into proprietaire values ( 0,'M Camille Thomas' );
insert into proprietaire values ( 1,'Dr Hugo Olivier' );
insert into proprietaire values ( 2,'Julie Deschamps' );
insert into proprietaire values ( 3,'Ethan Olivier' );
insert into proprietaire values ( 4,'Lisa Legrand' );
insert into proprietaire values ( 5,'Adrien Francois DVM' );
insert into proprietaire values ( 6,'Emilie Paul' );
insert into proprietaire values ( 7,'Adrien Schneider' );
insert into proprietaire values ( 8,'Léa Lopez' );
insert into proprietaire values ( 9,'Mme Antoine Perrin' );
insert into proprietaire values ( 10,'Emilie Olivier III' );
insert into proprietaire values ( 11,'Tom Lucas' );
insert into proprietaire values ( 12,'Valentin Gauthier' );
insert into proprietaire values ( 13,'Célia Huet PhD' );
insert into proprietaire values ( 14,'Kylian Mathieu' );
insert into proprietaire values ( 15,'Pierre Schneider' );
insert into proprietaire values ( 16,'Manon Bernard II' );
insert into proprietaire values ( 17,'Mathis Lemaire' );
insert into proprietaire values ( 18,'Noah Dumont' );
insert into proprietaire values ( 19,'Paul Meunier' );
insert into proprietaire values ( 20,'Rayan Garnier' );
insert into proprietaire values ( 21,'Arthur Garnier' );
insert into proprietaire values ( 22,'Maxence Marty' );
insert into proprietaire values ( 23,'Evan Fabre' );
insert into proprietaire values ( 24,'Alicia Laurent' );
insert into proprietaire values ( 25,'Dr Victor Nicolas' );
insert into proprietaire values ( 26,'Emilie Renard' );
insert into proprietaire values ( 27,'Noémie Carpentier' );
insert into proprietaire values ( 28,'Quentin Sanchez' );
insert into proprietaire values ( 29,'Gabriel Guyot' );
insert into proprietaire values ( 30,'Maeva Robin' );
insert into proprietaire values ( 31,'Yanis Carre II' );
insert into proprietaire values ( 32,'Mathis Clement' );
insert into proprietaire values ( 33,'Prof Camille Schmitt' );
insert into proprietaire values ( 34,'Victor Roux' );
insert into proprietaire values ( 35,'Charlotte Thomas' );
insert into proprietaire values ( 36,'Mattéo Guerin' );
insert into proprietaire values ( 37,'Louis Bonnet' );
insert into proprietaire values ( 38,'Kylian Arnaud' );
insert into proprietaire values ( 39,'Mlle Océane Garnier' );
insert into proprietaire values ( 40,'Mlle Enzo Perrin' );
insert into proprietaire values ( 41,'Mme Baptiste Aubry' );
insert into proprietaire values ( 42,'Mme Charlotte Michel' );
insert into proprietaire values ( 43,'Arthur Da silva' );
insert into proprietaire values ( 44,'Lina Royer' );
insert into proprietaire values ( 45,'Jeanne Leclerc' );
insert into proprietaire values ( 46,'Mme Nathan Charpentier' );
insert into proprietaire values ( 47,'Carla Lopez' );
insert into proprietaire values ( 48,'Maeva Guyot' );
insert into proprietaire values ( 49,'Chloé Aubry' );
insert into proprietaire values ( 50,'Laura Marie' );
insert into proprietaire values ( 51,'Ambre Renault' );
insert into proprietaire values ( 52,'Dr Romain Schneider' );
insert into proprietaire values ( 53,'Juliette Guerin' );
insert into proprietaire values ( 54,'M Quentin Nguyen' );
insert into proprietaire values ( 55,'Thomas Barre' );
insert into proprietaire values ( 56,'Nicolas Philippe' );
insert into proprietaire values ( 57,'Mattéo Barre' );
insert into proprietaire values ( 58,'Rayan Meyer' );
insert into proprietaire values ( 59,'Dr Sarah Colin' );
insert into proprietaire values ( 60,'Dr Noa Lecomte' );
insert into proprietaire values ( 61,'Rayan Nguyen' );
insert into proprietaire values ( 62,'Benjamin Deschamps' );
insert into proprietaire values ( 63,'Maëlys Menard' );
insert into proprietaire values ( 64,'Anaïs Lecomte V' );
insert into proprietaire values ( 65,'Ethan Pierre' );
insert into proprietaire values ( 66,'Prof Charlotte Paris' );
insert into proprietaire values ( 67,'Tom Guyot' );
insert into proprietaire values ( 68,'Lola Picard' );
insert into proprietaire values ( 69,'Maëlle Fernandez' );
insert into proprietaire values ( 70,'Clément Guyot' );
insert into proprietaire values ( 71,'Marie Perrot' );
insert into proprietaire values ( 72,'Thomas Baron' );
insert into proprietaire values ( 73,'Maëlys Aubry' );
insert into proprietaire values ( 74,'Charlotte Carpentier' );
insert into proprietaire values ( 75,'Nathan Marie' );
insert into proprietaire values ( 76,'Noémie Joly' );
insert into proprietaire values ( 77,'Raphaël Poirier' );
insert into proprietaire values ( 78,'Célia Morel' );
insert into proprietaire values ( 79,'Mael Fernandez' );
insert into proprietaire values ( 80,'Mael Perrot' );
insert into proprietaire values ( 81,'Prof Clément Francois' );
insert into proprietaire values ( 82,'Jade Poirier' );
insert into proprietaire values ( 83,'Emilie Durand' );
insert into proprietaire values ( 84,'Théo Riviere II' );
insert into proprietaire values ( 85,'Tom Meunier' );
insert into proprietaire values ( 86,'Baptiste Lopez PhD' );
insert into proprietaire values ( 87,'Mme Mathéo Leroux' );
insert into proprietaire values ( 88,'Alexandre Carpentier' );
insert into proprietaire values ( 89,'Mohamed Chevalier' );
insert into proprietaire values ( 90,'Victor Laine' );
insert into proprietaire values ( 91,'Anaïs Dufour' );
insert into proprietaire values ( 92,'Louna Roy' );
insert into proprietaire values ( 93,'Manon Dupont' );
insert into proprietaire values ( 94,'Laura Lecomte' );
insert into proprietaire values ( 95,'Prof Noa Girard' );
insert into proprietaire values ( 96,'Baptiste Pierre' );
insert into proprietaire values ( 97,'Axel Masson' );
insert into proprietaire values ( 98,'Mme Sacha Barbier' );
insert into type values ( 0,'Glace' );
insert into type values ( 1,'Dragon' );
insert into type values ( 2,'Sol' );
insert into type values ( 3,'Plante' );
insert into type values ( 4,'Feu' );
insert into type values ( 5,'Eau' );
insert into type values ( 6,'Électrique' );
insert into type values ( 7,'Psy' );
insert into type values ( 8,'Spectre' );
insert into type values ( 9,'Ténèbre' );
insert into type values ( 10,'Fée' );
insert into type values ( 11,'Acier' );
insert into type values ( 12,'Poison' );
insert into type values ( 13,'Roche' );
insert into type values ( 14,'Combat' );
insert into type values ( 15,'Insecte' );
insert into type values ( 16,'Normal' );
insert into attaque values ( 0,5,'Triplattaque',239,61,79 );
insert into attaque values ( 1,10,'Escalade',20,70,90 );
insert into attaque values ( 2,13,'Morphing',10,31,77 );
insert into attaque values ( 3,10,'Vœu',51,96,7 );
insert into attaque values ( 4,13,'Grobisou',0,13,97 );
insert into attaque values ( 5,2,'Pilonnage',224,86,16 );
insert into attaque values ( 6,1,'Recyclage',100,60,6 );
insert into attaque values ( 7,13,'Regard Médusant',19,20,86 );
insert into attaque values ( 8,7,'E-Coque',85,39,90 );
insert into attaque values ( 9,6,'Constriction',107,70,41 );
insert into attaque values ( 10,13,'Picanon',247,2,96 );
insert into attaque values ( 11,15,'Uppercut',115,63,2 );
insert into attaque values ( 12,16,'Coup de Main',136,77,44 );
insert into attaque values ( 13,6,'Flash',147,76,86 );
insert into attaque values ( 14,2,'Conversion',143,95,88 );
insert into attaque values ( 15,12,'Affûtage',239,41,95 );
insert into attaque values ( 16,9,'Croc de Mort',48,81,87 );
insert into attaque values ( 17,11,'Par Ici',25,18,67 );
insert into attaque values ( 18,6,'Attrition',237,71,92 );
insert into attaque values ( 19,8,'Force-Nature',193,15,27 );
insert into attaque values ( 20,10,'Combo-Griffe',52,24,90 );
insert into attaque values ( 21,6,'Explosion',105,29,5 );
insert into attaque values ( 22,0,'Trempette',128,86,34 );
insert into attaque values ( 23,12,'Exuviation',108,53,38 );
insert into attaque values ( 24,3,'CoudKrâne',115,1,46 );
insert into attaque values ( 25,7,'Météores',12,28,36 );
insert into attaque values ( 26,14,'Relais',131,49,80 );
insert into attaque values ( 27,1,'Rengorgement',224,11,17 );
insert into attaque values ( 28,1,'BoulArmure',125,59,18 );
insert into zone values ( 0,'Israel' );
insert into zone values ( 1,'Oman' );
insert into zone values ( 2,'Sierra Leone' );
insert into zone values ( 3,'Malta' );
insert into zone values ( 4,'Somalia' );
insert into zone values ( 5,'Jersey' );
insert into zone values ( 6,'Croatia' );
insert into zone values ( 7,'Montserrat' );
insert into zone values ( 8,'Bermuda' );
insert into zone values ( 9,'Congo' );
insert into zone values ( 10,'Portugal' );
insert into zone values ( 11,'Moldova' );
insert into zone values ( 12,'Iran' );
insert into zone values ( 13,'Guinea' );
insert into zone values ( 14,'Guatemala' );
insert into zone values ( 15,'Madagascar' );
insert into zone values ( 16,'Morocco' );
insert into zone values ( 17,'Barbados' );
insert into zone values ( 18,'Mauritania' );
insert into zone values ( 19,'Vietnam' );
insert into zone values ( 20,'Heard Island and McDonald Islands' );
insert into zone values ( 21,'Albania' );
insert into zone values ( 22,'Western Sahara' );
insert into zone values ( 23,'China' );
insert into zone values ( 24,'Chile' );
insert into zone values ( 25,'Sao Tome and Principe' );
insert into zone values ( 26,'South Africa' );
insert into zone values ( 27,'Serbia' );
insert into zone values ( 28,'Trinidad and Tobago' );
insert into zone values ( 29,'British Indian Ocean Territory (Chagos Archipelago)' );
insert into zone values ( 30,'Ethiopia' );
insert into zone values ( 31,'Ireland' );
insert into zone values ( 32,'El Salvador' );
insert into zone values ( 33,'Brunei Darussalam' );
insert into zone values ( 34,'Lebanon' );
insert into zone values ( 35,'Greenland' );
insert into zone values ( 36,'Liechtenstein' );
insert into zone values ( 37,'Latvia' );
insert into zone values ( 38,'Democratic Peoples Republic of Korea' );
insert into zone values ( 39,'Kyrgyz Republic' );
insert into zone values ( 40,'Philippines' );
insert into zone values ( 41,'Mexico' );
insert into zone values ( 42,'American Samoa' );
insert into zone values ( 43,'Kazakhstan' );
insert into zone values ( 44,'Tanzania' );
insert into zone values ( 45,'Zimbabwe' );
insert into zone values ( 46,'Belgium' );
insert into zone values ( 47,'French Guiana' );
insert into zone values ( 48,'Singapore' );
insert into zone values ( 49,'Burkina Faso' );
insert into zone values ( 50,'Eritrea' );
insert into zone values ( 51,'Mali' );
insert into zone values ( 52,'Republic of Korea' );
insert into zone values ( 53,'Armenia' );
insert into zone values ( 54,'Bosnia and Herzegovina' );
insert into zone values ( 55,'Colombia' );
insert into zone values ( 56,'Afghanistan' );
insert into zone values ( 57,'Togo' );
insert into zone values ( 58,'India' );
insert into zone values ( 59,'Sudan' );
insert into zone values ( 60,'Syrian Arab Republic' );
insert into zone values ( 61,'Romania' );
insert into zone values ( 62,'Macao' );
insert into zone values ( 63,'Tajikistan' );
insert into zone values ( 64,'United States of America' );
insert into zone values ( 65,'Peru' );
insert into zone values ( 66,'Tunisia' );
insert into zone values ( 67,'Saint Helena' );
insert into zone values ( 68,'Slovakia (Slovak Republic)' );
insert into zone values ( 69,'Kuwait' );
insert into zone values ( 70,'Malawi' );
insert into zone values ( 71,'Bhutan' );
insert into zone values ( 72,'Ukraine' );
insert into zone values ( 73,'Honduras' );
insert into zone values ( 74,'Grenada' );
insert into zone values ( 75,'Saudi Arabia' );
insert into zone values ( 76,'Antarctica (the territory South of 60 deg S)' );
insert into zone values ( 77,'Bahrain' );
insert into zone values ( 78,'Vanuatu' );
insert into zone values ( 79,'Martinique' );
insert into zone values ( 80,'South Georgia and the South Sandwich Islands' );
insert into zone values ( 81,'Lao Peoples Democratic Republic' );
insert into zone values ( 82,'France' );
insert into zone values ( 83,'Macedonia' );
insert into zone values ( 84,'Gambia' );
insert into zone values ( 85,'Gibraltar' );
insert into zone values ( 86,'Slovenia' );
insert into zone values ( 87,'Faroe Islands' );
insert into zone values ( 88,'Chad' );
insert into objet values ( 0,'Défense +',0,0,1 );
insert into objet values ( 1,'Muscle +',0,0,0 );
insert into objet values ( 2,'Défense Spéc',1,1,0 );
insert into objet values ( 3,'Déf. Spé. +',1,1,0 );
insert into objet values ( 4,'Attaque +',0,0,1 );
insert into objet values ( 5,'Spécial +',0,0,1 );
insert into objet values ( 6,'Précision +',1,0,0 );
insert into objet values ( 7,'Vitesse +',1,1,1 );
insert into objet values ( 8,'Baie Tamato',1,1,0 );
insert into objet values ( 9,'Baie Résin',1,1,0 );
insert into objet values ( 10,'Baie Lonme',1,0,1 );
insert into objet values ( 11,'Baie Qualot',0,1,0 );
insert into objet values ( 12,'Baie Alga',0,1,1 );
insert into objet values ( 13,'Baie Grena',1,1,1 );
insert into objet values ( 14,'Baie Mepo',0,1,1 );
insert into objet values ( 15,'Baie Willia',0,1,1 );
insert into objet values ( 16,'Baie Fraive',0,0,0 );
insert into objet values ( 17,'Baie Pêcha',0,1,1 );
insert into objet values ( 18,'Baie Maron',0,1,1 );
insert into objet values ( 19,'Baie Oran',0,1,0 );
insert into genre values ( 0,0,0 );
insert into genre values ( 1,0,1 );
insert into genre values ( 2,1,1 );
insert into genre values ( 3,1,0 );
insert into etat values ( 0,'Mission' );
insert into etat values ( 1,'Repos' );
insert into etat values ( 2,'Reproduction' );
insert into espece values ( 0,null,null,'Bulbizarre' );
insert into espece values ( 1,null,null,'Chenipan' );
insert into espece values ( 2,null,null,'Voltorbe' );
insert into espece values ( 3,null,null,'Électrode' );
insert into espece values ( 4,null,null,'Nœunœuf' );
insert into espece values ( 5,null,null,'Noadkoko' );
insert into espece values ( 6,null,1,'Osselait' );
insert into espece values ( 7,null,null,'Ossatueur' );
insert into espece values ( 8,null,null,'Kicklee' );
insert into espece values ( 9,null,null,'Tygnon' );
insert into espece values ( 10,null,null,'Excelangue' );
insert into espece values ( 11,null,null,'Smogo' );
insert into espece values ( 12,null,null,'Chrysacier' );
insert into espece values ( 13,null,null,'Smogogo' );
insert into espece values ( 14,null,null,'Rhinocorne' );
insert into espece values ( 15,null,null,'Rhinoféros' );
insert into espece values ( 16,null,null,'Leveinard' );
insert into espece values ( 17,null,null,'Saquedeneu' );
insert into espece values ( 18,null,null,'Kangourex' );
insert into espece values ( 19,null,null,'Hypotrempe' );
insert into espece values ( 20,null,null,'Hypocéan' );
insert into espece values ( 21,null,null,'Poissirène' );
insert into espece values ( 22,null,null,'Poissoroy' );
insert into espece values ( 23,null,null,'Papilusion' );
insert into espece values ( 24,null,null,'Stari' );
insert into espece values ( 25,null,null,'Staross' );
insert into espece values ( 26,null,null,'M.Mime' );
insert into espece values ( 27,null,null,'Insécateur' );
insert into espece values ( 28,null,null,'Lippoutou' );
insert into espece values ( 29,null,null,'Élektek' );
insert into espece values ( 30,null,null,'Magmar' );
insert into espece values ( 31,null,null,'Scarabrute' );
insert into espece values ( 32,null,null,'Tauros' );
insert into espece values ( 33,null,30,'Magicarpe' );
insert into espece values ( 34,null,null,'Aspicot' );
insert into espece values ( 35,null,null,'Léviator' );
insert into espece values ( 36,null,25,'Lokhlass' );
insert into espece values ( 37,null,null,'Métamorph' );
insert into espece values ( 38,null,null,'Évoli' );
insert into espece values ( 39,null,null,'Aquali' );
insert into espece values ( 40,null,null,'Voltali' );
insert into espece values ( 41,null,null,'Pyroli' );
insert into espece values ( 42,null,null,'Porygon' );
insert into espece values ( 43,null,null,'Amonita' );
insert into espece values ( 44,null,null,'Amonistar' );
insert into espece values ( 45,null,null,'Coconfort' );
insert into espece values ( 46,null,null,'Kabuto' );
insert into espece values ( 47,null,null,'Kabutops' );
insert into espece values ( 48,null,null,'Ptéra' );
insert into espece values ( 49,null,null,'Ronflex' );
insert into espece values ( 50,null,null,'Artikodin' );
insert into espece values ( 51,null,31,'Électhor' );
insert into espece values ( 52,null,6,'Sulfura' );
insert into espece values ( 53,null,null,'Minidraco' );
insert into espece values ( 54,null,null,'Draco' );
insert into espece values ( 55,null,33,'Dracolosse' );
insert into espece values ( 56,null,null,'Dardargnan' );
insert into espece values ( 57,null,null,'Mewtwo' );
insert into espece values ( 58,null,null,'Mew' );
insert into espece values ( 59,null,null,'Roucool' );
insert into espece values ( 60,null,null,'Roucoups' );
insert into espece values ( 61,null,null,'Roucarnage' );
insert into espece values ( 62,null,null,'Rattata' );
insert into espece values ( 63,null,null,'Herbizarre' );
insert into espece values ( 64,null,12,'Rattatac' );
insert into espece values ( 65,null,null,'Piafabec' );
insert into espece values ( 66,null,null,'Rapasdepic' );
insert into espece values ( 67,null,null,'Abo' );
insert into espece values ( 68,null,null,'Arbok' );
insert into espece values ( 69,null,null,'Pikachu' );
insert into espece values ( 70,null,null,'Raichu' );
insert into espece values ( 71,null,null,'Sabelette' );
insert into espece values ( 72,null,null,'Sablaireau' );
insert into espece values ( 73,null,null,'Nidoran♀' );
insert into espece values ( 74,null,null,'Florizarre' );
insert into espece values ( 75,null,null,'Nidorina' );
insert into espece values ( 76,null,null,'Nidoqueen' );
insert into espece values ( 77,null,null,'Nidoran♂' );
insert into espece values ( 78,null,null,'Nidorino' );
insert into espece values ( 79,null,null,'Nidoking' );
insert into espece values ( 80,null,null,'Mélofée' );
insert into espece values ( 81,null,null,'Mélodelfe' );
insert into espece values ( 82,null,null,'Feunard' );
insert into espece values ( 83,null,57,'Rondoudou' );
insert into espece values ( 84,null,null,'Salamèche' );
insert into espece values ( 85,null,null,'Grodoudou' );
insert into espece values ( 86,null,null,'Nosferapti' );
insert into espece values ( 87,null,null,'Nosferalto' );
insert into espece values ( 88,null,null,'Mystherbe' );
insert into espece values ( 89,null,null,'Ortide' );
insert into espece values ( 90,null,null,'Rafflesia' );
insert into espece values ( 91,null,null,'Paras' );
insert into espece values ( 92,null,null,'Parasect' );
insert into espece values ( 93,null,null,'Mimitoss' );
insert into espece values ( 94,null,null,'Aéromite' );
insert into espece values ( 95,null,null,'Reptincel' );
insert into espece values ( 96,null,null,'Taupiqueur' );
insert into espece values ( 97,null,null,'Triopikeur' );
insert into espece values ( 98,null,null,'Miaouss' );
insert into espece values ( 99,null,null,'Persian' );
insert into espece values ( 100,null,null,'Psykokwak' );
insert into espece values ( 101,null,null,'Akwakwak' );
insert into espece values ( 102,null,null,'Férosinge' );
insert into espece values ( 103,null,null,'Colossinge' );
insert into espece values ( 104,null,73,'Caninos' );
insert into espece values ( 105,null,null,'Arcanin' );
insert into espece values ( 106,null,null,'Dracaufeu' );
insert into espece values ( 107,null,0,'Ptitard' );
insert into espece values ( 108,null,null,'Têtarte' );
insert into espece values ( 109,null,null,'Tartard' );
insert into espece values ( 110,null,null,'Abra' );
insert into espece values ( 111,null,null,'Kadabra' );
insert into espece values ( 112,null,null,'Alakazam' );
insert into espece values ( 113,null,null,'Machoc' );
insert into espece values ( 114,null,null,'Machopeur' );
insert into espece values ( 115,null,null,'Mackogneur' );
insert into espece values ( 116,null,null,'Chétiflor' );
insert into espece values ( 117,null,null,'Carapuce' );
insert into espece values ( 118,null,84,'Boustiflor' );
insert into espece values ( 119,null,null,'Empiflor' );
insert into espece values ( 120,null,null,'Tentacool' );
insert into espece values ( 121,null,null,'Tentacruel' );
insert into espece values ( 122,null,null,'Racaillou' );
insert into espece values ( 123,null,null,'Gravalanch' );
insert into espece values ( 124,null,null,'Grolem' );
insert into espece values ( 125,null,null,'Ponyta' );
insert into espece values ( 126,null,null,'Galopa' );
insert into espece values ( 127,null,null,'Carabaffe' );
insert into espece values ( 128,null,null,'Flagadoss' );
insert into espece values ( 129,null,null,'Magnéton' );
insert into espece values ( 130,null,104,'Canarticho' );
insert into espece values ( 131,null,null,'Dodrio' );
insert into espece values ( 132,null,null,'Otaria' );
insert into espece values ( 133,null,null,'Tadmorv' );
insert into espece values ( 134,null,null,'Grotadmorv' );
insert into espece values ( 135,null,null,'Kokiyas' );
insert into espece values ( 136,null,null,'Crustabri' );
insert into espece values ( 137,null,null,'Spectrum' );
insert into espece values ( 138,null,null,'Ectoplasma' );
insert into espece values ( 139,null,null,'Soporifik' );
insert into espece values ( 140,null,null,'Hypnomade' );
insert into espece values ( 141,null,null,'Krabboss' );
insert into monstropoche values ( 0,'Kaylee.Jacobson40',null,0,2,3,61,50,13,47 );
insert into monstropoche values ( 1,'Shawn.Kertzmann',87,1,1,7,17,49,83,44 );
insert into monstropoche values ( 2,'Cortez37',75,0,1,11,71,9,86,2 );
insert into monstropoche values ( 3,'Doris_Kuhlman88',18,0,1,9,4,19,65,17 );
insert into monstropoche values ( 4,'Arnold_Harber58',null,3,1,19,121,10,43,7 );
insert into monstropoche values ( 5,'Giuseppe.Cormier',87,1,0,11,50,93,5,85 );
insert into monstropoche values ( 6,'Travon.Powlowski73',null,1,0,16,36,44,22,4 );
insert into monstropoche values ( 7,'Sven.Frami48',null,0,1,9,39,14,79,7 );
insert into monstropoche values ( 8,'Delores_Mosciski',null,2,0,14,94,70,58,14 );
insert into monstropoche values ( 9,'Tia_Rippin',null,0,0,15,107,66,60,63 );
insert into monstropoche values ( 10,'Berenice.Predovic8',null,0,1,15,48,77,80,13 );
insert into monstropoche values ( 11,'Mortimer.Buckridge48',41,3,1,2,32,91,72,41 );
insert into monstropoche values ( 12,'Annabel_Hansen71',null,1,1,12,55,71,51,52 );
insert into monstropoche values ( 13,'Tavares.Larson',5,2,1,9,135,61,77,33 );
insert into monstropoche values ( 14,'Josie_Mosciski75',null,3,1,14,14,21,60,2 );
insert into monstropoche values ( 15,'Zula59',null,3,0,3,34,82,25,79 );
insert into monstropoche values ( 16,'Reanna24',67,3,2,2,34,37,42,6 );
insert into monstropoche values ( 17,'Laura_Huel',null,3,2,11,2,87,40,34 );
insert into monstropoche values ( 18,'Sabrina.Muller',null,2,0,10,135,93,35,5 );
insert into monstropoche values ( 19,'Nikolas49',null,3,1,9,139,35,7,20 );
insert into monstropoche values ( 20,'Willard_Gerlach21',32,2,2,13,91,19,2,19 );
insert into monstropoche values ( 21,'Lexie.Rice6',null,1,0,1,16,59,92,47 );
insert into monstropoche values ( 22,'Janelle.Maggio',53,1,1,16,131,14,28,2 );
insert into monstropoche values ( 23,'Pearl.Reichert',null,3,2,10,122,69,62,30 );
insert into monstropoche values ( 24,'Bernice.Roob11',null,0,2,9,94,68,89,19 );
insert into monstropoche values ( 25,'Gunner18',null,2,2,6,13,60,51,15 );
insert into monstropoche values ( 26,'Mandy_Kilback29',null,1,0,17,70,5,64,0 );
insert into monstropoche values ( 27,'Sidney23',29,3,0,2,99,33,49,18 );
insert into monstropoche values ( 28,'Eliseo_Stamm',null,0,1,13,90,88,3,29 );
insert into monstropoche values ( 29,'Sabryna32',null,3,0,14,45,4,67,0 );
insert into monstropoche values ( 30,'Chance.Koss66',null,2,2,19,41,4,55,0 );
insert into monstropoche values ( 31,'Agustin_Smith68',null,3,1,6,9,96,98,95 );
insert into monstropoche values ( 32,'David.Hahn',13,2,0,14,39,89,87,81 );
insert into monstropoche values ( 33,'Violet.Schamberger',null,0,1,13,55,36,42,17 );
insert into monstropoche values ( 34,'Oswaldo32',null,1,0,3,115,77,88,35 );
insert into monstropoche values ( 35,'Georgiana.Adams',6,3,2,8,23,76,79,40 );
insert into monstropoche values ( 36,'Jermain84',54,0,1,5,118,66,86,65 );
insert into monstropoche values ( 37,'Magnus95',40,1,0,13,69,41,75,29 );
insert into monstropoche values ( 38,'Troy81',42,3,1,4,21,81,3,11 );
insert into monstropoche values ( 39,'Ian_Glover95',null,0,1,15,102,53,88,9 );
insert into monstropoche values ( 40,'Corine_Huel83',null,1,2,0,41,13,15,9 );
insert into monstropoche values ( 41,'Karianne.Eichmann',null,2,2,4,21,17,80,0 );
insert into monstropoche values ( 42,'Glenna.Nienow',75,3,0,15,68,13,56,10 );
insert into monstropoche values ( 43,'Austen35',null,3,0,0,128,71,69,25 );
insert into monstropoche values ( 44,'Eloy.Okuneva44',64,2,1,9,76,59,85,9 );
insert into monstropoche values ( 45,'Jane69',60,1,0,11,64,83,92,50 );
insert into monstropoche values ( 46,'Barbara_Grimes',42,2,1,14,128,93,52,59 );
insert into monstropoche values ( 47,'Mateo.Mitchell',36,3,2,9,30,14,22,14 );
insert into monstropoche values ( 48,'Mireya_DAmore',70,2,0,15,9,77,6,54 );
insert into monstropoche values ( 49,'Isabella_Dooley',null,3,2,18,98,38,9,32 );
insert into monstropoche values ( 50,'Tobin48',null,3,2,4,6,50,35,48 );
insert into monstropoche values ( 51,'Shawn_Kassulke26',73,0,0,17,125,91,45,69 );
insert into monstropoche values ( 52,'Ralph0',null,3,1,8,61,28,69,5 );
insert into monstropoche values ( 53,'Dahlia17',12,2,2,0,140,62,83,30 );
insert into monstropoche values ( 54,'Rudy.Rosenbaum',null,3,2,13,139,88,84,54 );
insert into monstropoche values ( 55,'Makenna31',null,3,1,9,124,33,15,32 );
insert into monstropoche values ( 56,'Dedrick81',null,2,1,9,0,88,50,56 );
insert into monstropoche values ( 57,'Angeline_Larkin65',52,0,1,13,117,99,62,17 );
insert into monstropoche values ( 58,'Erick.Ondricka',null,0,1,18,131,44,79,37 );
insert into monstropoche values ( 59,'Paul_Nikolaus',null,0,0,1,65,6,21,2 );
insert into monstropoche values ( 60,'Lucius96',null,3,0,9,118,48,55,21 );
insert into monstropoche values ( 61,'Bennett_Schoen',56,2,1,4,99,98,5,17 );
insert into monstropoche values ( 62,'Raheem75',49,3,2,7,58,86,59,35 );
insert into monstropoche values ( 63,'Shanelle71',13,0,0,9,126,27,72,5 );
insert into monstropoche values ( 64,'Elisha_Reichel99',24,1,1,16,132,25,2,14 );
insert into monstropoche values ( 65,'Kobe.Breitenberg69',null,1,1,18,80,54,18,7 );
insert into monstropoche values ( 66,'Allan.Bergnaum43',30,1,2,15,66,77,96,49 );
insert into monstropoche values ( 67,'Luz6',null,0,0,15,136,63,56,61 );
insert into monstropoche values ( 68,'Marian_Bailey47',null,3,0,4,1,56,96,49 );
insert into monstropoche values ( 69,'Winona39',17,3,2,14,104,34,34,7 );
insert into monstropoche values ( 70,'Esther75',61,1,0,1,42,34,35,0 );
insert into monstropoche values ( 71,'Dahlia89',null,0,0,4,14,22,61,5 );
insert into monstropoche values ( 72,'Wilbert.Leffler',null,3,2,8,29,38,54,24 );
insert into monstropoche values ( 73,'Jaiden_Schroeder',null,0,2,7,134,89,30,15 );
insert into monstropoche values ( 74,'Ocie.Stiedemann',null,3,1,13,34,94,75,79 );
insert into monstropoche values ( 75,'Jovan78',13,0,2,18,138,51,0,46 );
insert into monstropoche values ( 76,'Nedra48',null,2,1,3,22,41,32,35 );
insert into monstropoche values ( 77,'Minerva.Koelpin',null,3,1,14,139,2,5,1 );
insert into monstropoche values ( 78,'Amira_Flatley',2,2,2,3,11,55,90,22 );
insert into monstropoche values ( 79,'Etha.Howe',null,3,2,3,20,30,57,30 );
insert into monstropoche values ( 80,'Trey49',46,2,2,11,97,25,27,0 );
insert into monstropoche values ( 81,'Gene_Price',null,2,1,14,105,54,22,14 );
insert into monstropoche values ( 82,'Brain25',6,0,2,18,128,28,77,11 );
insert into monstropoche values ( 83,'Alba60',null,0,1,3,47,34,76,0 );
insert into monstropoche values ( 84,'Yvette44',83,0,0,7,60,26,90,5 );
insert into monstropoche values ( 85,'Terrence9',null,0,2,1,114,25,4,17 );
insert into monstropoche values ( 86,'Susan79',53,3,0,4,118,65,23,28 );
insert into monstropoche values ( 87,'Raphael.Rodriguez87',null,2,0,15,111,91,31,81 );
insert into monstropoche values ( 88,'Claud.Bogisich71',null,3,0,16,54,29,82,17 );
insert into monstropoche values ( 89,'Porter_Harvey83',null,2,1,10,114,6,4,0 );
insert into monstropoche values ( 90,'Alverta_Altenwerth47',null,1,2,8,60,19,12,17 );
insert into monstropoche values ( 91,'Derrick_Larkin',null,0,0,10,63,77,24,32 );
insert into monstropoche values ( 92,'Palma54',84,0,1,10,8,38,71,26 );
insert into monstropoche values ( 93,'Madisyn_Pouros42',null,3,1,6,135,23,88,10 );
insert into monstropoche values ( 94,'Elvie.Morissette76',82,1,2,9,124,96,78,34 );
insert into monstropoche values ( 95,'Terrell37',null,1,2,6,34,72,2,7 );
insert into monstropoche values ( 96,'Russel.Trantow',null,0,1,10,107,93,74,66 );
insert into monstropoche values ( 97,'Janis87',35,2,1,5,43,35,9,8 );
insert into monstropoche values ( 98,'Seamus_Bednar11',null,0,1,16,92,79,60,70 );
insert into monstropoche values ( 99,'Ludie_Sauer',93,2,1,13,73,10,43,6 );
insert into objet_zone values ( 0,17 );
insert into objet_zone values ( 1,1 );
insert into objet_zone values ( 2,24 );
insert into objet_zone values ( 3,69 );
insert into objet_zone values ( 4,28 );
insert into objet_zone values ( 5,12 );
insert into objet_zone values ( 6,69 );
insert into objet_zone values ( 7,43 );
insert into objet_zone values ( 8,27 );
insert into objet_zone values ( 9,51 );
insert into objet_zone values ( 10,74 );
insert into objet_zone values ( 11,86 );
insert into objet_zone values ( 12,87 );
insert into objet_zone values ( 13,57 );
insert into objet_zone values ( 14,65 );
insert into objet_zone values ( 15,88 );
insert into objet_zone values ( 16,82 );
insert into objet_zone values ( 17,81 );
insert into objet_zone values ( 18,21 );
insert into objet_zone values ( 19,49 );
insert into objet_zone values ( 15,0 );
insert into objet_zone values ( 15,1 );
insert into objet_zone values ( 7,2 );
insert into objet_zone values ( 16,3 );
insert into objet_zone values ( 14,4 );
insert into objet_zone values ( 12,5 );
insert into objet_zone values ( 8,6 );
insert into objet_zone values ( 17,7 );
insert into objet_zone values ( 17,8 );
insert into objet_zone values ( 17,9 );
insert into objet_zone values ( 13,10 );
insert into objet_zone values ( 3,11 );
insert into objet_zone values ( 1,12 );
insert into objet_zone values ( 4,13 );
insert into objet_zone values ( 13,14 );
insert into objet_zone values ( 5,15 );
insert into objet_zone values ( 7,16 );
insert into objet_zone values ( 4,17 );
insert into objet_zone values ( 0,18 );
insert into objet_zone values ( 2,19 );
insert into objet_zone values ( 5,20 );
insert into objet_zone values ( 17,21 );
insert into objet_zone values ( 13,22 );
insert into objet_zone values ( 2,23 );
insert into objet_zone values ( 6,24 );
insert into objet_zone values ( 14,25 );
insert into objet_zone values ( 5,26 );
insert into objet_zone values ( 3,27 );
insert into objet_zone values ( 10,28 );
insert into objet_zone values ( 7,29 );
insert into objet_zone values ( 12,30 );
insert into objet_zone values ( 15,31 );
insert into objet_zone values ( 2,32 );
insert into objet_zone values ( 11,33 );
insert into objet_zone values ( 1,34 );
insert into objet_zone values ( 3,35 );
insert into objet_zone values ( 18,36 );
insert into objet_zone values ( 17,37 );
insert into objet_zone values ( 4,38 );
insert into objet_zone values ( 5,39 );
insert into objet_zone values ( 3,40 );
insert into objet_zone values ( 17,41 );
insert into objet_zone values ( 10,42 );
insert into objet_zone values ( 17,43 );
insert into objet_zone values ( 15,44 );
insert into objet_zone values ( 11,45 );
insert into objet_zone values ( 13,46 );
insert into objet_zone values ( 18,47 );
insert into objet_zone values ( 4,48 );
insert into objet_zone values ( 1,49 );
insert into objet_zone values ( 1,50 );
insert into objet_zone values ( 14,51 );
insert into objet_zone values ( 12,52 );
insert into objet_zone values ( 12,53 );
insert into objet_zone values ( 6,54 );
insert into objet_zone values ( 19,55 );
insert into objet_zone values ( 19,56 );
insert into objet_zone values ( 3,57 );
insert into objet_zone values ( 18,58 );
insert into objet_zone values ( 2,59 );
insert into objet_zone values ( 4,60 );
insert into objet_zone values ( 8,61 );
insert into objet_zone values ( 2,62 );
insert into objet_zone values ( 7,63 );
insert into objet_zone values ( 7,64 );
insert into objet_zone values ( 13,65 );
insert into objet_zone values ( 15,66 );
insert into objet_zone values ( 18,67 );
insert into objet_zone values ( 17,68 );
insert into objet_zone values ( 8,69 );
insert into objet_zone values ( 15,70 );
insert into objet_zone values ( 19,71 );
insert into objet_zone values ( 16,72 );
insert into objet_zone values ( 2,73 );
insert into objet_zone values ( 12,74 );
insert into objet_zone values ( 18,75 );
insert into objet_zone values ( 0,76 );
insert into objet_zone values ( 13,77 );
insert into objet_zone values ( 10,78 );
insert into objet_zone values ( 1,79 );
insert into objet_zone values ( 16,80 );
insert into objet_zone values ( 9,82 );
insert into objet_zone values ( 0,83 );
insert into objet_zone values ( 18,84 );
insert into objet_zone values ( 17,85 );
insert into objet_zone values ( 14,86 );
insert into objet_zone values ( 0,87 );
insert into objet_zone values ( 19,88 );
insert into espece_type values ( 0,14 );
insert into espece_type values ( 1,0 );
insert into espece_type values ( 2,3 );
insert into espece_type values ( 3,8 );
insert into espece_type values ( 4,2 );
insert into espece_type values ( 5,0 );
insert into espece_type values ( 6,2 );
insert into espece_type values ( 7,7 );
insert into espece_type values ( 8,13 );
insert into espece_type values ( 9,3 );
insert into espece_type values ( 10,3 );
insert into espece_type values ( 11,16 );
insert into espece_type values ( 12,8 );
insert into espece_type values ( 13,5 );
insert into espece_type values ( 14,2 );
insert into espece_type values ( 15,16 );
insert into espece_type values ( 16,13 );
insert into espece_type values ( 17,6 );
insert into espece_type values ( 18,4 );
insert into espece_type values ( 19,5 );
insert into espece_type values ( 20,12 );
insert into espece_type values ( 21,14 );
insert into espece_type values ( 22,16 );
insert into espece_type values ( 23,3 );
insert into espece_type values ( 24,13 );
insert into espece_type values ( 25,16 );
insert into espece_type values ( 26,0 );
insert into espece_type values ( 27,0 );
insert into espece_type values ( 28,16 );
insert into espece_type values ( 29,3 );
insert into espece_type values ( 30,5 );
insert into espece_type values ( 31,0 );
insert into espece_type values ( 32,7 );
insert into espece_type values ( 33,12 );
insert into espece_type values ( 34,2 );
insert into espece_type values ( 35,9 );
insert into espece_type values ( 36,14 );
insert into espece_type values ( 37,3 );
insert into espece_type values ( 38,0 );
insert into espece_type values ( 39,10 );
insert into espece_type values ( 40,0 );
insert into espece_type values ( 41,5 );
insert into espece_type values ( 42,9 );
insert into espece_type values ( 43,4 );
insert into espece_type values ( 44,5 );
insert into espece_type values ( 45,8 );
insert into espece_type values ( 46,11 );
insert into espece_type values ( 47,13 );
insert into espece_type values ( 48,16 );
insert into espece_type values ( 49,12 );
insert into espece_type values ( 50,5 );
insert into espece_type values ( 51,6 );
insert into espece_type values ( 52,6 );
insert into espece_type values ( 53,2 );
insert into espece_type values ( 54,4 );
insert into espece_type values ( 55,13 );
insert into espece_type values ( 56,9 );
insert into espece_type values ( 57,14 );
insert into espece_type values ( 58,6 );
insert into espece_type values ( 59,3 );
insert into espece_type values ( 60,6 );
insert into espece_type values ( 61,0 );
insert into espece_type values ( 62,8 );
insert into espece_type values ( 63,16 );
insert into espece_type values ( 64,16 );
insert into espece_type values ( 65,5 );
insert into espece_type values ( 66,15 );
insert into espece_type values ( 67,16 );
insert into espece_type values ( 68,6 );
insert into espece_type values ( 69,8 );
insert into espece_type values ( 70,0 );
insert into espece_type values ( 71,13 );
insert into espece_type values ( 72,12 );
insert into espece_type values ( 73,16 );
insert into espece_type values ( 74,2 );
insert into espece_type values ( 75,0 );
insert into espece_type values ( 76,13 );
insert into espece_type values ( 77,6 );
insert into espece_type values ( 78,3 );
insert into espece_type values ( 79,12 );
insert into espece_type values ( 80,4 );
insert into espece_type values ( 81,8 );
insert into espece_type values ( 82,0 );
insert into espece_type values ( 83,15 );
insert into espece_type values ( 84,0 );
insert into espece_type values ( 85,5 );
insert into espece_type values ( 86,4 );
insert into espece_type values ( 87,13 );
insert into espece_type values ( 88,12 );
insert into espece_type values ( 89,9 );
insert into espece_type values ( 90,3 );
insert into espece_type values ( 91,9 );
insert into espece_type values ( 92,12 );
insert into espece_type values ( 93,2 );
insert into espece_type values ( 94,1 );
insert into espece_type values ( 95,6 );
insert into espece_type values ( 96,9 );
insert into espece_type values ( 97,12 );
insert into espece_type values ( 98,6 );
insert into espece_type values ( 99,1 );
insert into espece_type values ( 100,4 );
insert into espece_type values ( 101,13 );
insert into espece_type values ( 102,1 );
insert into espece_type values ( 103,9 );
insert into espece_type values ( 104,15 );
insert into espece_type values ( 105,12 );
insert into espece_type values ( 106,11 );
insert into espece_type values ( 107,5 );
insert into espece_type values ( 108,3 );
insert into espece_type values ( 109,7 );
insert into espece_type values ( 110,13 );
insert into espece_type values ( 111,15 );
insert into espece_type values ( 112,0 );
insert into espece_type values ( 113,4 );
insert into espece_type values ( 114,14 );
insert into espece_type values ( 115,0 );
insert into espece_type values ( 116,13 );
insert into espece_type values ( 117,7 );
insert into espece_type values ( 118,16 );
insert into espece_type values ( 119,1 );
insert into espece_type values ( 120,6 );
insert into espece_type values ( 121,14 );
insert into espece_type values ( 122,7 );
insert into espece_type values ( 123,5 );
insert into espece_type values ( 124,5 );
insert into espece_type values ( 125,16 );
insert into espece_type values ( 126,16 );
insert into espece_type values ( 127,5 );
insert into espece_type values ( 128,12 );
insert into espece_type values ( 129,15 );
insert into espece_type values ( 130,8 );
insert into espece_type values ( 131,7 );
insert into espece_type values ( 132,1 );
insert into espece_type values ( 133,1 );
insert into espece_type values ( 134,13 );
insert into espece_type values ( 135,10 );
insert into espece_type values ( 136,8 );
insert into espece_type values ( 137,14 );
insert into espece_type values ( 138,15 );
insert into espece_type values ( 139,4 );
insert into espece_type values ( 140,15 );
insert into espece_type values ( 141,3 );
insert into espece_type values ( 48,0 );
insert into espece_type values ( 25,1 );
insert into espece_type values ( 135,2 );
insert into espece_type values ( 62,3 );
insert into espece_type values ( 62,4 );
insert into espece_type values ( 59,5 );
insert into espece_type values ( 138,6 );
insert into espece_type values ( 49,7 );
insert into espece_type values ( 70,8 );
insert into espece_type values ( 36,9 );
insert into espece_type values ( 54,10 );
insert into espece_type values ( 35,11 );
insert into espece_type values ( 84,12 );
insert into espece_type values ( 59,13 );
insert into espece_type values ( 56,15 );
insert into espece_type values ( 92,16 );
insert into espece_zone values ( 0,44 );
insert into espece_zone values ( 1,75 );
insert into espece_zone values ( 2,31 );
insert into espece_zone values ( 3,70 );
insert into espece_zone values ( 4,27 );
insert into espece_zone values ( 5,46 );
insert into espece_zone values ( 6,32 );
insert into espece_zone values ( 7,63 );
insert into espece_zone values ( 8,1 );
insert into espece_zone values ( 9,67 );
insert into espece_zone values ( 10,80 );
insert into espece_zone values ( 11,6 );
insert into espece_zone values ( 12,43 );
insert into espece_zone values ( 13,47 );
insert into espece_zone values ( 14,8 );
insert into espece_zone values ( 15,39 );
insert into espece_zone values ( 16,45 );
insert into espece_zone values ( 17,72 );
insert into espece_zone values ( 18,49 );
insert into espece_zone values ( 19,62 );
insert into espece_zone values ( 20,35 );
insert into espece_zone values ( 21,58 );
insert into espece_zone values ( 22,38 );
insert into espece_zone values ( 23,32 );
insert into espece_zone values ( 24,44 );
insert into espece_zone values ( 25,74 );
insert into espece_zone values ( 26,13 );
insert into espece_zone values ( 27,47 );
insert into espece_zone values ( 28,56 );
insert into espece_zone values ( 29,39 );
insert into espece_zone values ( 30,81 );
insert into espece_zone values ( 31,14 );
insert into espece_zone values ( 32,64 );
insert into espece_zone values ( 33,54 );
insert into espece_zone values ( 34,29 );
insert into espece_zone values ( 35,49 );
insert into espece_zone values ( 36,40 );
insert into espece_zone values ( 37,72 );
insert into espece_zone values ( 38,6 );
insert into espece_zone values ( 39,25 );
insert into espece_zone values ( 40,7 );
insert into espece_zone values ( 41,82 );
insert into espece_zone values ( 42,46 );
insert into espece_zone values ( 43,30 );
insert into espece_zone values ( 44,48 );
insert into espece_zone values ( 45,83 );
insert into espece_zone values ( 46,22 );
insert into espece_zone values ( 47,74 );
insert into espece_zone values ( 48,13 );
insert into espece_zone values ( 49,62 );
insert into espece_zone values ( 50,13 );
insert into espece_zone values ( 51,36 );
insert into espece_zone values ( 52,29 );
insert into espece_zone values ( 53,62 );
insert into espece_zone values ( 54,82 );
insert into espece_zone values ( 55,26 );
insert into espece_zone values ( 56,76 );
insert into espece_zone values ( 57,42 );
insert into espece_zone values ( 58,25 );
insert into espece_zone values ( 59,72 );
insert into espece_zone values ( 60,45 );
insert into espece_zone values ( 61,64 );
insert into espece_zone values ( 62,52 );
insert into espece_zone values ( 63,83 );
insert into espece_zone values ( 64,45 );
insert into espece_zone values ( 65,23 );
insert into espece_zone values ( 66,16 );
insert into espece_zone values ( 67,31 );
insert into espece_zone values ( 68,40 );
insert into espece_zone values ( 69,85 );
insert into espece_zone values ( 70,55 );
insert into espece_zone values ( 71,50 );
insert into espece_zone values ( 72,88 );
insert into espece_zone values ( 73,85 );
insert into espece_zone values ( 74,46 );
insert into espece_zone values ( 75,57 );
insert into espece_zone values ( 76,14 );
insert into espece_zone values ( 77,37 );
insert into espece_zone values ( 78,86 );
insert into espece_zone values ( 79,3 );
insert into espece_zone values ( 80,67 );
insert into espece_zone values ( 81,1 );
insert into espece_zone values ( 82,87 );
insert into espece_zone values ( 83,63 );
insert into espece_zone values ( 84,59 );
insert into espece_zone values ( 85,78 );
insert into espece_zone values ( 86,64 );
insert into espece_zone values ( 87,21 );
insert into espece_zone values ( 88,47 );
insert into espece_zone values ( 89,18 );
insert into espece_zone values ( 90,82 );
insert into espece_zone values ( 91,20 );
insert into espece_zone values ( 92,72 );
insert into espece_zone values ( 93,19 );
insert into espece_zone values ( 94,80 );
insert into espece_zone values ( 95,28 );
insert into espece_zone values ( 96,46 );
insert into espece_zone values ( 97,78 );
insert into espece_zone values ( 98,0 );
insert into espece_zone values ( 99,2 );
insert into espece_zone values ( 100,34 );
insert into espece_zone values ( 101,78 );
insert into espece_zone values ( 102,12 );
insert into espece_zone values ( 103,15 );
insert into espece_zone values ( 104,66 );
insert into espece_zone values ( 105,3 );
insert into espece_zone values ( 106,86 );
insert into espece_zone values ( 107,38 );
insert into espece_zone values ( 108,52 );
insert into espece_zone values ( 109,52 );
insert into espece_zone values ( 110,83 );
insert into espece_zone values ( 111,29 );
insert into espece_zone values ( 112,75 );
insert into espece_zone values ( 113,40 );
insert into espece_zone values ( 114,60 );
insert into espece_zone values ( 115,31 );
insert into espece_zone values ( 116,68 );
insert into espece_zone values ( 117,17 );
insert into espece_zone values ( 118,31 );
insert into espece_zone values ( 119,85 );
insert into espece_zone values ( 120,5 );
insert into espece_zone values ( 121,15 );
insert into espece_zone values ( 122,65 );
insert into espece_zone values ( 123,20 );
insert into espece_zone values ( 124,25 );
insert into espece_zone values ( 125,18 );
insert into espece_zone values ( 126,55 );
insert into espece_zone values ( 127,17 );
insert into espece_zone values ( 128,84 );
insert into espece_zone values ( 129,10 );
insert into espece_zone values ( 130,40 );
insert into espece_zone values ( 131,10 );
insert into espece_zone values ( 132,23 );
insert into espece_zone values ( 133,11 );
insert into espece_zone values ( 134,65 );
insert into espece_zone values ( 135,78 );
insert into espece_zone values ( 136,2 );
insert into espece_zone values ( 137,80 );
insert into espece_zone values ( 138,26 );
insert into espece_zone values ( 139,82 );
insert into espece_zone values ( 140,46 );
insert into espece_zone values ( 141,66 );
insert into espece_zone values ( 111,0 );
insert into espece_zone values ( 101,1 );
insert into espece_zone values ( 83,2 );
insert into espece_zone values ( 102,3 );
insert into espece_zone values ( 14,4 );
insert into espece_zone values ( 23,5 );
insert into espece_zone values ( 13,6 );
insert into espece_zone values ( 73,7 );
insert into espece_zone values ( 65,8 );
insert into espece_zone values ( 128,9 );
insert into espece_zone values ( 109,10 );
insert into espece_zone values ( 140,11 );
insert into espece_zone values ( 27,12 );
insert into espece_zone values ( 125,13 );
insert into espece_zone values ( 8,14 );
insert into espece_zone values ( 25,15 );
insert into espece_zone values ( 60,17 );
insert into espece_zone values ( 68,18 );
insert into espece_zone values ( 25,19 );
insert into espece_zone values ( 112,20 );
insert into espece_zone values ( 84,21 );
insert into espece_zone values ( 117,22 );
insert into espece_zone values ( 13,23 );
insert into espece_zone values ( 111,24 );
insert into espece_zone values ( 83,25 );
insert into espece_zone values ( 15,26 );
insert into espece_zone values ( 139,27 );
insert into espece_zone values ( 76,28 );
insert into espece_zone values ( 76,29 );
insert into espece_zone values ( 121,30 );
insert into espece_zone values ( 36,31 );
insert into espece_zone values ( 117,32 );
insert into espece_zone values ( 121,33 );
insert into espece_zone values ( 128,34 );
insert into espece_zone values ( 138,35 );
insert into espece_zone values ( 101,36 );
insert into espece_zone values ( 12,37 );
insert into espece_zone values ( 54,38 );
insert into espece_zone values ( 11,39 );
insert into espece_zone values ( 131,40 );
insert into espece_zone values ( 134,41 );
insert into espece_zone values ( 86,42 );
insert into espece_zone values ( 65,43 );
insert into espece_zone values ( 27,44 );
insert into espece_zone values ( 118,45 );
insert into espece_zone values ( 86,46 );
insert into espece_zone values ( 34,47 );
insert into espece_zone values ( 5,48 );
insert into espece_zone values ( 97,49 );
insert into espece_zone values ( 81,50 );
insert into espece_zone values ( 134,51 );
insert into espece_zone values ( 114,52 );
insert into espece_zone values ( 98,53 );
insert into espece_zone values ( 8,54 );
insert into espece_zone values ( 75,55 );
insert into espece_zone values ( 90,56 );
insert into espece_zone values ( 57,57 );
insert into espece_zone values ( 116,58 );
insert into espece_zone values ( 104,59 );
insert into espece_zone values ( 52,61 );
insert into espece_zone values ( 120,62 );
insert into espece_zone values ( 6,63 );
insert into espece_zone values ( 100,64 );
insert into espece_zone values ( 99,65 );
insert into espece_zone values ( 79,66 );
insert into espece_zone values ( 40,67 );
insert into espece_zone values ( 123,68 );
insert into espece_zone values ( 112,69 );
insert into espece_zone values ( 141,70 );
insert into espece_zone values ( 54,71 );
insert into espece_zone values ( 47,72 );
insert into espece_zone values ( 88,73 );
insert into espece_zone values ( 76,74 );
insert into espece_zone values ( 58,75 );
insert into espece_zone values ( 25,76 );
insert into espece_zone values ( 19,77 );
insert into espece_zone values ( 57,78 );
insert into espece_zone values ( 36,79 );
insert into espece_zone values ( 100,80 );
insert into espece_zone values ( 8,81 );
insert into espece_zone values ( 63,82 );
insert into espece_zone values ( 133,83 );
insert into espece_zone values ( 118,84 );
insert into espece_zone values ( 76,85 );
insert into espece_zone values ( 136,86 );
insert into espece_zone values ( 83,87 );
insert into espece_zone values ( 26,88 );
insert into monstropoche_attaque values ( 0,11 );
insert into monstropoche_attaque values ( 1,16 );
insert into monstropoche_attaque values ( 2,19 );
insert into monstropoche_attaque values ( 3,11 );
insert into monstropoche_attaque values ( 4,23 );
insert into monstropoche_attaque values ( 5,0 );
insert into monstropoche_attaque values ( 6,5 );
insert into monstropoche_attaque values ( 7,0 );
insert into monstropoche_attaque values ( 8,14 );
insert into monstropoche_attaque values ( 9,13 );
insert into monstropoche_attaque values ( 10,24 );
insert into monstropoche_attaque values ( 11,5 );
insert into monstropoche_attaque values ( 12,7 );
insert into monstropoche_attaque values ( 13,26 );
insert into monstropoche_attaque values ( 14,13 );
insert into monstropoche_attaque values ( 15,4 );
insert into monstropoche_attaque values ( 16,23 );
insert into monstropoche_attaque values ( 17,10 );
insert into monstropoche_attaque values ( 18,7 );
insert into monstropoche_attaque values ( 19,12 );
insert into monstropoche_attaque values ( 20,12 );
insert into monstropoche_attaque values ( 21,7 );
insert into monstropoche_attaque values ( 22,22 );
insert into monstropoche_attaque values ( 23,5 );
insert into monstropoche_attaque values ( 24,22 );
insert into monstropoche_attaque values ( 25,4 );
insert into monstropoche_attaque values ( 26,11 );
insert into monstropoche_attaque values ( 27,26 );
insert into monstropoche_attaque values ( 28,2 );
insert into monstropoche_attaque values ( 29,12 );
insert into monstropoche_attaque values ( 30,11 );
insert into monstropoche_attaque values ( 31,16 );
insert into monstropoche_attaque values ( 32,11 );
insert into monstropoche_attaque values ( 33,12 );
insert into monstropoche_attaque values ( 34,21 );
insert into monstropoche_attaque values ( 35,10 );
insert into monstropoche_attaque values ( 36,27 );
insert into monstropoche_attaque values ( 37,24 );
insert into monstropoche_attaque values ( 38,28 );
insert into monstropoche_attaque values ( 39,0 );
insert into monstropoche_attaque values ( 40,26 );
insert into monstropoche_attaque values ( 41,10 );
insert into monstropoche_attaque values ( 42,18 );
insert into monstropoche_attaque values ( 43,16 );
insert into monstropoche_attaque values ( 44,3 );
insert into monstropoche_attaque values ( 45,25 );
insert into monstropoche_attaque values ( 46,6 );
insert into monstropoche_attaque values ( 47,6 );
insert into monstropoche_attaque values ( 48,14 );
insert into monstropoche_attaque values ( 49,19 );
insert into monstropoche_attaque values ( 50,19 );
insert into monstropoche_attaque values ( 51,6 );
insert into monstropoche_attaque values ( 52,0 );
insert into monstropoche_attaque values ( 53,0 );
insert into monstropoche_attaque values ( 54,28 );
insert into monstropoche_attaque values ( 55,1 );
insert into monstropoche_attaque values ( 56,1 );
insert into monstropoche_attaque values ( 57,2 );
insert into monstropoche_attaque values ( 58,22 );
insert into monstropoche_attaque values ( 59,11 );
insert into monstropoche_attaque values ( 60,4 );
insert into monstropoche_attaque values ( 61,17 );
insert into monstropoche_attaque values ( 62,21 );
insert into monstropoche_attaque values ( 63,7 );
insert into monstropoche_attaque values ( 64,15 );
insert into monstropoche_attaque values ( 65,24 );
insert into monstropoche_attaque values ( 66,7 );
insert into monstropoche_attaque values ( 67,7 );
insert into monstropoche_attaque values ( 68,13 );
insert into monstropoche_attaque values ( 69,6 );
insert into monstropoche_attaque values ( 70,19 );
insert into monstropoche_attaque values ( 71,3 );
insert into monstropoche_attaque values ( 72,22 );
insert into monstropoche_attaque values ( 73,17 );
insert into monstropoche_attaque values ( 74,16 );
insert into monstropoche_attaque values ( 75,27 );
insert into monstropoche_attaque values ( 76,20 );
insert into monstropoche_attaque values ( 77,7 );
insert into monstropoche_attaque values ( 78,10 );
insert into monstropoche_attaque values ( 79,20 );
insert into monstropoche_attaque values ( 80,18 );
insert into monstropoche_attaque values ( 81,19 );
insert into monstropoche_attaque values ( 82,20 );
insert into monstropoche_attaque values ( 83,19 );
insert into monstropoche_attaque values ( 84,6 );
insert into monstropoche_attaque values ( 85,20 );
insert into monstropoche_attaque values ( 86,25 );
insert into monstropoche_attaque values ( 87,19 );
insert into monstropoche_attaque values ( 88,19 );
insert into monstropoche_attaque values ( 89,23 );
insert into monstropoche_attaque values ( 90,0 );
insert into monstropoche_attaque values ( 91,26 );
insert into monstropoche_attaque values ( 92,13 );
insert into monstropoche_attaque values ( 93,23 );
insert into monstropoche_attaque values ( 94,9 );
insert into monstropoche_attaque values ( 95,27 );
insert into monstropoche_attaque values ( 96,13 );
insert into monstropoche_attaque values ( 97,24 );
insert into monstropoche_attaque values ( 98,26 );
insert into monstropoche_attaque values ( 99,9 );
insert into monstropoche_attaque values ( 45,0 );
insert into monstropoche_attaque values ( 27,1 );
insert into monstropoche_attaque values ( 56,2 );
insert into monstropoche_attaque values ( 17,4 );
insert into monstropoche_attaque values ( 12,5 );
insert into monstropoche_attaque values ( 15,7 );
insert into monstropoche_attaque values ( 48,8 );
insert into monstropoche_attaque values ( 14,9 );
insert into monstropoche_attaque values ( 24,10 );
insert into monstropoche_attaque values ( 14,11 );
insert into monstropoche_attaque values ( 61,12 );
insert into monstropoche_attaque values ( 62,13 );
insert into monstropoche_attaque values ( 57,14 );
insert into monstropoche_attaque values ( 99,15 );
insert into monstropoche_attaque values ( 75,16 );
insert into monstropoche_attaque values ( 19,17 );
insert into monstropoche_attaque values ( 26,18 );
insert into monstropoche_attaque values ( 58,19 );
insert into monstropoche_attaque values ( 55,20 );
insert into monstropoche_attaque values ( 97,21 );
insert into monstropoche_attaque values ( 67,22 );
insert into monstropoche_attaque values ( 72,23 );
insert into monstropoche_attaque values ( 96,24 );
insert into monstropoche_attaque values ( 49,25 );
insert into monstropoche_attaque values ( 43,26 );
insert into monstropoche_attaque values ( 30,27 );
insert into monstropoche_attaque values ( 89,28 );
